Asset_Management.Animation_Curves.animcurve_channel_evaluate	animcurve_channel_evaluate	function	animcurve_channel_evaluate(channel_struct, posx);	https://manual.gamemaker.io/monthly/en/GameMaker_Language/GML_Reference/Asset_Management/Animation_Curves/animcurve_channel_evaluate.htm
Asset_Management.Animation_Curves.animcurve_channel_new	animcurve_channel_new	function	animcurve_channel_new();	https://manual.gamemaker.io/monthly/en/GameMaker_Language/GML_Reference/Asset_Management/Animation_Curves/animcurve_channel_new.htm
Asset_Management.Animation_Curves.animcurve_create	animcurve_create	function	animcurve_create();	https://manual.gamemaker.io/monthly/en/GameMaker_Language/GML_Reference/Asset_Management/Animation_Curves/animcurve_create.htm
Asset_Management.Animation_Curves.animcurve_destroy	animcurve_destroy	function	animcurve_destroy(curve_struct);	https://manual.gamemaker.io/monthly/en/GameMaker_Language/GML_Reference/Asset_Management/Animation_Curves/animcurve_destroy.htm
Asset_Management.Animation_Curves.animcurve_exists	animcurve_exists	function	animcurve_exists(curve_struct_or_id);	https://manual.gamemaker.io/monthly/en/GameMaker_Language/GML_Reference/Asset_Management/Animation_Curves/animcurve_exists.htm
Asset_Management.Animation_Curves.animcurve_get	animcurve_get	function	animcurve_get(curve_id);	https://manual.gamemaker.io/monthly/en/GameMaker_Language/GML_Reference/Asset_Management/Animation_Curves/animcurve_get.htm
Asset_Management.Animation_Curves.animcurve_get_channel	animcurve_get_channel	function	animcurve_get_channel(curve_struct_or_id, channel_name_or_index);	https://manual.gamemaker.io/monthly/en/GameMaker_Language/GML_Reference/Asset_Management/Animation_Curves/animcurve_get_channel.htm
Asset_Management.Animation_Curves.animcurve_get_channel_index	animcurve_get_channel_index	function	animcurve_get_channel_index(curve_struct_or_id, channel_name);	https://manual.gamemaker.io/monthly/en/GameMaker_Language/GML_Reference/Asset_Management/Animation_Curves/animcurve_get_channel_index.htm
Asset_Management.Animation_Curves.animcurve_point_new	animcurve_point_new	function	animcurve_point_new();	https://manual.gamemaker.io/monthly/en/GameMaker_Language/GML_Reference/Asset_Management/Animation_Curves/animcurve_point_new.htm
Asset_Management.Animation_Curves.animcurvetype_catmullrom	animcurvetype_catmullrom	constant	animcurvetype_catmullrom	https://manual.gamemaker.io/monthly/en/GameMaker_Language/GML_Reference/Asset_Management/Animation_Curves/animcurve_channel_new.htm
Asset_Management.Animation_Curves.animcurvetype_linear	animcurvetype_linear	constant	animcurvetype_linear	https://manual.gamemaker.io/monthly/en/GameMaker_Language/GML_Reference/Asset_Management/Animation_Curves/animcurve_channel_new.htm
Asset_Management.Assets_And_Tags.asset_add_tags	asset_add_tags	function	asset_add_tags(name_or_index, tags, [asset_type]);	https://manual.gamemaker.io/monthly/en/GameMaker_Language/GML_Reference/Asset_Management/Assets_And_Tags/asset_add_tags.htm
Asset_Management.Assets_And_Tags.asset_add_tags	asset_add_tags	function	asset_add_tags(name_or_index, tags, [asset_type]);	https://manual.gamemaker.io/monthly/en/GameMaker_Language/GML_Reference/Asset_Management/Assets_And_Tags/asset_add_tags.htm
Asset_Management.Assets_And_Tags.asset_add_tags	asset_add_tags	function	asset_add_tags(name_or_index, tags, [asset_type]);	https://manual.gamemaker.io/monthly/en/GameMaker_Language/GML_Reference/Asset_Management/Assets_And_Tags/asset_add_tags.htm
Asset_Management.Assets_And_Tags.asset_add_tags	asset_add_tags	function	asset_add_tags(name_or_index, tags, [asset_type]);	https://manual.gamemaker.io/monthly/en/GameMaker_Language/GML_Reference/Asset_Management/Assets_And_Tags/asset_add_tags.htm
Asset_Management.Assets_And_Tags.asset_add_tags	asset_add_tags	function	asset_add_tags(name_or_index, tags, [asset_type]);	https://manual.gamemaker.io/monthly/en/GameMaker_Language/GML_Reference/Asset_Management/Assets_And_Tags/asset_add_tags.htm
Asset_Management.Assets_And_Tags.asset_add_tags	asset_add_tags	function	asset_add_tags(name_or_index, tags, [asset_type]);	https://manual.gamemaker.io/monthly/en/GameMaker_Language/GML_Reference/Asset_Management/Assets_And_Tags/asset_add_tags.htm
Asset_Management.Assets_And_Tags.asset_add_tags	asset_add_tags	function	asset_add_tags(name_or_index, tags, [asset_type]);	https://manual.gamemaker.io/monthly/en/GameMaker_Language/GML_Reference/Asset_Management/Assets_And_Tags/asset_add_tags.htm
Asset_Management.Assets_And_Tags.asset_add_tags	asset_add_tags	function	asset_add_tags(name_or_index, tags, [asset_type]);	https://manual.gamemaker.io/monthly/en/GameMaker_Language/GML_Reference/Asset_Management/Assets_And_Tags/asset_add_tags.htm
Asset_Management.Assets_And_Tags.asset_add_tags	asset_add_tags	function	asset_add_tags(name_or_index, tags, [asset_type]);	https://manual.gamemaker.io/monthly/en/GameMaker_Language/GML_Reference/Asset_Management/Assets_And_Tags/asset_add_tags.htm
Asset_Management.Assets_And_Tags.asset_add_tags	asset_add_tags	function	asset_add_tags(name_or_index, tags, [asset_type]);	https://manual.gamemaker.io/monthly/en/GameMaker_Language/GML_Reference/Asset_Management/Assets_And_Tags/asset_add_tags.htm
Asset_Management.Assets_And_Tags.asset_add_tags	asset_add_tags	function	asset_add_tags(name_or_index, tags, [asset_type]);	https://manual.gamemaker.io/monthly/en/GameMaker_Language/GML_Reference/Asset_Management/Assets_And_Tags/asset_add_tags.htm
Asset_Management.Assets_And_Tags.asset_add_tags	asset_add_tags	function	asset_add_tags(name_or_index, tags, [asset_type]);	https://manual.gamemaker.io/monthly/en/GameMaker_Language/GML_Reference/Asset_Management/Assets_And_Tags/asset_add_tags.htm
Asset_Management.Assets_And_Tags.asset_add_tags	asset_add_tags	function	asset_add_tags(name_or_index, tags, [asset_type]);	https://manual.gamemaker.io/monthly/en/GameMaker_Language/GML_Reference/Asset_Management/Assets_And_Tags/asset_add_tags.htm
Asset_Management.Assets_And_Tags.asset_add_tags	asset_add_tags	function	asset_add_tags(name_or_index, tags, [asset_type]);	https://manual.gamemaker.io/monthly/en/GameMaker_Language/GML_Reference/Asset_Management/Assets_And_Tags/asset_add_tags.htm
Asset_Management.Assets_And_Tags.asset_clear_tags	asset_clear_tags	function	asset_clear_tags(name,[asset_type]);	https://manual.gamemaker.io/monthly/en/GameMaker_Language/GML_Reference/Asset_Management/Assets_And_Tags/asset_clear_tags.htm
Asset_Management.Assets_And_Tags.asset_clear_tags	asset_clear_tags	function	asset_clear_tags(name,[asset_type]);	https://manual.gamemaker.io/monthly/en/GameMaker_Language/GML_Reference/Asset_Management/Assets_And_Tags/asset_clear_tags.htm
Asset_Management.Assets_And_Tags.asset_clear_tags	asset_clear_tags	function	asset_clear_tags(name,[asset_type]);	https://manual.gamemaker.io/monthly/en/GameMaker_Language/GML_Reference/Asset_Management/Assets_And_Tags/asset_clear_tags.htm
Asset_Management.Assets_And_Tags.asset_clear_tags	asset_clear_tags	function	asset_clear_tags(name,[asset_type]);	https://manual.gamemaker.io/monthly/en/GameMaker_Language/GML_Reference/Asset_Management/Assets_And_Tags/asset_clear_tags.htm
Asset_Management.Assets_And_Tags.asset_clear_tags	asset_clear_tags	function	asset_clear_tags(name,[asset_type]);	https://manual.gamemaker.io/monthly/en/GameMaker_Language/GML_Reference/Asset_Management/Assets_And_Tags/asset_clear_tags.htm
Asset_Management.Assets_And_Tags.asset_clear_tags	asset_clear_tags	function	asset_clear_tags(name,[asset_type]);	https://manual.gamemaker.io/monthly/en/GameMaker_Language/GML_Reference/Asset_Management/Assets_And_Tags/asset_clear_tags.htm
Asset_Management.Assets_And_Tags.asset_clear_tags	asset_clear_tags	function	asset_clear_tags(name,[asset_type]);	https://manual.gamemaker.io/monthly/en/GameMaker_Language/GML_Reference/Asset_Management/Assets_And_Tags/asset_clear_tags.htm
Asset_Management.Assets_And_Tags.asset_clear_tags	asset_clear_tags	function	asset_clear_tags(name,[asset_type]);	https://manual.gamemaker.io/monthly/en/GameMaker_Language/GML_Reference/Asset_Management/Assets_And_Tags/asset_clear_tags.htm
Asset_Management.Assets_And_Tags.asset_clear_tags	asset_clear_tags	function	asset_clear_tags(name,[asset_type]);	https://manual.gamemaker.io/monthly/en/GameMaker_Language/GML_Reference/Asset_Management/Assets_And_Tags/asset_clear_tags.htm
Asset_Management.Assets_And_Tags.asset_clear_tags	asset_clear_tags	function	asset_clear_tags(name,[asset_type]);	https://manual.gamemaker.io/monthly/en/GameMaker_Language/GML_Reference/Asset_Management/Assets_And_Tags/asset_clear_tags.htm
Asset_Management.Assets_And_Tags.asset_clear_tags	asset_clear_tags	function	asset_clear_tags(name,[asset_type]);	https://manual.gamemaker.io/monthly/en/GameMaker_Language/GML_Reference/Asset_Management/Assets_And_Tags/asset_clear_tags.htm
Asset_Management.Assets_And_Tags.asset_clear_tags	asset_clear_tags	function	asset_clear_tags(name,[asset_type]);	https://manual.gamemaker.io/monthly/en/GameMaker_Language/GML_Reference/Asset_Management/Assets_And_Tags/asset_clear_tags.htm
Asset_Management.Assets_And_Tags.asset_clear_tags	asset_clear_tags	function	asset_clear_tags(name,[asset_type]);	https://manual.gamemaker.io/monthly/en/GameMaker_Language/GML_Reference/Asset_Management/Assets_And_Tags/asset_clear_tags.htm
Asset_Management.Assets_And_Tags.asset_get_ids	asset_get_ids	function	asset_get_ids(asset_type);	https://manual.gamemaker.io/monthly/en/GameMaker_Language/GML_Reference/Asset_Management/Assets_And_Tags/asset_get_ids.htm
Asset_Management.Assets_And_Tags.asset_get_index	asset_get_index	function	asset_get_index(name);	https://manual.gamemaker.io/monthly/en/GameMaker_Language/GML_Reference/Asset_Management/Assets_And_Tags/asset_get_index.htm
Asset_Management.Assets_And_Tags.asset_get_tags	asset_get_tags	function	asset_get_tags(name_or_index, [asset_type]);	https://manual.gamemaker.io/monthly/en/GameMaker_Language/GML_Reference/Asset_Management/Assets_And_Tags/asset_get_tags.htm
Asset_Management.Assets_And_Tags.asset_get_tags	asset_get_tags	function	asset_get_tags(name_or_index, [asset_type]);	https://manual.gamemaker.io/monthly/en/GameMaker_Language/GML_Reference/Asset_Management/Assets_And_Tags/asset_get_tags.htm
Asset_Management.Assets_And_Tags.asset_get_tags	asset_get_tags	function	asset_get_tags(name_or_index, [asset_type]);	https://manual.gamemaker.io/monthly/en/GameMaker_Language/GML_Reference/Asset_Management/Assets_And_Tags/asset_get_tags.htm
Asset_Management.Assets_And_Tags.asset_get_tags	asset_get_tags	function	asset_get_tags(name_or_index, [asset_type]);	https://manual.gamemaker.io/monthly/en/GameMaker_Language/GML_Reference/Asset_Management/Assets_And_Tags/asset_get_tags.htm
Asset_Management.Assets_And_Tags.asset_get_tags	asset_get_tags	function	asset_get_tags(name_or_index, [asset_type]);	https://manual.gamemaker.io/monthly/en/GameMaker_Language/GML_Reference/Asset_Management/Assets_And_Tags/asset_get_tags.htm
Asset_Management.Assets_And_Tags.asset_get_tags	asset_get_tags	function	asset_get_tags(name_or_index, [asset_type]);	https://manual.gamemaker.io/monthly/en/GameMaker_Language/GML_Reference/Asset_Management/Assets_And_Tags/asset_get_tags.htm
Asset_Management.Assets_And_Tags.asset_get_tags	asset_get_tags	function	asset_get_tags(name_or_index, [asset_type]);	https://manual.gamemaker.io/monthly/en/GameMaker_Language/GML_Reference/Asset_Management/Assets_And_Tags/asset_get_tags.htm
Asset_Management.Assets_And_Tags.asset_get_tags	asset_get_tags	function	asset_get_tags(name_or_index, [asset_type]);	https://manual.gamemaker.io/monthly/en/GameMaker_Language/GML_Reference/Asset_Management/Assets_And_Tags/asset_get_tags.htm
Asset_Management.Assets_And_Tags.asset_get_tags	asset_get_tags	function	asset_get_tags(name_or_index, [asset_type]);	https://manual.gamemaker.io/monthly/en/GameMaker_Language/GML_Reference/Asset_Management/Assets_And_Tags/asset_get_tags.htm
Asset_Management.Assets_And_Tags.asset_get_tags	asset_get_tags	function	asset_get_tags(name_or_index, [asset_type]);	https://manual.gamemaker.io/monthly/en/GameMaker_Language/GML_Reference/Asset_Management/Assets_And_Tags/asset_get_tags.htm
Asset_Management.Assets_And_Tags.asset_get_tags	asset_get_tags	function	asset_get_tags(name_or_index, [asset_type]);	https://manual.gamemaker.io/monthly/en/GameMaker_Language/GML_Reference/Asset_Management/Assets_And_Tags/asset_get_tags.htm
Asset_Management.Assets_And_Tags.asset_get_tags	asset_get_tags	function	asset_get_tags(name_or_index, [asset_type]);	https://manual.gamemaker.io/monthly/en/GameMaker_Language/GML_Reference/Asset_Management/Assets_And_Tags/asset_get_tags.htm
Asset_Management.Assets_And_Tags.asset_get_tags	asset_get_tags	function	asset_get_tags(name_or_index, [asset_type]);	https://manual.gamemaker.io/monthly/en/GameMaker_Language/GML_Reference/Asset_Management/Assets_And_Tags/asset_get_tags.htm
Asset_Management.Assets_And_Tags.asset_get_type	asset_get_type	function	asset_get_type(name_or_ref);	https://manual.gamemaker.io/monthly/en/GameMaker_Language/GML_Reference/Asset_Management/Assets_And_Tags/asset_get_type.htm
Asset_Management.Assets_And_Tags.asset_get_type	asset_get_type	function	asset_get_type(name_or_ref);	https://manual.gamemaker.io/monthly/en/GameMaker_Language/GML_Reference/Asset_Management/Assets_And_Tags/asset_get_type.htm
Asset_Management.Assets_And_Tags.asset_get_type	asset_get_type	function	asset_get_type(name_or_ref);	https://manual.gamemaker.io/monthly/en/GameMaker_Language/GML_Reference/Asset_Management/Assets_And_Tags/asset_get_type.htm
Asset_Management.Assets_And_Tags.asset_get_type	asset_get_type	function	asset_get_type(name_or_ref);	https://manual.gamemaker.io/monthly/en/GameMaker_Language/GML_Reference/Asset_Management/Assets_And_Tags/asset_get_type.htm
Asset_Management.Assets_And_Tags.asset_get_type	asset_get_type	function	asset_get_type(name_or_ref);	https://manual.gamemaker.io/monthly/en/GameMaker_Language/GML_Reference/Asset_Management/Assets_And_Tags/asset_get_type.htm
Asset_Management.Assets_And_Tags.asset_get_type	asset_get_type	function	asset_get_type(name_or_ref);	https://manual.gamemaker.io/monthly/en/GameMaker_Language/GML_Reference/Asset_Management/Assets_And_Tags/asset_get_type.htm
Asset_Management.Assets_And_Tags.asset_get_type	asset_get_type	function	asset_get_type(name_or_ref);	https://manual.gamemaker.io/monthly/en/GameMaker_Language/GML_Reference/Asset_Management/Assets_And_Tags/asset_get_type.htm
Asset_Management.Assets_And_Tags.asset_get_type	asset_get_type	function	asset_get_type(name_or_ref);	https://manual.gamemaker.io/monthly/en/GameMaker_Language/GML_Reference/Asset_Management/Assets_And_Tags/asset_get_type.htm
Asset_Management.Assets_And_Tags.asset_get_type	asset_get_type	function	asset_get_type(name_or_ref);	https://manual.gamemaker.io/monthly/en/GameMaker_Language/GML_Reference/Asset_Management/Assets_And_Tags/asset_get_type.htm
Asset_Management.Assets_And_Tags.asset_get_type	asset_get_type	function	asset_get_type(name_or_ref);	https://manual.gamemaker.io/monthly/en/GameMaker_Language/GML_Reference/Asset_Management/Assets_And_Tags/asset_get_type.htm
Asset_Management.Assets_And_Tags.asset_get_type	asset_get_type	function	asset_get_type(name_or_ref);	https://manual.gamemaker.io/monthly/en/GameMaker_Language/GML_Reference/Asset_Management/Assets_And_Tags/asset_get_type.htm
Asset_Management.Assets_And_Tags.asset_get_type	asset_get_type	function	asset_get_type(name_or_ref);	https://manual.gamemaker.io/monthly/en/GameMaker_Language/GML_Reference/Asset_Management/Assets_And_Tags/asset_get_type.htm
Asset_Management.Assets_And_Tags.asset_get_type	asset_get_type	function	asset_get_type(name_or_ref);	https://manual.gamemaker.io/monthly/en/GameMaker_Language/GML_Reference/Asset_Management/Assets_And_Tags/asset_get_type.htm
Asset_Management.Assets_And_Tags.asset_get_type	asset_get_type	function	asset_get_type(name_or_ref);	https://manual.gamemaker.io/monthly/en/GameMaker_Language/GML_Reference/Asset_Management/Assets_And_Tags/asset_get_type.htm
Asset_Management.Assets_And_Tags.asset_has_any_tag	asset_has_any_tag	function	asset_has_any_tag(name_or_index, tags, [asset_type]);	https://manual.gamemaker.io/monthly/en/GameMaker_Language/GML_Reference/Asset_Management/Assets_And_Tags/asset_has_any_tag.htm
Asset_Management.Assets_And_Tags.asset_has_any_tag	asset_has_any_tag	function	asset_has_any_tag(name_or_index, tags, [asset_type]);	https://manual.gamemaker.io/monthly/en/GameMaker_Language/GML_Reference/Asset_Management/Assets_And_Tags/asset_has_any_tag.htm
Asset_Management.Assets_And_Tags.asset_has_any_tag	asset_has_any_tag	function	asset_has_any_tag(name_or_index, tags, [asset_type]);	https://manual.gamemaker.io/monthly/en/GameMaker_Language/GML_Reference/Asset_Management/Assets_And_Tags/asset_has_any_tag.htm
Asset_Management.Assets_And_Tags.asset_has_any_tag	asset_has_any_tag	function	asset_has_any_tag(name_or_index, tags, [asset_type]);	https://manual.gamemaker.io/monthly/en/GameMaker_Language/GML_Reference/Asset_Management/Assets_And_Tags/asset_has_any_tag.htm
Asset_Management.Assets_And_Tags.asset_has_any_tag	asset_has_any_tag	function	asset_has_any_tag(name_or_index, tags, [asset_type]);	https://manual.gamemaker.io/monthly/en/GameMaker_Language/GML_Reference/Asset_Management/Assets_And_Tags/asset_has_any_tag.htm
Asset_Management.Assets_And_Tags.asset_has_any_tag	asset_has_any_tag	function	asset_has_any_tag(name_or_index, tags, [asset_type]);	https://manual.gamemaker.io/monthly/en/GameMaker_Language/GML_Reference/Asset_Management/Assets_And_Tags/asset_has_any_tag.htm
Asset_Management.Assets_And_Tags.asset_has_any_tag	asset_has_any_tag	function	asset_has_any_tag(name_or_index, tags, [asset_type]);	https://manual.gamemaker.io/monthly/en/GameMaker_Language/GML_Reference/Asset_Management/Assets_And_Tags/asset_has_any_tag.htm
Asset_Management.Assets_And_Tags.asset_has_any_tag	asset_has_any_tag	function	asset_has_any_tag(name_or_index, tags, [asset_type]);	https://manual.gamemaker.io/monthly/en/GameMaker_Language/GML_Reference/Asset_Management/Assets_And_Tags/asset_has_any_tag.htm
Asset_Management.Assets_And_Tags.asset_has_any_tag	asset_has_any_tag	function	asset_has_any_tag(name_or_index, tags, [asset_type]);	https://manual.gamemaker.io/monthly/en/GameMaker_Language/GML_Reference/Asset_Management/Assets_And_Tags/asset_has_any_tag.htm
Asset_Management.Assets_And_Tags.asset_has_any_tag	asset_has_any_tag	function	asset_has_any_tag(name_or_index, tags, [asset_type]);	https://manual.gamemaker.io/monthly/en/GameMaker_Language/GML_Reference/Asset_Management/Assets_And_Tags/asset_has_any_tag.htm
Asset_Management.Assets_And_Tags.asset_has_any_tag	asset_has_any_tag	function	asset_has_any_tag(name_or_index, tags, [asset_type]);	https://manual.gamemaker.io/monthly/en/GameMaker_Language/GML_Reference/Asset_Management/Assets_And_Tags/asset_has_any_tag.htm
Asset_Management.Assets_And_Tags.asset_has_any_tag	asset_has_any_tag	function	asset_has_any_tag(name_or_index, tags, [asset_type]);	https://manual.gamemaker.io/monthly/en/GameMaker_Language/GML_Reference/Asset_Management/Assets_And_Tags/asset_has_any_tag.htm
Asset_Management.Assets_And_Tags.asset_has_tags	asset_has_tags	function	asset_has_tags(name_or_index, tags, [asset_type]);	https://manual.gamemaker.io/monthly/en/GameMaker_Language/GML_Reference/Asset_Management/Assets_And_Tags/asset_has_tags.htm
Asset_Management.Assets_And_Tags.asset_has_tags	asset_has_tags	function	asset_has_tags(name_or_index, tags, [asset_type]);	https://manual.gamemaker.io/monthly/en/GameMaker_Language/GML_Reference/Asset_Management/Assets_And_Tags/asset_has_tags.htm
Asset_Management.Assets_And_Tags.asset_has_tags	asset_has_tags	function	asset_has_tags(name_or_index, tags, [asset_type]);	https://manual.gamemaker.io/monthly/en/GameMaker_Language/GML_Reference/Asset_Management/Assets_And_Tags/asset_has_tags.htm
Asset_Management.Assets_And_Tags.asset_has_tags	asset_has_tags	function	asset_has_tags(name_or_index, tags, [asset_type]);	https://manual.gamemaker.io/monthly/en/GameMaker_Language/GML_Reference/Asset_Management/Assets_And_Tags/asset_has_tags.htm
Asset_Management.Assets_And_Tags.asset_has_tags	asset_has_tags	function	asset_has_tags(name_or_index, tags, [asset_type]);	https://manual.gamemaker.io/monthly/en/GameMaker_Language/GML_Reference/Asset_Management/Assets_And_Tags/asset_has_tags.htm
Asset_Management.Assets_And_Tags.asset_has_tags	asset_has_tags	function	asset_has_tags(name_or_index, tags, [asset_type]);	https://manual.gamemaker.io/monthly/en/GameMaker_Language/GML_Reference/Asset_Management/Assets_And_Tags/asset_has_tags.htm
Asset_Management.Assets_And_Tags.asset_has_tags	asset_has_tags	function	asset_has_tags(name_or_index, tags, [asset_type]);	https://manual.gamemaker.io/monthly/en/GameMaker_Language/GML_Reference/Asset_Management/Assets_And_Tags/asset_has_tags.htm
Asset_Management.Assets_And_Tags.asset_has_tags	asset_has_tags	function	asset_has_tags(name_or_index, tags, [asset_type]);	https://manual.gamemaker.io/monthly/en/GameMaker_Language/GML_Reference/Asset_Management/Assets_And_Tags/asset_has_tags.htm
Asset_Management.Assets_And_Tags.asset_has_tags	asset_has_tags	function	asset_has_tags(name_or_index, tags, [asset_type]);	https://manual.gamemaker.io/monthly/en/GameMaker_Language/GML_Reference/Asset_Management/Assets_And_Tags/asset_has_tags.htm
Asset_Management.Assets_And_Tags.asset_has_tags	asset_has_tags	function	asset_has_tags(name_or_index, tags, [asset_type]);	https://manual.gamemaker.io/monthly/en/GameMaker_Language/GML_Reference/Asset_Management/Assets_And_Tags/asset_has_tags.htm
Asset_Management.Assets_And_Tags.asset_has_tags	asset_has_tags	function	asset_has_tags(name_or_index, tags, [asset_type]);	https://manual.gamemaker.io/monthly/en/GameMaker_Language/GML_Reference/Asset_Management/Assets_And_Tags/asset_has_tags.htm
Asset_Management.Assets_And_Tags.asset_has_tags	asset_has_tags	function	asset_has_tags(name_or_index, tags, [asset_type]);	https://manual.gamemaker.io/monthly/en/GameMaker_Language/GML_Reference/Asset_Management/Assets_And_Tags/asset_has_tags.htm
Asset_Management.Assets_And_Tags.asset_has_tags	asset_has_tags	function	asset_has_tags(name_or_index, tags, [asset_type]);	https://manual.gamemaker.io/monthly/en/GameMaker_Language/GML_Reference/Asset_Management/Assets_And_Tags/asset_has_tags.htm
Asset_Management.Assets_And_Tags.asset_particlesystem	asset_particlesystem	constant	asset_particlesystem	https://manual.gamemaker.io/monthly/en/GameMaker_Language/GML_Reference/Asset_Management/Assets_And_Tags/asset_add_tags.htm
Asset_Management.Assets_And_Tags.asset_remove_tags	asset_remove_tags	function	asset_remove_tags(name_or_index, tags, [asset_type]);	https://manual.gamemaker.io/monthly/en/GameMaker_Language/GML_Reference/Asset_Management/Assets_And_Tags/asset_remove_tags.htm
Asset_Management.Assets_And_Tags.asset_remove_tags	asset_remove_tags	function	asset_remove_tags(name_or_index, tags, [asset_type]);	https://manual.gamemaker.io/monthly/en/GameMaker_Language/GML_Reference/Asset_Management/Assets_And_Tags/asset_remove_tags.htm
Asset_Management.Assets_And_Tags.asset_remove_tags	asset_remove_tags	function	asset_remove_tags(name_or_index, tags, [asset_type]);	https://manual.gamemaker.io/monthly/en/GameMaker_Language/GML_Reference/Asset_Management/Assets_And_Tags/asset_remove_tags.htm
Asset_Management.Assets_And_Tags.asset_remove_tags	asset_remove_tags	function	asset_remove_tags(name_or_index, tags, [asset_type]);	https://manual.gamemaker.io/monthly/en/GameMaker_Language/GML_Reference/Asset_Management/Assets_And_Tags/asset_remove_tags.htm
Asset_Management.Assets_And_Tags.asset_remove_tags	asset_remove_tags	function	asset_remove_tags(name_or_index, tags, [asset_type]);	https://manual.gamemaker.io/monthly/en/GameMaker_Language/GML_Reference/Asset_Management/Assets_And_Tags/asset_remove_tags.htm
Asset_Management.Assets_And_Tags.asset_remove_tags	asset_remove_tags	function	asset_remove_tags(name_or_index, tags, [asset_type]);	https://manual.gamemaker.io/monthly/en/GameMaker_Language/GML_Reference/Asset_Management/Assets_And_Tags/asset_remove_tags.htm
Asset_Management.Assets_And_Tags.asset_remove_tags	asset_remove_tags	function	asset_remove_tags(name_or_index, tags, [asset_type]);	https://manual.gamemaker.io/monthly/en/GameMaker_Language/GML_Reference/Asset_Management/Assets_And_Tags/asset_remove_tags.htm
Asset_Management.Assets_And_Tags.asset_remove_tags	asset_remove_tags	function	asset_remove_tags(name_or_index, tags, [asset_type]);	https://manual.gamemaker.io/monthly/en/GameMaker_Language/GML_Reference/Asset_Management/Assets_And_Tags/asset_remove_tags.htm
Asset_Management.Assets_And_Tags.asset_remove_tags	asset_remove_tags	function	asset_remove_tags(name_or_index, tags, [asset_type]);	https://manual.gamemaker.io/monthly/en/GameMaker_Language/GML_Reference/Asset_Management/Assets_And_Tags/asset_remove_tags.htm
Asset_Management.Assets_And_Tags.asset_remove_tags	asset_remove_tags	function	asset_remove_tags(name_or_index, tags, [asset_type]);	https://manual.gamemaker.io/monthly/en/GameMaker_Language/GML_Reference/Asset_Management/Assets_And_Tags/asset_remove_tags.htm
Asset_Management.Assets_And_Tags.asset_remove_tags	asset_remove_tags	function	asset_remove_tags(name_or_index, tags, [asset_type]);	https://manual.gamemaker.io/monthly/en/GameMaker_Language/GML_Reference/Asset_Management/Assets_And_Tags/asset_remove_tags.htm
Asset_Management.Assets_And_Tags.asset_remove_tags	asset_remove_tags	function	asset_remove_tags(name_or_index, tags, [asset_type]);	https://manual.gamemaker.io/monthly/en/GameMaker_Language/GML_Reference/Asset_Management/Assets_And_Tags/asset_remove_tags.htm
Asset_Management.Assets_And_Tags.asset_remove_tags	asset_remove_tags	function	asset_remove_tags(name_or_index, tags, [asset_type]);	https://manual.gamemaker.io/monthly/en/GameMaker_Language/GML_Reference/Asset_Management/Assets_And_Tags/asset_remove_tags.htm
Asset_Management.Assets_And_Tags.tag_get_asset_ids	tag_get_asset_ids	function	tag_get_asset_ids(tags, asset_type);	https://manual.gamemaker.io/monthly/en/GameMaker_Language/GML_Reference/Asset_Management/Assets_And_Tags/tag_get_asset_ids.htm
Asset_Management.Assets_And_Tags.tag_get_asset_ids	tag_get_asset_ids	function	tag_get_asset_ids(tags, asset_type);	https://manual.gamemaker.io/monthly/en/GameMaker_Language/GML_Reference/Asset_Management/Assets_And_Tags/tag_get_asset_ids.htm
Asset_Management.Assets_And_Tags.tag_get_asset_ids	tag_get_asset_ids	function	tag_get_asset_ids(tags, asset_type);	https://manual.gamemaker.io/monthly/en/GameMaker_Language/GML_Reference/Asset_Management/Assets_And_Tags/tag_get_asset_ids.htm
Asset_Management.Assets_And_Tags.tag_get_asset_ids	tag_get_asset_ids	function	tag_get_asset_ids(tags, asset_type);	https://manual.gamemaker.io/monthly/en/GameMaker_Language/GML_Reference/Asset_Management/Assets_And_Tags/tag_get_asset_ids.htm
Asset_Management.Assets_And_Tags.tag_get_asset_ids	tag_get_asset_ids	function	tag_get_asset_ids(tags, asset_type);	https://manual.gamemaker.io/monthly/en/GameMaker_Language/GML_Reference/Asset_Management/Assets_And_Tags/tag_get_asset_ids.htm
Asset_Management.Assets_And_Tags.tag_get_asset_ids	tag_get_asset_ids	function	tag_get_asset_ids(tags, asset_type);	https://manual.gamemaker.io/monthly/en/GameMaker_Language/GML_Reference/Asset_Management/Assets_And_Tags/tag_get_asset_ids.htm
Asset_Management.Assets_And_Tags.tag_get_asset_ids	tag_get_asset_ids	function	tag_get_asset_ids(tags, asset_type);	https://manual.gamemaker.io/monthly/en/GameMaker_Language/GML_Reference/Asset_Management/Assets_And_Tags/tag_get_asset_ids.htm
Asset_Management.Assets_And_Tags.tag_get_asset_ids	tag_get_asset_ids	function	tag_get_asset_ids(tags, asset_type);	https://manual.gamemaker.io/monthly/en/GameMaker_Language/GML_Reference/Asset_Management/Assets_And_Tags/tag_get_asset_ids.htm
Asset_Management.Assets_And_Tags.tag_get_asset_ids	tag_get_asset_ids	function	tag_get_asset_ids(tags, asset_type);	https://manual.gamemaker.io/monthly/en/GameMaker_Language/GML_Reference/Asset_Management/Assets_And_Tags/tag_get_asset_ids.htm
Asset_Management.Assets_And_Tags.tag_get_asset_ids	tag_get_asset_ids	function	tag_get_asset_ids(tags, asset_type);	https://manual.gamemaker.io/monthly/en/GameMaker_Language/GML_Reference/Asset_Management/Assets_And_Tags/tag_get_asset_ids.htm
Asset_Management.Assets_And_Tags.tag_get_asset_ids	tag_get_asset_ids	function	tag_get_asset_ids(tags, asset_type);	https://manual.gamemaker.io/monthly/en/GameMaker_Language/GML_Reference/Asset_Management/Assets_And_Tags/tag_get_asset_ids.htm
Asset_Management.Assets_And_Tags.tag_get_asset_ids	tag_get_asset_ids	function	tag_get_asset_ids(tags, asset_type);	https://manual.gamemaker.io/monthly/en/GameMaker_Language/GML_Reference/Asset_Management/Assets_And_Tags/tag_get_asset_ids.htm
Asset_Management.Assets_And_Tags.tag_get_asset_ids	tag_get_asset_ids	function	tag_get_asset_ids(tags, asset_type);	https://manual.gamemaker.io/monthly/en/GameMaker_Language/GML_Reference/Asset_Management/Assets_And_Tags/tag_get_asset_ids.htm
Asset_Management.Assets_And_Tags.tag_get_assets	tag_get_assets	function	tag_get_assets(tags);	https://manual.gamemaker.io/monthly/en/GameMaker_Language/GML_Reference/Asset_Management/Assets_And_Tags/tag_get_assets.htm
Asset_Management.Audio.Audio_Buffers.audio_3d	audio_3d	constant	audio_3d	https://manual.gamemaker.io/monthly/en/GameMaker_Language/GML_Reference/Asset_Management/Audio/Audio_Buffers/audio_create_play_queue.htm
Asset_Management.Audio.Audio_Buffers.audio_create_buffer_sound	audio_create_buffer_sound	function	audio_create_buffer_sound(bufferId, bufferFormat, bufferRate, bufferOffset, bufferLength, bufferChannels);	https://manual.gamemaker.io/monthly/en/GameMaker_Language/GML_Reference/Asset_Management/Audio/Audio_Buffers/audio_create_buffer_sound.htm
Asset_Management.Audio.Audio_Buffers.audio_create_play_queue	audio_create_play_queue	function	audio_create_play_queue(queueFormat, queueRate, queueChannels);	https://manual.gamemaker.io/monthly/en/GameMaker_Language/GML_Reference/Asset_Management/Audio/Audio_Buffers/audio_create_play_queue.htm
Asset_Management.Audio.Audio_Buffers.audio_free_buffer_sound	audio_free_buffer_sound	function	audio_free_buffer_sound(index);	https://manual.gamemaker.io/monthly/en/GameMaker_Language/GML_Reference/Asset_Management/Audio/Audio_Buffers/audio_free_buffer_sound.htm
Asset_Management.Audio.Audio_Buffers.audio_free_play_queue	audio_free_play_queue	function	audio_free_play_queue(queueIndex);	https://manual.gamemaker.io/monthly/en/GameMaker_Language/GML_Reference/Asset_Management/Audio/Audio_Buffers/audio_free_play_queue.htm
Asset_Management.Audio.Audio_Buffers.audio_get_recorder_count	audio_get_recorder_count	function	audio_get_recorder_count();	https://manual.gamemaker.io/monthly/en/GameMaker_Language/GML_Reference/Asset_Management/Audio/Audio_Buffers/audio_get_recorder_count.htm
Asset_Management.Audio.Audio_Buffers.audio_get_recorder_info	audio_get_recorder_info	function	audio_get_recorder_info(recorder_index);	https://manual.gamemaker.io/monthly/en/GameMaker_Language/GML_Reference/Asset_Management/Audio/Audio_Buffers/audio_get_recorder_info.htm
Asset_Management.Audio.Audio_Buffers.audio_mono	audio_mono	constant	audio_mono	https://manual.gamemaker.io/monthly/en/GameMaker_Language/GML_Reference/Asset_Management/Audio/Audio_Buffers/audio_create_play_queue.htm
Asset_Management.Audio.Audio_Buffers.audio_queue_sound	audio_queue_sound	function	audio_queue_sound(queueIndex, bufferId, bufferOffset, bufferLength);	https://manual.gamemaker.io/monthly/en/GameMaker_Language/GML_Reference/Asset_Management/Audio/Audio_Buffers/audio_queue_sound.htm
Asset_Management.Audio.Audio_Buffers.audio_start_recording	audio_start_recording	function	audio_start_recording(recorder_index);	https://manual.gamemaker.io/monthly/en/GameMaker_Language/GML_Reference/Asset_Management/Audio/Audio_Buffers/audio_start_recording.htm
Asset_Management.Audio.Audio_Buffers.audio_stereo	audio_stereo	constant	audio_stereo	https://manual.gamemaker.io/monthly/en/GameMaker_Language/GML_Reference/Asset_Management/Audio/Audio_Buffers/audio_create_play_queue.htm
Asset_Management.Audio.Audio_Buffers.audio_stop_recording	audio_stop_recording	function	audio_stop_recording(channel_index);	https://manual.gamemaker.io/monthly/en/GameMaker_Language/GML_Reference/Asset_Management/Audio/Audio_Buffers/audio_stop_recording.htm
Asset_Management.Audio.Audio_Effects.AudioBus	AudioBus	unknown	undefined	https://manual.gamemaker.io/monthly/en/GameMaker_Language/GML_Reference/Asset_Management/Audio/Audio_Effects/AudioBus.htm
Asset_Management.Audio.Audio_Effects.AudioEffect	AudioEffect	unknown	undefined	https://manual.gamemaker.io/monthly/en/GameMaker_Language/GML_Reference/Asset_Management/Audio/Audio_Effects/AudioEffect.htm
Asset_Management.Audio.Audio_Effects.AudioEffectType	AudioEffectType	unknown	undefined	https://manual.gamemaker.io/monthly/en/GameMaker_Language/GML_Reference/Asset_Management/Audio/Audio_Effects/AudioEffectType.htm
Asset_Management.Audio.Audio_Effects.AudioLFOType	AudioLFOType	unknown	undefined	https://manual.gamemaker.io/monthly/en/GameMaker_Language/GML_Reference/Asset_Management/Audio/Audio_Effects/AudioLFOType.htm
Asset_Management.Audio.Audio_Effects.audio	audio	unknown	undefined	https://manual.gamemaker.io/monthly/en/GameMaker_Language/GML_Reference/Asset_Management/Audio/Audio_Effects/Audio_Effects.htm
Asset_Management.Audio.Audio_Effects.audio_bus_clear_emitters	audio_bus_clear_emitters	function	audio_bus_clear_emitters(bus);	https://manual.gamemaker.io/monthly/en/GameMaker_Language/GML_Reference/Asset_Management/Audio/Audio_Effects/audio_bus_clear_emitters.htm
Asset_Management.Audio.Audio_Effects.audio_bus_create	audio_bus_create	function	audio_bus_create();	https://manual.gamemaker.io/monthly/en/GameMaker_Language/GML_Reference/Asset_Management/Audio/Audio_Effects/audio_bus_create.htm
Asset_Management.Audio.Audio_Effects.audio_bus_get_emitters	audio_bus_get_emitters	function	audio_bus_get_emitters(bus);	https://manual.gamemaker.io/monthly/en/GameMaker_Language/GML_Reference/Asset_Management/Audio/Audio_Effects/audio_bus_get_emitters.htm
Asset_Management.Audio.Audio_Effects.audio_bus_main	audio_bus_main	variable	audio_bus_main	https://manual.gamemaker.io/monthly/en/GameMaker_Language/GML_Reference/Asset_Management/Audio/Audio_Effects/audio_bus_main.htm
Asset_Management.Audio.Audio_Effects.audio_effect_create	audio_effect_create	function	audio_effect_create(type, [params]);	https://manual.gamemaker.io/monthly/en/GameMaker_Language/GML_Reference/Asset_Management/Audio/Audio_Effects/audio_effect_create.htm
Asset_Management.Audio.Audio_Effects.effects	effects	unknown	undefined	https://manual.gamemaker.io/monthly/en/GameMaker_Language/GML_Reference/Asset_Management/Audio/Audio_Effects/Audio_Effects.htm
Asset_Management.Audio.Audio_Emitters.audio_emitter_bus	audio_emitter_bus	function	audio_emitter_bus(emitter, bus);	https://manual.gamemaker.io/monthly/en/GameMaker_Language/GML_Reference/Asset_Management/Audio/Audio_Emitters/audio_emitter_bus.htm
Asset_Management.Audio.Audio_Emitters.audio_emitter_create	audio_emitter_create	function	audio_emitter_create();	https://manual.gamemaker.io/monthly/en/GameMaker_Language/GML_Reference/Asset_Management/Audio/Audio_Emitters/audio_emitter_create.htm
Asset_Management.Audio.Audio_Emitters.audio_emitter_exists	audio_emitter_exists	function	audio_emitter_exists(index);	https://manual.gamemaker.io/monthly/en/GameMaker_Language/GML_Reference/Asset_Management/Audio/Audio_Emitters/audio_emitter_exists.htm
Asset_Management.Audio.Audio_Emitters.audio_emitter_falloff	audio_emitter_falloff	function	audio_emitter_falloff(emitter, falloff_ref, falloff_max, falloff_factor);	https://manual.gamemaker.io/monthly/en/GameMaker_Language/GML_Reference/Asset_Management/Audio/Audio_Emitters/audio_emitter_falloff.htm
Asset_Management.Audio.Audio_Emitters.audio_emitter_free	audio_emitter_free	function	audio_emitter_free(emitter);	https://manual.gamemaker.io/monthly/en/GameMaker_Language/GML_Reference/Asset_Management/Audio/Audio_Emitters/audio_emitter_free.htm
Asset_Management.Audio.Audio_Emitters.audio_emitter_gain	audio_emitter_gain	function	audio_emitter_gain(emitter, gain);	https://manual.gamemaker.io/monthly/en/GameMaker_Language/GML_Reference/Asset_Management/Audio/Audio_Emitters/audio_emitter_gain.htm
Asset_Management.Audio.Audio_Emitters.audio_emitter_get_bus	audio_emitter_get_bus	function	audio_emitter_get_bus(emitter);	https://manual.gamemaker.io/monthly/en/GameMaker_Language/GML_Reference/Asset_Management/Audio/Audio_Emitters/audio_emitter_get_bus.htm
Asset_Management.Audio.Audio_Emitters.audio_emitter_get_gain	audio_emitter_get_gain	function	audio_emitter_get_gain(emitter);	https://manual.gamemaker.io/monthly/en/GameMaker_Language/GML_Reference/Asset_Management/Audio/Audio_Emitters/audio_emitter_get_gain.htm
Asset_Management.Audio.Audio_Emitters.audio_emitter_get_listener_mask	audio_emitter_get_listener_mask	function	audio_emitter_get_listener_mask(emitterID);	https://manual.gamemaker.io/monthly/en/GameMaker_Language/GML_Reference/Asset_Management/Audio/Audio_Emitters/audio_emitter_get_listener_mask.htm
Asset_Management.Audio.Audio_Emitters.audio_emitter_get_pitch	audio_emitter_get_pitch	function	audio_emitter_get_pitch(emitter);	https://manual.gamemaker.io/monthly/en/GameMaker_Language/GML_Reference/Asset_Management/Audio/Audio_Emitters/audio_emitter_get_pitch.htm
Asset_Management.Audio.Audio_Emitters.audio_emitter_get_vx	audio_emitter_get_vx	function	audio_emitter_get_vx(emitter);	https://manual.gamemaker.io/monthly/en/GameMaker_Language/GML_Reference/Asset_Management/Audio/Audio_Emitters/audio_emitter_get_vx.htm
Asset_Management.Audio.Audio_Emitters.audio_emitter_get_vy	audio_emitter_get_vy	function	audio_emitter_get_vy(emitter);	https://manual.gamemaker.io/monthly/en/GameMaker_Language/GML_Reference/Asset_Management/Audio/Audio_Emitters/audio_emitter_get_vy.htm
Asset_Management.Audio.Audio_Emitters.audio_emitter_get_vz	audio_emitter_get_vz	function	audio_emitter_get_vz(emitter);	https://manual.gamemaker.io/monthly/en/GameMaker_Language/GML_Reference/Asset_Management/Audio/Audio_Emitters/audio_emitter_get_vz.htm
Asset_Management.Audio.Audio_Emitters.audio_emitter_get_x	audio_emitter_get_x	function	audio_emitter_get_x(emitter);	https://manual.gamemaker.io/monthly/en/GameMaker_Language/GML_Reference/Asset_Management/Audio/Audio_Emitters/audio_emitter_get_x.htm
Asset_Management.Audio.Audio_Emitters.audio_emitter_get_y	audio_emitter_get_y	function	audio_emitter_get_y(emitter);	https://manual.gamemaker.io/monthly/en/GameMaker_Language/GML_Reference/Asset_Management/Audio/Audio_Emitters/audio_emitter_get_y.htm
Asset_Management.Audio.Audio_Emitters.audio_emitter_get_z	audio_emitter_get_z	function	audio_emitter_get_z(emitter);	https://manual.gamemaker.io/monthly/en/GameMaker_Language/GML_Reference/Asset_Management/Audio/Audio_Emitters/audio_emitter_get_z.htm
Asset_Management.Audio.Audio_Emitters.audio_emitter_pitch	audio_emitter_pitch	function	audio_emitter_pitch(emitter, pitch);	https://manual.gamemaker.io/monthly/en/GameMaker_Language/GML_Reference/Asset_Management/Audio/Audio_Emitters/audio_emitter_pitch.htm
Asset_Management.Audio.Audio_Emitters.audio_emitter_position	audio_emitter_position	function	audio_emitter_position(emitter, x, y, z);	https://manual.gamemaker.io/monthly/en/GameMaker_Language/GML_Reference/Asset_Management/Audio/Audio_Emitters/audio_emitter_position.htm
Asset_Management.Audio.Audio_Emitters.audio_emitter_set_listener_mask	audio_emitter_set_listener_mask	function	audio_emitter_set_listener_mask(emitterID, mask);	https://manual.gamemaker.io/monthly/en/GameMaker_Language/GML_Reference/Asset_Management/Audio/Audio_Emitters/audio_emitter_set_listener_mask.htm
Asset_Management.Audio.Audio_Emitters.audio_emitter_velocity	audio_emitter_velocity	function	audio_emitter_velocity(emitter, vx, vy, vz);	https://manual.gamemaker.io/monthly/en/GameMaker_Language/GML_Reference/Asset_Management/Audio/Audio_Emitters/audio_emitter_velocity.htm
Asset_Management.Audio.Audio_Emitters.audio_play_sound_on	audio_play_sound_on	function	audio_play_sound_on(emitter, sound, loop, priority, [gain], [offset], [pitch], [listener_mask]);	https://manual.gamemaker.io/monthly/en/GameMaker_Language/GML_Reference/Asset_Management/Audio/Audio_Emitters/audio_play_sound_on.htm
Asset_Management.Audio.Audio_Groups.audio_group_get_gain	audio_group_get_gain	function	audio_group_get_gain(groupID);	https://manual.gamemaker.io/monthly/en/GameMaker_Language/GML_Reference/Asset_Management/Audio/Audio_Groups/audio_group_get_gain.htm
Asset_Management.Audio.Audio_Groups.audio_group_is_loaded	audio_group_is_loaded	function	audio_group_is_loaded(groupID);	https://manual.gamemaker.io/monthly/en/GameMaker_Language/GML_Reference/Asset_Management/Audio/Audio_Groups/audio_group_is_loaded.htm
Asset_Management.Audio.Audio_Groups.audio_group_load	audio_group_load	function	audio_group_load(groupID);	https://manual.gamemaker.io/monthly/en/GameMaker_Language/GML_Reference/Asset_Management/Audio/Audio_Groups/audio_group_load.htm
Asset_Management.Audio.Audio_Groups.audio_group_load_progress	audio_group_load_progress	function	audio_group_load_progress(groupID);	https://manual.gamemaker.io/monthly/en/GameMaker_Language/GML_Reference/Asset_Management/Audio/Audio_Groups/audio_group_load_progress.htm
Asset_Management.Audio.Audio_Groups.audio_group_name	audio_group_name	function	audio_group_name(groupID);	https://manual.gamemaker.io/monthly/en/GameMaker_Language/GML_Reference/Asset_Management/Audio/Audio_Groups/audio_group_name.htm
Asset_Management.Audio.Audio_Groups.audio_group_set_gain	audio_group_set_gain	function	audio_group_set_gain(groupID, volume, time);	https://manual.gamemaker.io/monthly/en/GameMaker_Language/GML_Reference/Asset_Management/Audio/Audio_Groups/audio_group_set_gain.htm
Asset_Management.Audio.Audio_Groups.audio_group_stop_all	audio_group_stop_all	function	audio_group_stop_all(groupID);	https://manual.gamemaker.io/monthly/en/GameMaker_Language/GML_Reference/Asset_Management/Audio/Audio_Groups/audio_group_stop_all.htm
Asset_Management.Audio.Audio_Groups.audio_group_unload	audio_group_unload	function	audio_group_unload(groupID);	https://manual.gamemaker.io/monthly/en/GameMaker_Language/GML_Reference/Asset_Management/Audio/Audio_Groups/audio_group_unload.htm
Asset_Management.Audio.Audio_Groups.audiogroup_default	audiogroup_default	variable	audiogroup_default	https://manual.gamemaker.io/monthly/en/GameMaker_Language/GML_Reference/Asset_Management/Audio/Audio_Groups/audiogroup_default.htm
Asset_Management.Audio.Audio_Listeners.audio_get_listener_count	audio_get_listener_count	function	audio_get_listener_count();	https://manual.gamemaker.io/monthly/en/GameMaker_Language/GML_Reference/Asset_Management/Audio/Audio_Listeners/audio_get_listener_count.htm
Asset_Management.Audio.Audio_Listeners.audio_get_listener_info	audio_get_listener_info	function	audio_get_listener_info(num);	https://manual.gamemaker.io/monthly/en/GameMaker_Language/GML_Reference/Asset_Management/Audio/Audio_Listeners/audio_get_listener_info.htm
Asset_Management.Audio.Audio_Listeners.audio_get_listener_mask	audio_get_listener_mask	function	audio_get_listener_mask();	https://manual.gamemaker.io/monthly/en/GameMaker_Language/GML_Reference/Asset_Management/Audio/Audio_Listeners/audio_get_listener_mask.htm
Asset_Management.Audio.Audio_Listeners.audio_listener_get_data	audio_listener_get_data	function	audio_listener_get_data(index);	https://manual.gamemaker.io/monthly/en/GameMaker_Language/GML_Reference/Asset_Management/Audio/Audio_Listeners/audio_listener_get_data.htm
Asset_Management.Audio.Audio_Listeners.audio_listener_orientation	audio_listener_orientation	function	audio_listener_orientation(lookat_x, lookat_y, lookat_z, up_x, up_y, up_z);	https://manual.gamemaker.io/monthly/en/GameMaker_Language/GML_Reference/Asset_Management/Audio/Audio_Listeners/audio_listener_orientation.htm
Asset_Management.Audio.Audio_Listeners.audio_listener_position	audio_listener_position	function	audio_listener_position(x, y, z);	https://manual.gamemaker.io/monthly/en/GameMaker_Language/GML_Reference/Asset_Management/Audio/Audio_Listeners/audio_listener_position.htm
Asset_Management.Audio.Audio_Listeners.audio_listener_set_orientation	audio_listener_set_orientation	function	audio_listener_set_orientation(index, lookat_x, lookat_y, lookat_z, up_x, up_y, up_z);	https://manual.gamemaker.io/monthly/en/GameMaker_Language/GML_Reference/Asset_Management/Audio/Audio_Listeners/audio_listener_set_orientation.htm
Asset_Management.Audio.Audio_Listeners.audio_listener_set_position	audio_listener_set_position	function	audio_listener_set_position(index, x, y, z);	https://manual.gamemaker.io/monthly/en/GameMaker_Language/GML_Reference/Asset_Management/Audio/Audio_Listeners/audio_listener_set_position.htm
Asset_Management.Audio.Audio_Listeners.audio_listener_set_velocity	audio_listener_set_velocity	function	audio_listener_set_velocity(index, x, y, z);	https://manual.gamemaker.io/monthly/en/GameMaker_Language/GML_Reference/Asset_Management/Audio/Audio_Listeners/audio_listener_set_velocity.htm
Asset_Management.Audio.Audio_Listeners.audio_listener_velocity	audio_listener_velocity	function	audio_listener_velocity(vx, vy, vz);	https://manual.gamemaker.io/monthly/en/GameMaker_Language/GML_Reference/Asset_Management/Audio/Audio_Listeners/audio_listener_velocity.htm
Asset_Management.Audio.Audio_Listeners.audio_set_listener_mask	audio_set_listener_mask	function	audio_set_listener_mask(mask);	https://manual.gamemaker.io/monthly/en/GameMaker_Language/GML_Reference/Asset_Management/Audio/Audio_Listeners/audio_set_listener_mask.htm
Asset_Management.Audio.Audio_Loop_Points.audio_sound_get_loop	audio_sound_get_loop	function	audio_sound_get_loop(index);	https://manual.gamemaker.io/monthly/en/GameMaker_Language/GML_Reference/Asset_Management/Audio/Audio_Loop_Points/audio_sound_get_loop.htm
Asset_Management.Audio.Audio_Loop_Points.audio_sound_get_loop_end	audio_sound_get_loop_end	function	audio_sound_get_loop_end(index);	https://manual.gamemaker.io/monthly/en/GameMaker_Language/GML_Reference/Asset_Management/Audio/Audio_Loop_Points/audio_sound_get_loop_end.htm
Asset_Management.Audio.Audio_Loop_Points.audio_sound_get_loop_start	audio_sound_get_loop_start	function	audio_sound_get_loop_start(index);	https://manual.gamemaker.io/monthly/en/GameMaker_Language/GML_Reference/Asset_Management/Audio/Audio_Loop_Points/audio_sound_get_loop_start.htm
Asset_Management.Audio.Audio_Loop_Points.audio_sound_loop	audio_sound_loop	function	audio_sound_loop(index, state);	https://manual.gamemaker.io/monthly/en/GameMaker_Language/GML_Reference/Asset_Management/Audio/Audio_Loop_Points/audio_sound_loop.htm
Asset_Management.Audio.Audio_Loop_Points.audio_sound_loop_end	audio_sound_loop_end	function	audio_sound_loop_end(index, time);	https://manual.gamemaker.io/monthly/en/GameMaker_Language/GML_Reference/Asset_Management/Audio/Audio_Loop_Points/audio_sound_loop_end.htm
Asset_Management.Audio.Audio_Loop_Points.audio_sound_loop_start	audio_sound_loop_start	function	audio_sound_loop_start(index, time);	https://manual.gamemaker.io/monthly/en/GameMaker_Language/GML_Reference/Asset_Management/Audio/Audio_Loop_Points/audio_sound_loop_start.htm
Asset_Management.Audio.Audio_Synchronisation.audio_create_sync_group	audio_create_sync_group	function	audio_create_sync_group(loop);	https://manual.gamemaker.io/monthly/en/GameMaker_Language/GML_Reference/Asset_Management/Audio/Audio_Synchronisation/audio_create_sync_group.htm
Asset_Management.Audio.Audio_Synchronisation.audio_destroy_sync_group	audio_destroy_sync_group	function	audio_destroy_sync_group(group_index);	https://manual.gamemaker.io/monthly/en/GameMaker_Language/GML_Reference/Asset_Management/Audio/Audio_Synchronisation/audio_destroy_sync_group.htm
Asset_Management.Audio.Audio_Synchronisation.audio_pause_sync_group	audio_pause_sync_group	function	audio_pause_sync_group(group_index);	https://manual.gamemaker.io/monthly/en/GameMaker_Language/GML_Reference/Asset_Management/Audio/Audio_Synchronisation/audio_pause_sync_group.htm
Asset_Management.Audio.Audio_Synchronisation.audio_play_in_sync_group	audio_play_in_sync_group	function	audio_play_in_sync_group(group_index, sound_index);	https://manual.gamemaker.io/monthly/en/GameMaker_Language/GML_Reference/Asset_Management/Audio/Audio_Synchronisation/audio_play_in_sync_group.htm
Asset_Management.Audio.Audio_Synchronisation.audio_resume_sync_group	audio_resume_sync_group	function	audio_resume_sync_group(group_index);	https://manual.gamemaker.io/monthly/en/GameMaker_Language/GML_Reference/Asset_Management/Audio/Audio_Synchronisation/audio_resume_sync_group.htm
Asset_Management.Audio.Audio_Synchronisation.audio_start_sync_group	audio_start_sync_group	function	audio_start_sync_group(group_index);	https://manual.gamemaker.io/monthly/en/GameMaker_Language/GML_Reference/Asset_Management/Audio/Audio_Synchronisation/audio_start_sync_group.htm
Asset_Management.Audio.Audio_Synchronisation.audio_stop_sync_group	audio_stop_sync_group	function	audio_stop_sync_group(group_index);	https://manual.gamemaker.io/monthly/en/GameMaker_Language/GML_Reference/Asset_Management/Audio/Audio_Synchronisation/audio_stop_sync_group.htm
Asset_Management.Audio.Audio_Synchronisation.audio_sync_group_debug	audio_sync_group_debug	function	audio_sync_group_debug(group_index);	https://manual.gamemaker.io/monthly/en/GameMaker_Language/GML_Reference/Asset_Management/Audio/Audio_Synchronisation/audio_sync_group_debug.htm
Asset_Management.Audio.Audio_Synchronisation.audio_sync_group_get_track_pos	audio_sync_group_get_track_pos	function	audio_sync_group_get_track_pos(group_index);	https://manual.gamemaker.io/monthly/en/GameMaker_Language/GML_Reference/Asset_Management/Audio/Audio_Synchronisation/audio_sync_group_get_track_pos.htm
Asset_Management.Audio.Audio_Synchronisation.audio_sync_group_is_paused	audio_sync_group_is_paused	function	audio_sync_group_is_paused(group_index);	https://manual.gamemaker.io/monthly/en/GameMaker_Language/GML_Reference/Asset_Management/Audio/Audio_Synchronisation/audio_sync_group_is_paused.htm
Asset_Management.Audio.Audio_Synchronisation.audio_sync_group_is_playing	audio_sync_group_is_playing	function	audio_sync_group_is_playing(group_index);	https://manual.gamemaker.io/monthly/en/GameMaker_Language/GML_Reference/Asset_Management/Audio/Audio_Synchronisation/audio_sync_group_is_playing.htm
Asset_Management.Audio.audio_channel_num	audio_channel_num	function	audio_channel_num(num);	https://manual.gamemaker.io/monthly/en/GameMaker_Language/GML_Reference/Asset_Management/Audio/audio_channel_num.htm
Asset_Management.Audio.audio_create_stream	audio_create_stream	function	audio_create_stream(filename);	https://manual.gamemaker.io/monthly/en/GameMaker_Language/GML_Reference/Asset_Management/Audio/audio_create_stream.htm
Asset_Management.Audio.audio_debug	audio_debug	function	audio_debug(enable);	https://manual.gamemaker.io/monthly/en/GameMaker_Language/GML_Reference/Asset_Management/Audio/audio_debug.htm
Asset_Management.Audio.audio_destroy_stream	audio_destroy_stream	function	audio_destroy_stream(sound);	https://manual.gamemaker.io/monthly/en/GameMaker_Language/GML_Reference/Asset_Management/Audio/audio_destroy_stream.htm
Asset_Management.Audio.audio_exists	audio_exists	function	audio_exists(index);	https://manual.gamemaker.io/monthly/en/GameMaker_Language/GML_Reference/Asset_Management/Audio/audio_exists.htm
Asset_Management.Audio.audio_falloff_exponent_distance	audio_falloff_exponent_distance	constant	audio_falloff_exponent_distance	https://manual.gamemaker.io/monthly/en/GameMaker_Language/GML_Reference/Asset_Management/Audio/audio_falloff_set_model.htm
Asset_Management.Audio.audio_falloff_exponent_distance_clamped	audio_falloff_exponent_distance_clamped	constant	audio_falloff_exponent_distance_clamped	https://manual.gamemaker.io/monthly/en/GameMaker_Language/GML_Reference/Asset_Management/Audio/audio_falloff_set_model.htm
Asset_Management.Audio.audio_falloff_exponent_distance_scaled	audio_falloff_exponent_distance_scaled	constant	audio_falloff_exponent_distance_scaled	https://manual.gamemaker.io/monthly/en/GameMaker_Language/GML_Reference/Asset_Management/Audio/audio_falloff_set_model.htm
Asset_Management.Audio.audio_falloff_inverse_distance	audio_falloff_inverse_distance	constant	audio_falloff_inverse_distance	https://manual.gamemaker.io/monthly/en/GameMaker_Language/GML_Reference/Asset_Management/Audio/audio_falloff_set_model.htm
Asset_Management.Audio.audio_falloff_inverse_distance_clamped	audio_falloff_inverse_distance_clamped	constant	audio_falloff_inverse_distance_clamped	https://manual.gamemaker.io/monthly/en/GameMaker_Language/GML_Reference/Asset_Management/Audio/audio_falloff_set_model.htm
Asset_Management.Audio.audio_falloff_inverse_distance_scaled	audio_falloff_inverse_distance_scaled	constant	audio_falloff_inverse_distance_scaled	https://manual.gamemaker.io/monthly/en/GameMaker_Language/GML_Reference/Asset_Management/Audio/audio_falloff_set_model.htm
Asset_Management.Audio.audio_falloff_linear_distance	audio_falloff_linear_distance	constant	audio_falloff_linear_distance	https://manual.gamemaker.io/monthly/en/GameMaker_Language/GML_Reference/Asset_Management/Audio/audio_falloff_set_model.htm
Asset_Management.Audio.audio_falloff_linear_distance_clamped	audio_falloff_linear_distance_clamped	constant	audio_falloff_linear_distance_clamped	https://manual.gamemaker.io/monthly/en/GameMaker_Language/GML_Reference/Asset_Management/Audio/audio_falloff_set_model.htm
Asset_Management.Audio.audio_falloff_none	audio_falloff_none	constant	audio_falloff_none	https://manual.gamemaker.io/monthly/en/GameMaker_Language/GML_Reference/Asset_Management/Audio/audio_falloff_set_model.htm
Asset_Management.Audio.audio_falloff_set_model	audio_falloff_set_model	function	audio_falloff_set_model(model);	https://manual.gamemaker.io/monthly/en/GameMaker_Language/GML_Reference/Asset_Management/Audio/audio_falloff_set_model.htm
Asset_Management.Audio.audio_get_master_gain	audio_get_master_gain	function	audio_get_master_gain(listenerIndex);	https://manual.gamemaker.io/monthly/en/GameMaker_Language/GML_Reference/Asset_Management/Audio/audio_get_master_gain.htm
Asset_Management.Audio.audio_get_name	audio_get_name	function	audio_get_name(index);	https://manual.gamemaker.io/monthly/en/GameMaker_Language/GML_Reference/Asset_Management/Audio/audio_get_name.htm
Asset_Management.Audio.audio_get_type	audio_get_type	function	audio_get_type(index);	https://manual.gamemaker.io/monthly/en/GameMaker_Language/GML_Reference/Asset_Management/Audio/audio_get_type.htm
Asset_Management.Audio.audio_is_paused	audio_is_paused	function	audio_is_paused(index);	https://manual.gamemaker.io/monthly/en/GameMaker_Language/GML_Reference/Asset_Management/Audio/audio_is_paused.htm
Asset_Management.Audio.audio_is_playing	audio_is_playing	function	audio_is_playing(index);	https://manual.gamemaker.io/monthly/en/GameMaker_Language/GML_Reference/Asset_Management/Audio/audio_is_playing.htm
Asset_Management.Audio.audio_master_gain	audio_master_gain	function	audio_master_gain(gain);	https://manual.gamemaker.io/monthly/en/GameMaker_Language/GML_Reference/Asset_Management/Audio/audio_master_gain.htm
Asset_Management.Audio.audio_pause_all	audio_pause_all	function	audio_pause_all();	https://manual.gamemaker.io/monthly/en/GameMaker_Language/GML_Reference/Asset_Management/Audio/audio_pause_all.htm
Asset_Management.Audio.audio_pause_sound	audio_pause_sound	function	audio_pause_sound(index);	https://manual.gamemaker.io/monthly/en/GameMaker_Language/GML_Reference/Asset_Management/Audio/audio_pause_sound.htm
Asset_Management.Audio.audio_play_sound	audio_play_sound	function	audio_play_sound(index, priority, loop, [gain], [offset], [pitch], [listener_mask]);	https://manual.gamemaker.io/monthly/en/GameMaker_Language/GML_Reference/Asset_Management/Audio/audio_play_sound.htm
Asset_Management.Audio.audio_play_sound_at	audio_play_sound_at	function	audio_play_sound_at(index, x, y, z, falloff_ref, falloff_max, falloff_factor, loop, priority, [gain], [offset], [pitch], [listener_mask]);	https://manual.gamemaker.io/monthly/en/GameMaker_Language/GML_Reference/Asset_Management/Audio/audio_play_sound_at.htm
Asset_Management.Audio.audio_play_sound_ext	audio_play_sound_ext	function	audio_play_sound_ext(params);	https://manual.gamemaker.io/monthly/en/GameMaker_Language/GML_Reference/Asset_Management/Audio/audio_play_sound_ext.htm
Asset_Management.Audio.audio_resume_all	audio_resume_all	function	audio_resume_all();	https://manual.gamemaker.io/monthly/en/GameMaker_Language/GML_Reference/Asset_Management/Audio/audio_resume_all.htm
Asset_Management.Audio.audio_resume_sound	audio_resume_sound	function	audio_resume_sound(index);	https://manual.gamemaker.io/monthly/en/GameMaker_Language/GML_Reference/Asset_Management/Audio/audio_resume_sound.htm
Asset_Management.Audio.audio_set_master_gain	audio_set_master_gain	function	audio_set_master_gain(listenerIndex, gain);	https://manual.gamemaker.io/monthly/en/GameMaker_Language/GML_Reference/Asset_Management/Audio/audio_set_master_gain.htm
Asset_Management.Audio.audio_sound_gain	audio_sound_gain	function	audio_sound_gain(index, volume, time);	https://manual.gamemaker.io/monthly/en/GameMaker_Language/GML_Reference/Asset_Management/Audio/audio_sound_gain.htm
Asset_Management.Audio.audio_sound_get_asset	audio_sound_get_asset	function	audio_sound_get_asset(index);	https://manual.gamemaker.io/monthly/en/GameMaker_Language/GML_Reference/Asset_Management/Audio/audio_sound_get_asset.htm
Asset_Management.Audio.audio_sound_get_gain	audio_sound_get_gain	function	audio_sound_get_gain(index);	https://manual.gamemaker.io/monthly/en/GameMaker_Language/GML_Reference/Asset_Management/Audio/audio_sound_get_gain.htm
Asset_Management.Audio.audio_sound_get_listener_mask	audio_sound_get_listener_mask	function	audio_sound_get_listener_mask(soundID);	https://manual.gamemaker.io/monthly/en/GameMaker_Language/GML_Reference/Asset_Management/Audio/audio_sound_get_listener_mask.htm
Asset_Management.Audio.audio_sound_get_pitch	audio_sound_get_pitch	function	audio_sound_get_pitch(index);	https://manual.gamemaker.io/monthly/en/GameMaker_Language/GML_Reference/Asset_Management/Audio/audio_sound_get_pitch.htm
Asset_Management.Audio.audio_sound_get_track_position	audio_sound_get_track_position	function	audio_sound_get_track_position(index);	https://manual.gamemaker.io/monthly/en/GameMaker_Language/GML_Reference/Asset_Management/Audio/audio_sound_get_track_position.htm
Asset_Management.Audio.audio_sound_is_playable	audio_sound_is_playable	function	audio_sound_is_playable(index);	https://manual.gamemaker.io/monthly/en/GameMaker_Language/GML_Reference/Asset_Management/Audio/audio_sound_is_playable.htm
Asset_Management.Audio.audio_sound_length	audio_sound_length	function	audio_sound_length(index);	https://manual.gamemaker.io/monthly/en/GameMaker_Language/GML_Reference/Asset_Management/Audio/audio_sound_length.htm
Asset_Management.Audio.audio_sound_pitch	audio_sound_pitch	function	audio_sound_pitch(index, pitch);	https://manual.gamemaker.io/monthly/en/GameMaker_Language/GML_Reference/Asset_Management/Audio/audio_sound_pitch.htm
Asset_Management.Audio.audio_sound_set_listener_mask	audio_sound_set_listener_mask	function	audio_sound_set_listener_mask(soundID, mask);	https://manual.gamemaker.io/monthly/en/GameMaker_Language/GML_Reference/Asset_Management/Audio/audio_sound_set_listener_mask.htm
Asset_Management.Audio.audio_sound_set_track_position	audio_sound_set_track_position	function	audio_sound_set_track_position(index, time);	https://manual.gamemaker.io/monthly/en/GameMaker_Language/GML_Reference/Asset_Management/Audio/audio_sound_set_track_position.htm
Asset_Management.Audio.audio_stop_all	audio_stop_all	function	audio_stop_all();	https://manual.gamemaker.io/monthly/en/GameMaker_Language/GML_Reference/Asset_Management/Audio/audio_stop_all.htm
Asset_Management.Audio.audio_stop_sound	audio_stop_sound	function	audio_stop_sound(index);	https://manual.gamemaker.io/monthly/en/GameMaker_Language/GML_Reference/Asset_Management/Audio/audio_stop_sound.htm
Asset_Management.Audio.audio_system_is_available	audio_system_is_available	function	audio_system_is_available();	https://manual.gamemaker.io/monthly/en/GameMaker_Language/GML_Reference/Asset_Management/Audio/audio_system_is_available.htm
Asset_Management.Audio.db_to_lin	db_to_lin	function	db_to_lin(x);	https://manual.gamemaker.io/monthly/en/GameMaker_Language/GML_Reference/Asset_Management/Audio/db_to_lin.htm
Asset_Management.Audio.lin_to_db	lin_to_db	function	lin_to_db(x);	https://manual.gamemaker.io/monthly/en/GameMaker_Language/GML_Reference/Asset_Management/Audio/lin_to_db.htm
Asset_Management.Extensions.extension_exists	extension_exists	function	extension_exists(extension_name);	https://manual.gamemaker.io/monthly/en/GameMaker_Language/GML_Reference/Asset_Management/Extensions/extension_exists.htm
Asset_Management.Extensions.extension_get_option_count	extension_get_option_count	function	extension_get_option_count(extension_name);	https://manual.gamemaker.io/monthly/en/GameMaker_Language/GML_Reference/Asset_Management/Extensions/extension_get_option_count.htm
Asset_Management.Extensions.extension_get_option_names	extension_get_option_names	function	extension_get_option_names(extension_name);	https://manual.gamemaker.io/monthly/en/GameMaker_Language/GML_Reference/Asset_Management/Extensions/extension_get_option_names.htm
Asset_Management.Extensions.extension_get_option_value	extension_get_option_value	function	extension_get_option_value(extension_name, option_name);	https://manual.gamemaker.io/monthly/en/GameMaker_Language/GML_Reference/Asset_Management/Extensions/extension_get_option_value.htm
Asset_Management.Extensions.extension_get_options	extension_get_options	function	extension_get_options(extension_name);	https://manual.gamemaker.io/monthly/en/GameMaker_Language/GML_Reference/Asset_Management/Extensions/extension_get_options.htm
Asset_Management.Extensions.extension_get_version	extension_get_version	function	extension_get_version(ext_name);	https://manual.gamemaker.io/monthly/en/GameMaker_Language/GML_Reference/Asset_Management/Extensions/extension_get_version.htm
Asset_Management.Fonts.font_add	font_add	function	font_add(name, size, bold, italic, first, last);	https://manual.gamemaker.io/monthly/en/GameMaker_Language/GML_Reference/Asset_Management/Fonts/font_add.htm
Asset_Management.Fonts.font_add_enable_aa	font_add_enable_aa	function	font_add_enable_aa(enable);	https://manual.gamemaker.io/monthly/en/GameMaker_Language/GML_Reference/Asset_Management/Fonts/font_add_enable_aa.htm
Asset_Management.Fonts.font_add_get_enable_aa	font_add_get_enable_aa	function	font_add_get_enable_aa();	https://manual.gamemaker.io/monthly/en/GameMaker_Language/GML_Reference/Asset_Management/Fonts/font_add_get_enable_aa.htm
Asset_Management.Fonts.font_add_sprite	font_add_sprite	function	font_add_sprite(spr, first, prop, sep);	https://manual.gamemaker.io/monthly/en/GameMaker_Language/GML_Reference/Asset_Management/Fonts/font_add_sprite.htm
Asset_Management.Fonts.font_add_sprite_ext	font_add_sprite_ext	function	font_add_sprite_ext(spr, string_map, prop, sep);	https://manual.gamemaker.io/monthly/en/GameMaker_Language/GML_Reference/Asset_Management/Fonts/font_add_sprite_ext.htm
Asset_Management.Fonts.font_cache_glyph	font_cache_glyph	function	font_cache_glyph(font, glyph_index);	https://manual.gamemaker.io/monthly/en/GameMaker_Language/GML_Reference/Asset_Management/Fonts/font_cache_glyph.htm
Asset_Management.Fonts.font_delete	font_delete	function	font_delete(ind);	https://manual.gamemaker.io/monthly/en/GameMaker_Language/GML_Reference/Asset_Management/Fonts/font_delete.htm
Asset_Management.Fonts.font_enable_effects	font_enable_effects	function	font_enable_effects(ind, enable, [params]);	https://manual.gamemaker.io/monthly/en/GameMaker_Language/GML_Reference/Asset_Management/Fonts/font_enable_effects.htm
Asset_Management.Fonts.font_enable_sdf	font_enable_sdf	function	font_enable_sdf(ind, enable);	https://manual.gamemaker.io/monthly/en/GameMaker_Language/GML_Reference/Asset_Management/Fonts/font_enable_sdf.htm
Asset_Management.Fonts.font_exists	font_exists	function	font_exists(ind);	https://manual.gamemaker.io/monthly/en/GameMaker_Language/GML_Reference/Asset_Management/Fonts/font_exists.htm
Asset_Management.Fonts.font_get_bold	font_get_bold	function	font_get_bold(ind);	https://manual.gamemaker.io/monthly/en/GameMaker_Language/GML_Reference/Asset_Management/Fonts/font_get_bold.htm
Asset_Management.Fonts.font_get_first	font_get_first	function	font_get_first(ind);	https://manual.gamemaker.io/monthly/en/GameMaker_Language/GML_Reference/Asset_Management/Fonts/font_get_first.htm
Asset_Management.Fonts.font_get_fontname	font_get_fontname	function	font_get_fontname(ind);	https://manual.gamemaker.io/monthly/en/GameMaker_Language/GML_Reference/Asset_Management/Fonts/font_get_fontname.htm
Asset_Management.Fonts.font_get_info	font_get_info	function	font_get_info(font);	https://manual.gamemaker.io/monthly/en/GameMaker_Language/GML_Reference/Asset_Management/Fonts/font_get_info.htm
Asset_Management.Fonts.font_get_italic	font_get_italic	function	font_get_italic(ind);	https://manual.gamemaker.io/monthly/en/GameMaker_Language/GML_Reference/Asset_Management/Fonts/font_get_italic.htm
Asset_Management.Fonts.font_get_last	font_get_last	function	font_get_last(ind);	https://manual.gamemaker.io/monthly/en/GameMaker_Language/GML_Reference/Asset_Management/Fonts/font_get_last.htm
Asset_Management.Fonts.font_get_name	font_get_name	function	font_get_name(ind);	https://manual.gamemaker.io/monthly/en/GameMaker_Language/GML_Reference/Asset_Management/Fonts/font_get_name.htm
Asset_Management.Fonts.font_get_sdf_enabled	font_get_sdf_enabled	function	font_get_sdf_enabled(ind);	https://manual.gamemaker.io/monthly/en/GameMaker_Language/GML_Reference/Asset_Management/Fonts/font_get_sdf_enabled.htm
Asset_Management.Fonts.font_get_sdf_spread	font_get_sdf_spread	function	font_get_sdf_spread(ind);	https://manual.gamemaker.io/monthly/en/GameMaker_Language/GML_Reference/Asset_Management/Fonts/font_get_sdf_spread.htm
Asset_Management.Fonts.font_get_size	font_get_size	function	font_get_size(ind);	https://manual.gamemaker.io/monthly/en/GameMaker_Language/GML_Reference/Asset_Management/Fonts/font_get_size.htm
Asset_Management.Fonts.font_get_texture	font_get_texture	function	font_get_texture(font);	https://manual.gamemaker.io/monthly/en/GameMaker_Language/GML_Reference/Asset_Management/Fonts/font_get_texture.htm
Asset_Management.Fonts.font_get_uvs	font_get_uvs	function	font_get_uvs(font);	https://manual.gamemaker.io/monthly/en/GameMaker_Language/GML_Reference/Asset_Management/Fonts/font_get_uvs.htm
Asset_Management.Fonts.font_replace_sprite	font_replace_sprite	function	font_replace_sprite(ind, spr, first, prop, sep);	https://manual.gamemaker.io/monthly/en/GameMaker_Language/GML_Reference/Asset_Management/Fonts/font_replace_sprite.htm
Asset_Management.Fonts.font_replace_sprite_ext	font_replace_sprite_ext	function	font_replace_sprite_ext(font, spr, string_map, prop, sep);	https://manual.gamemaker.io/monthly/en/GameMaker_Language/GML_Reference/Asset_Management/Fonts/font_replace_sprite_ext.htm
Asset_Management.Fonts.font_sdf_spread	font_sdf_spread	function	font_sdf_spread(ind, spread);	https://manual.gamemaker.io/monthly/en/GameMaker_Language/GML_Reference/Asset_Management/Fonts/font_sdf_spread.htm
Asset_Management.Fonts.font_set_cache_size	font_set_cache_size	function	font_set_cache_size(ind, max);	https://manual.gamemaker.io/monthly/en/GameMaker_Language/GML_Reference/Asset_Management/Fonts/font_set_cache_size.htm
Asset_Management.Fonts.font_texture_page_size	font_texture_page_size	variable	font_texture_page_size;	https://manual.gamemaker.io/monthly/en/GameMaker_Language/GML_Reference/Asset_Management/Fonts/font_texture_page_size.htm
Asset_Management.Instances.Deactivating_Instances.instance_activate_all	instance_activate_all	function	instance_activate_all();	https://manual.gamemaker.io/monthly/en/GameMaker_Language/GML_Reference/Asset_Management/Instances/Deactivating_Instances/instance_activate_all.htm
Asset_Management.Instances.Deactivating_Instances.instance_activate_layer	instance_activate_layer	function	instance_activate_layer(layer_id);	https://manual.gamemaker.io/monthly/en/GameMaker_Language/GML_Reference/Asset_Management/Instances/Deactivating_Instances/instance_activate_layer.htm
Asset_Management.Instances.Deactivating_Instances.instance_activate_object	instance_activate_object	function	instance_activate_object(obj);	https://manual.gamemaker.io/monthly/en/GameMaker_Language/GML_Reference/Asset_Management/Instances/Deactivating_Instances/instance_activate_object.htm
Asset_Management.Instances.Deactivating_Instances.instance_activate_region	instance_activate_region	function	instance_activate_region(left, top, width, height, inside);	https://manual.gamemaker.io/monthly/en/GameMaker_Language/GML_Reference/Asset_Management/Instances/Deactivating_Instances/instance_activate_region.htm
Asset_Management.Instances.Deactivating_Instances.instance_deactivate_all	instance_deactivate_all	function	instance_deactivate_all(notme);	https://manual.gamemaker.io/monthly/en/GameMaker_Language/GML_Reference/Asset_Management/Instances/Deactivating_Instances/instance_deactivate_all.htm
Asset_Management.Instances.Deactivating_Instances.instance_deactivate_layer	instance_deactivate_layer	function	instance_deactivate_layer(obj);	https://manual.gamemaker.io/monthly/en/GameMaker_Language/GML_Reference/Asset_Management/Instances/Deactivating_Instances/instance_deactivate_layer.htm
Asset_Management.Instances.Deactivating_Instances.instance_deactivate_object	instance_deactivate_object	function	instance_deactivate_object(obj);	https://manual.gamemaker.io/monthly/en/GameMaker_Language/GML_Reference/Asset_Management/Instances/Deactivating_Instances/instance_deactivate_object.htm
Asset_Management.Instances.Deactivating_Instances.instance_deactivate_region	instance_deactivate_region	function	instance_deactivate_region(left, top, width, height, inside, notme);	https://manual.gamemaker.io/monthly/en/GameMaker_Language/GML_Reference/Asset_Management/Instances/Deactivating_Instances/instance_deactivate_region.htm
Asset_Management.Instances.Instance_Variables.alarm	alarm	variable	alarm[index]	https://manual.gamemaker.io/monthly/en/GameMaker_Language/GML_Reference/Asset_Management/Instances/Instance_Variables/alarm.htm
Asset_Management.Instances.Instance_Variables.depth	depth	variable	depth	https://manual.gamemaker.io/monthly/en/GameMaker_Language/GML_Reference/Asset_Management/Instances/Instance_Variables/depth.htm
Asset_Management.Instances.Instance_Variables.direction	direction	variable	direction;	https://manual.gamemaker.io/monthly/en/GameMaker_Language/GML_Reference/Asset_Management/Instances/Instance_Variables/direction.htm
Asset_Management.Instances.Instance_Variables.friction	friction	variable	friction;	https://manual.gamemaker.io/monthly/en/GameMaker_Language/GML_Reference/Asset_Management/Instances/Instance_Variables/friction.htm
Asset_Management.Instances.Instance_Variables.gravity	gravity	variable	gravity;	https://manual.gamemaker.io/monthly/en/GameMaker_Language/GML_Reference/Asset_Management/Instances/Instance_Variables/gravity.htm
Asset_Management.Instances.Instance_Variables.gravity_direction	gravity_direction	variable	gravity_direction;	https://manual.gamemaker.io/monthly/en/GameMaker_Language/GML_Reference/Asset_Management/Instances/Instance_Variables/gravity_direction.htm
Asset_Management.Instances.Instance_Variables.hspeed	hspeed	variable	hspeed;	https://manual.gamemaker.io/monthly/en/GameMaker_Language/GML_Reference/Asset_Management/Instances/Instance_Variables/hspeed.htm
Asset_Management.Instances.Instance_Variables.id	id	variable	id;	https://manual.gamemaker.io/monthly/en/GameMaker_Language/GML_Reference/Asset_Management/Instances/Instance_Variables/id.htm
Asset_Management.Instances.Instance_Variables.layer	layer	variable	layer;	https://manual.gamemaker.io/monthly/en/GameMaker_Language/GML_Reference/Asset_Management/Instances/Instance_Variables/layer.htm
Asset_Management.Instances.Instance_Variables.persistent	persistent	variable	persistent;	https://manual.gamemaker.io/monthly/en/GameMaker_Language/GML_Reference/Asset_Management/Instances/Instance_Variables/persistent.htm
Asset_Management.Instances.Instance_Variables.solid	solid	variable	solid	https://manual.gamemaker.io/monthly/en/GameMaker_Language/GML_Reference/Asset_Management/Instances/Instance_Variables/solid.htm
Asset_Management.Instances.Instance_Variables.speed	speed	variable	speed;	https://manual.gamemaker.io/monthly/en/GameMaker_Language/GML_Reference/Asset_Management/Instances/Instance_Variables/speed.htm
Asset_Management.Instances.Instance_Variables.visible	visible	variable	visible	https://manual.gamemaker.io/monthly/en/GameMaker_Language/GML_Reference/Asset_Management/Instances/Instance_Variables/visible.htm
Asset_Management.Instances.Instance_Variables.vspeed	vspeed	variable	vspeed;	https://manual.gamemaker.io/monthly/en/GameMaker_Language/GML_Reference/Asset_Management/Instances/Instance_Variables/vspeed.htm
Asset_Management.Instances.Instance_Variables.x	x	variable	x;	https://manual.gamemaker.io/monthly/en/GameMaker_Language/GML_Reference/Asset_Management/Instances/Instance_Variables/x.htm
Asset_Management.Instances.Instance_Variables.xprevious	xprevious	variable	xprevious;	https://manual.gamemaker.io/monthly/en/GameMaker_Language/GML_Reference/Asset_Management/Instances/Instance_Variables/xprevious.htm
Asset_Management.Instances.Instance_Variables.xstart	xstart	variable	xstart;	https://manual.gamemaker.io/monthly/en/GameMaker_Language/GML_Reference/Asset_Management/Instances/Instance_Variables/xstart.htm
Asset_Management.Instances.Instance_Variables.y	y	variable	y;	https://manual.gamemaker.io/monthly/en/GameMaker_Language/GML_Reference/Asset_Management/Instances/Instance_Variables/y.htm
Asset_Management.Instances.Instance_Variables.yprevious	yprevious	variable	yprevious;	https://manual.gamemaker.io/monthly/en/GameMaker_Language/GML_Reference/Asset_Management/Instances/Instance_Variables/yprevious.htm
Asset_Management.Instances.Instance_Variables.ystart	ystart	variable	ystart;	https://manual.gamemaker.io/monthly/en/GameMaker_Language/GML_Reference/Asset_Management/Instances/Instance_Variables/ystart.htm
Asset_Management.Instances.alarm_get	alarm_get	function	alarm_get(index);	https://manual.gamemaker.io/monthly/en/GameMaker_Language/GML_Reference/Asset_Management/Instances/alarm_get.htm
Asset_Management.Instances.alarm_set	alarm_set	function	alarm_set(index, value);	https://manual.gamemaker.io/monthly/en/GameMaker_Language/GML_Reference/Asset_Management/Instances/alarm_set.htm
Asset_Management.Instances.instance_change	instance_change	function	instance_change(obj, perf);	https://manual.gamemaker.io/monthly/en/GameMaker_Language/GML_Reference/Asset_Management/Instances/instance_change.htm
Asset_Management.Instances.instance_copy	instance_copy	function	instance_copy(perf);	https://manual.gamemaker.io/monthly/en/GameMaker_Language/GML_Reference/Asset_Management/Instances/instance_copy.htm
Asset_Management.Instances.instance_count	instance_count	variable	instance_count;	https://manual.gamemaker.io/monthly/en/GameMaker_Language/GML_Reference/Asset_Management/Instances/instance_count.htm
Asset_Management.Instances.instance_create_depth	instance_create_depth	function	instance_create_depth(x, y, depth, obj, [var_struct]);	https://manual.gamemaker.io/monthly/en/GameMaker_Language/GML_Reference/Asset_Management/Instances/instance_create_depth.htm
Asset_Management.Instances.instance_create_layer	instance_create_layer	function	instance_create_layer(x, y, layer_id, obj, [var_struct]);	https://manual.gamemaker.io/monthly/en/GameMaker_Language/GML_Reference/Asset_Management/Instances/instance_create_layer.htm
Asset_Management.Instances.instance_destroy	instance_destroy	function	instance_destroy(other);      // destroy the "other" instance in a Collision Event instance_destroy(obj_Bullet); // destroy ALL instances of the object "obj_Bullet"	https://manual.gamemaker.io/monthly/en/GameMaker_Language/GML_Reference/Asset_Management/Instances/instance_destroy.htm
Asset_Management.Instances.instance_exists	instance_exists	function	instance_exists(obj);	https://manual.gamemaker.io/monthly/en/GameMaker_Language/GML_Reference/Asset_Management/Instances/instance_exists.htm
Asset_Management.Instances.instance_find	instance_find	function	instance_find(obj, n);	https://manual.gamemaker.io/monthly/en/GameMaker_Language/GML_Reference/Asset_Management/Instances/instance_find.htm
Asset_Management.Instances.instance_furthest	instance_furthest	function	instance_furthest(x, y, obj);	https://manual.gamemaker.io/monthly/en/GameMaker_Language/GML_Reference/Asset_Management/Instances/instance_furthest.htm
Asset_Management.Instances.instance_id	instance_id	variable	instance_id[index]	https://manual.gamemaker.io/monthly/en/GameMaker_Language/GML_Reference/Asset_Management/Instances/instance_id.htm
Asset_Management.Instances.instance_id_get	instance_id_get	function	instance_id_get(index);	https://manual.gamemaker.io/monthly/en/GameMaker_Language/GML_Reference/Asset_Management/Instances/instance_id_get.htm
Asset_Management.Instances.instance_nearest	instance_nearest	function	instance_nearest(x, y, obj);	https://manual.gamemaker.io/monthly/en/GameMaker_Language/GML_Reference/Asset_Management/Instances/instance_nearest.htm
Asset_Management.Instances.instance_number	instance_number	function	instance_number(obj);	https://manual.gamemaker.io/monthly/en/GameMaker_Language/GML_Reference/Asset_Management/Instances/instance_number.htm
Asset_Management.Instances.instance_place	instance_place	function	instance_place(x, y, obj);	https://manual.gamemaker.io/monthly/en/GameMaker_Language/GML_Reference/Asset_Management/Instances/instance_place.htm
Asset_Management.Instances.instance_place_list	instance_place_list	function	instance_place_list(x, y, obj, list, ordered);	https://manual.gamemaker.io/monthly/en/GameMaker_Language/GML_Reference/Asset_Management/Instances/instance_place_list.htm
Asset_Management.Instances.instance_position	instance_position	function	instance_position(x, y, obj);	https://manual.gamemaker.io/monthly/en/GameMaker_Language/GML_Reference/Asset_Management/Instances/instance_position.htm
Asset_Management.Instances.instance_position_list	instance_position_list	function	instance_position_list(x, y, obj, list, ordered);	https://manual.gamemaker.io/monthly/en/GameMaker_Language/GML_Reference/Asset_Management/Instances/instance_position_list.htm
Asset_Management.Objects.Object_Events.ev_animation_end	ev_animation_end	constant	ev_animation_end	https://manual.gamemaker.io/monthly/en/GameMaker_Language/GML_Reference/Asset_Management/Objects/Object_Events/event_perform.htm
Asset_Management.Objects.Object_Events.ev_animation_event	ev_animation_event	constant	ev_animation_event	https://manual.gamemaker.io/monthly/en/GameMaker_Language/GML_Reference/Asset_Management/Objects/Object_Events/event_perform.htm
Asset_Management.Objects.Object_Events.ev_animation_update	ev_animation_update	constant	ev_animation_update	https://manual.gamemaker.io/monthly/en/GameMaker_Language/GML_Reference/Asset_Management/Objects/Object_Events/event_perform.htm
Asset_Management.Objects.Object_Events.ev_async_audio_playback	ev_async_audio_playback	constant	ev_async_audio_playback	https://manual.gamemaker.io/monthly/en/GameMaker_Language/GML_Reference/Asset_Management/Objects/Object_Events/event_perform_async.htm
Asset_Management.Objects.Object_Events.ev_async_audio_playback_ended	ev_async_audio_playback_ended	constant	ev_async_audio_playback_ended	https://manual.gamemaker.io/monthly/en/GameMaker_Language/GML_Reference/Asset_Management/Objects/Object_Events/event_perform_async.htm
Asset_Management.Objects.Object_Events.ev_async_audio_recording	ev_async_audio_recording	constant	ev_async_audio_recording	https://manual.gamemaker.io/monthly/en/GameMaker_Language/GML_Reference/Asset_Management/Objects/Object_Events/event_perform_async.htm
Asset_Management.Objects.Object_Events.ev_async_dialog	ev_async_dialog	constant	ev_async_dialog	https://manual.gamemaker.io/monthly/en/GameMaker_Language/GML_Reference/Asset_Management/Objects/Object_Events/event_perform_async.htm
Asset_Management.Objects.Object_Events.ev_async_dialog_async	ev_async_dialog_async	unknown	undefined	https://manual.gamemaker.io/monthly/en/GameMaker_Language/GML_Reference/Asset_Management/Objects/Object_Events/event_perform_async.htm
Asset_Management.Objects.Object_Events.ev_async_message_event	ev_async_message_event	unknown	undefined	https://manual.gamemaker.io/monthly/en/GameMaker_Language/GML_Reference/Asset_Management/Objects/Object_Events/event_perform_async.htm
Asset_Management.Objects.Object_Events.ev_async_push_notification	ev_async_push_notification	constant	ev_async_push_notification	https://manual.gamemaker.io/monthly/en/GameMaker_Language/GML_Reference/Asset_Management/Objects/Object_Events/event_perform_async.htm
Asset_Management.Objects.Object_Events.ev_async_save_load	ev_async_save_load	constant	ev_async_save_load	https://manual.gamemaker.io/monthly/en/GameMaker_Language/GML_Reference/Asset_Management/Objects/Object_Events/event_perform_async.htm
Asset_Management.Objects.Object_Events.ev_async_social	ev_async_social	constant	ev_async_social	https://manual.gamemaker.io/monthly/en/GameMaker_Language/GML_Reference/Asset_Management/Objects/Object_Events/event_perform_async.htm
Asset_Management.Objects.Object_Events.ev_async_system_event	ev_async_system_event	constant	ev_async_system_event	https://manual.gamemaker.io/monthly/en/GameMaker_Language/GML_Reference/Asset_Management/Objects/Object_Events/event_perform_async.htm
Asset_Management.Objects.Object_Events.ev_async_web	ev_async_web	constant	ev_async_web	https://manual.gamemaker.io/monthly/en/GameMaker_Language/GML_Reference/Asset_Management/Objects/Object_Events/event_perform_async.htm
Asset_Management.Objects.Object_Events.ev_async_web_async	ev_async_web_async	unknown	undefined	https://manual.gamemaker.io/monthly/en/GameMaker_Language/GML_Reference/Asset_Management/Objects/Object_Events/event_perform_async.htm
Asset_Management.Objects.Object_Events.ev_async_web_cloud	ev_async_web_cloud	constant	ev_async_web_cloud	https://manual.gamemaker.io/monthly/en/GameMaker_Language/GML_Reference/Asset_Management/Objects/Object_Events/event_perform_async.htm
Asset_Management.Objects.Object_Events.ev_async_web_iap	ev_async_web_iap	constant	ev_async_web_iap	https://manual.gamemaker.io/monthly/en/GameMaker_Language/GML_Reference/Asset_Management/Objects/Object_Events/event_perform_async.htm
Asset_Management.Objects.Object_Events.ev_async_web_image_load	ev_async_web_image_load	constant	ev_async_web_image_load	https://manual.gamemaker.io/monthly/en/GameMaker_Language/GML_Reference/Asset_Management/Objects/Object_Events/event_perform_async.htm
Asset_Management.Objects.Object_Events.ev_async_web_image_loaded	ev_async_web_image_loaded	unknown	undefined	https://manual.gamemaker.io/monthly/en/GameMaker_Language/GML_Reference/Asset_Management/Objects/Object_Events/event_perform_async.htm
Asset_Management.Objects.Object_Events.ev_async_web_networking	ev_async_web_networking	constant	ev_async_web_networking	https://manual.gamemaker.io/monthly/en/GameMaker_Language/GML_Reference/Asset_Management/Objects/Object_Events/event_perform_async.htm
Asset_Management.Objects.Object_Events.ev_async_web_sound_load	ev_async_web_sound_load	unknown	undefined	https://manual.gamemaker.io/monthly/en/GameMaker_Language/GML_Reference/Asset_Management/Objects/Object_Events/event_perform_async.htm
Asset_Management.Objects.Object_Events.ev_async_web_steam	ev_async_web_steam	constant	ev_async_web_steam	https://manual.gamemaker.io/monthly/en/GameMaker_Language/GML_Reference/Asset_Management/Objects/Object_Events/event_perform_async.htm
Asset_Management.Objects.Object_Events.ev_boundary	ev_boundary	constant	ev_boundary	https://manual.gamemaker.io/monthly/en/GameMaker_Language/GML_Reference/Asset_Management/Objects/Object_Events/event_perform.htm
Asset_Management.Objects.Object_Events.ev_boundary_view0	ev_boundary_view0	constant	ev_boundary_view0	https://manual.gamemaker.io/monthly/en/GameMaker_Language/GML_Reference/Asset_Management/Objects/Object_Events/event_perform.htm
Asset_Management.Objects.Object_Events.ev_boundary_view1	ev_boundary_view1	constant	ev_boundary_view1	https://manual.gamemaker.io/monthly/en/GameMaker_Language/GML_Reference/Asset_Management/Objects/Object_Events/event_perform.htm
Asset_Management.Objects.Object_Events.ev_boundary_view2	ev_boundary_view2	constant	ev_boundary_view2	https://manual.gamemaker.io/monthly/en/GameMaker_Language/GML_Reference/Asset_Management/Objects/Object_Events/event_perform.htm
Asset_Management.Objects.Object_Events.ev_boundary_view3	ev_boundary_view3	constant	ev_boundary_view3	https://manual.gamemaker.io/monthly/en/GameMaker_Language/GML_Reference/Asset_Management/Objects/Object_Events/event_perform.htm
Asset_Management.Objects.Object_Events.ev_boundary_view4	ev_boundary_view4	constant	ev_boundary_view4	https://manual.gamemaker.io/monthly/en/GameMaker_Language/GML_Reference/Asset_Management/Objects/Object_Events/event_perform.htm
Asset_Management.Objects.Object_Events.ev_boundary_view5	ev_boundary_view5	constant	ev_boundary_view5	https://manual.gamemaker.io/monthly/en/GameMaker_Language/GML_Reference/Asset_Management/Objects/Object_Events/event_perform.htm
Asset_Management.Objects.Object_Events.ev_boundary_view6	ev_boundary_view6	constant	ev_boundary_view6	https://manual.gamemaker.io/monthly/en/GameMaker_Language/GML_Reference/Asset_Management/Objects/Object_Events/event_perform.htm
Asset_Management.Objects.Object_Events.ev_boundary_view7	ev_boundary_view7	constant	ev_boundary_view7	https://manual.gamemaker.io/monthly/en/GameMaker_Language/GML_Reference/Asset_Management/Objects/Object_Events/event_perform.htm
Asset_Management.Objects.Object_Events.ev_broadcast_message	ev_broadcast_message	constant	ev_broadcast_message	https://manual.gamemaker.io/monthly/en/GameMaker_Language/GML_Reference/Asset_Management/Objects/Object_Events/event_perform.htm
Asset_Management.Objects.Object_Events.ev_cleanup	ev_cleanup	constant	ev_cleanup	https://manual.gamemaker.io/monthly/en/GameMaker_Language/GML_Reference/Asset_Management/Objects/Object_Events/event_perform.htm
Asset_Management.Objects.Object_Events.ev_close_button	ev_close_button	unknown	undefined	https://manual.gamemaker.io/monthly/en/GameMaker_Language/GML_Reference/Asset_Management/Objects/Object_Events/event_perform.htm
Asset_Management.Objects.Object_Events.ev_draw_begin	ev_draw_begin	constant	ev_draw_begin	https://manual.gamemaker.io/monthly/en/GameMaker_Language/GML_Reference/Asset_Management/Objects/Object_Events/event_perform.htm
Asset_Management.Objects.Object_Events.ev_draw_end	ev_draw_end	constant	ev_draw_end	https://manual.gamemaker.io/monthly/en/GameMaker_Language/GML_Reference/Asset_Management/Objects/Object_Events/event_perform.htm
Asset_Management.Objects.Object_Events.ev_draw_normal	ev_draw_normal	constant	ev_draw_normal	https://manual.gamemaker.io/monthly/en/GameMaker_Language/GML_Reference/Asset_Management/Objects/Object_Events/event_perform.htm
Asset_Management.Objects.Object_Events.ev_draw_post	ev_draw_post	constant	ev_draw_post	https://manual.gamemaker.io/monthly/en/GameMaker_Language/GML_Reference/Asset_Management/Objects/Object_Events/event_perform.htm
Asset_Management.Objects.Object_Events.ev_draw_pre	ev_draw_pre	constant	ev_draw_pre	https://manual.gamemaker.io/monthly/en/GameMaker_Language/GML_Reference/Asset_Management/Objects/Object_Events/event_perform.htm
Asset_Management.Objects.Object_Events.ev_end_of_path	ev_end_of_path	constant	ev_end_of_path	https://manual.gamemaker.io/monthly/en/GameMaker_Language/GML_Reference/Asset_Management/Objects/Object_Events/event_perform.htm
Asset_Management.Objects.Object_Events.ev_game_end	ev_game_end	constant	ev_game_end	https://manual.gamemaker.io/monthly/en/GameMaker_Language/GML_Reference/Asset_Management/Objects/Object_Events/event_perform.htm
Asset_Management.Objects.Object_Events.ev_game_start	ev_game_start	constant	ev_game_start	https://manual.gamemaker.io/monthly/en/GameMaker_Language/GML_Reference/Asset_Management/Objects/Object_Events/event_perform.htm
Asset_Management.Objects.Object_Events.ev_gesture_double_tap	ev_gesture_double_tap	constant	ev_gesture_double_tap	https://manual.gamemaker.io/monthly/en/GameMaker_Language/GML_Reference/Asset_Management/Objects/Object_Events/event_perform.htm
Asset_Management.Objects.Object_Events.ev_gesture_drag_end	ev_gesture_drag_end	constant	ev_gesture_drag_end	https://manual.gamemaker.io/monthly/en/GameMaker_Language/GML_Reference/Asset_Management/Objects/Object_Events/event_perform.htm
Asset_Management.Objects.Object_Events.ev_gesture_drag_start	ev_gesture_drag_start	constant	ev_gesture_drag_start	https://manual.gamemaker.io/monthly/en/GameMaker_Language/GML_Reference/Asset_Management/Objects/Object_Events/event_perform.htm
Asset_Management.Objects.Object_Events.ev_gesture_dragging	ev_gesture_dragging	constant	ev_gesture_dragging	https://manual.gamemaker.io/monthly/en/GameMaker_Language/GML_Reference/Asset_Management/Objects/Object_Events/event_perform.htm
Asset_Management.Objects.Object_Events.ev_gesture_flick	ev_gesture_flick	constant	ev_gesture_flick	https://manual.gamemaker.io/monthly/en/GameMaker_Language/GML_Reference/Asset_Management/Objects/Object_Events/event_perform.htm
Asset_Management.Objects.Object_Events.ev_gesture_pinch_end	ev_gesture_pinch_end	constant	ev_gesture_pinch_end	https://manual.gamemaker.io/monthly/en/GameMaker_Language/GML_Reference/Asset_Management/Objects/Object_Events/event_perform.htm
Asset_Management.Objects.Object_Events.ev_gesture_pinch_in	ev_gesture_pinch_in	constant	ev_gesture_pinch_in	https://manual.gamemaker.io/monthly/en/GameMaker_Language/GML_Reference/Asset_Management/Objects/Object_Events/event_perform.htm
Asset_Management.Objects.Object_Events.ev_gesture_pinch_out	ev_gesture_pinch_out	constant	ev_gesture_pinch_out	https://manual.gamemaker.io/monthly/en/GameMaker_Language/GML_Reference/Asset_Management/Objects/Object_Events/event_perform.htm
Asset_Management.Objects.Object_Events.ev_gesture_pinch_start	ev_gesture_pinch_start	constant	ev_gesture_pinch_start	https://manual.gamemaker.io/monthly/en/GameMaker_Language/GML_Reference/Asset_Management/Objects/Object_Events/event_perform.htm
Asset_Management.Objects.Object_Events.ev_gesture_rotate_end	ev_gesture_rotate_end	constant	ev_gesture_rotate_end	https://manual.gamemaker.io/monthly/en/GameMaker_Language/GML_Reference/Asset_Management/Objects/Object_Events/event_perform.htm
Asset_Management.Objects.Object_Events.ev_gesture_rotate_start	ev_gesture_rotate_start	constant	ev_gesture_rotate_start	https://manual.gamemaker.io/monthly/en/GameMaker_Language/GML_Reference/Asset_Management/Objects/Object_Events/event_perform.htm
Asset_Management.Objects.Object_Events.ev_gesture_rotating	ev_gesture_rotating	constant	ev_gesture_rotating	https://manual.gamemaker.io/monthly/en/GameMaker_Language/GML_Reference/Asset_Management/Objects/Object_Events/event_perform.htm
Asset_Management.Objects.Object_Events.ev_gesture_tap	ev_gesture_tap	constant	ev_gesture_tap	https://manual.gamemaker.io/monthly/en/GameMaker_Language/GML_Reference/Asset_Management/Objects/Object_Events/event_perform.htm
Asset_Management.Objects.Object_Events.ev_global_gesture_double_tap	ev_global_gesture_double_tap	constant	ev_global_gesture_double_tap	https://manual.gamemaker.io/monthly/en/GameMaker_Language/GML_Reference/Asset_Management/Objects/Object_Events/event_perform.htm
Asset_Management.Objects.Object_Events.ev_global_gesture_drag_end	ev_global_gesture_drag_end	constant	ev_global_gesture_drag_end	https://manual.gamemaker.io/monthly/en/GameMaker_Language/GML_Reference/Asset_Management/Objects/Object_Events/event_perform.htm
Asset_Management.Objects.Object_Events.ev_global_gesture_drag_start	ev_global_gesture_drag_start	constant	ev_global_gesture_drag_start	https://manual.gamemaker.io/monthly/en/GameMaker_Language/GML_Reference/Asset_Management/Objects/Object_Events/event_perform.htm
Asset_Management.Objects.Object_Events.ev_global_gesture_dragging	ev_global_gesture_dragging	constant	ev_global_gesture_dragging	https://manual.gamemaker.io/monthly/en/GameMaker_Language/GML_Reference/Asset_Management/Objects/Object_Events/event_perform.htm
Asset_Management.Objects.Object_Events.ev_global_gesture_flick	ev_global_gesture_flick	constant	ev_global_gesture_flick	https://manual.gamemaker.io/monthly/en/GameMaker_Language/GML_Reference/Asset_Management/Objects/Object_Events/event_perform.htm
Asset_Management.Objects.Object_Events.ev_global_gesture_pinch_end	ev_global_gesture_pinch_end	constant	ev_global_gesture_pinch_end	https://manual.gamemaker.io/monthly/en/GameMaker_Language/GML_Reference/Asset_Management/Objects/Object_Events/event_perform.htm
Asset_Management.Objects.Object_Events.ev_global_gesture_pinch_in	ev_global_gesture_pinch_in	constant	ev_global_gesture_pinch_in	https://manual.gamemaker.io/monthly/en/GameMaker_Language/GML_Reference/Asset_Management/Objects/Object_Events/event_perform.htm
Asset_Management.Objects.Object_Events.ev_global_gesture_pinch_out	ev_global_gesture_pinch_out	constant	ev_global_gesture_pinch_out	https://manual.gamemaker.io/monthly/en/GameMaker_Language/GML_Reference/Asset_Management/Objects/Object_Events/event_perform.htm
Asset_Management.Objects.Object_Events.ev_global_gesture_pinch_start	ev_global_gesture_pinch_start	constant	ev_global_gesture_pinch_start	https://manual.gamemaker.io/monthly/en/GameMaker_Language/GML_Reference/Asset_Management/Objects/Object_Events/event_perform.htm
Asset_Management.Objects.Object_Events.ev_global_gesture_rotate_end	ev_global_gesture_rotate_end	constant	ev_global_gesture_rotate_end	https://manual.gamemaker.io/monthly/en/GameMaker_Language/GML_Reference/Asset_Management/Objects/Object_Events/event_perform.htm
Asset_Management.Objects.Object_Events.ev_global_gesture_rotate_start	ev_global_gesture_rotate_start	constant	ev_global_gesture_rotate_start	https://manual.gamemaker.io/monthly/en/GameMaker_Language/GML_Reference/Asset_Management/Objects/Object_Events/event_perform.htm
Asset_Management.Objects.Object_Events.ev_global_gesture_rotating	ev_global_gesture_rotating	constant	ev_global_gesture_rotating	https://manual.gamemaker.io/monthly/en/GameMaker_Language/GML_Reference/Asset_Management/Objects/Object_Events/event_perform.htm
Asset_Management.Objects.Object_Events.ev_global_gesture_tap	ev_global_gesture_tap	constant	ev_global_gesture_tap	https://manual.gamemaker.io/monthly/en/GameMaker_Language/GML_Reference/Asset_Management/Objects/Object_Events/event_perform.htm
Asset_Management.Objects.Object_Events.ev_global_left_button	ev_global_left_button	constant	ev_global_left_button	https://manual.gamemaker.io/monthly/en/GameMaker_Language/GML_Reference/Asset_Management/Objects/Object_Events/event_perform.htm
Asset_Management.Objects.Object_Events.ev_global_left_press	ev_global_left_press	constant	ev_global_left_press	https://manual.gamemaker.io/monthly/en/GameMaker_Language/GML_Reference/Asset_Management/Objects/Object_Events/event_perform.htm
Asset_Management.Objects.Object_Events.ev_global_left_release	ev_global_left_release	constant	ev_global_left_release	https://manual.gamemaker.io/monthly/en/GameMaker_Language/GML_Reference/Asset_Management/Objects/Object_Events/event_perform.htm
Asset_Management.Objects.Object_Events.ev_global_middle_button	ev_global_middle_button	constant	ev_global_middle_button	https://manual.gamemaker.io/monthly/en/GameMaker_Language/GML_Reference/Asset_Management/Objects/Object_Events/event_perform.htm
Asset_Management.Objects.Object_Events.ev_global_middle_press	ev_global_middle_press	constant	ev_global_middle_press	https://manual.gamemaker.io/monthly/en/GameMaker_Language/GML_Reference/Asset_Management/Objects/Object_Events/event_perform.htm
Asset_Management.Objects.Object_Events.ev_global_middle_release	ev_global_middle_release	constant	ev_global_middle_release	https://manual.gamemaker.io/monthly/en/GameMaker_Language/GML_Reference/Asset_Management/Objects/Object_Events/event_perform.htm
Asset_Management.Objects.Object_Events.ev_global_right_button	ev_global_right_button	constant	ev_global_right_button	https://manual.gamemaker.io/monthly/en/GameMaker_Language/GML_Reference/Asset_Management/Objects/Object_Events/event_perform.htm
Asset_Management.Objects.Object_Events.ev_global_right_press	ev_global_right_press	constant	ev_global_right_press	https://manual.gamemaker.io/monthly/en/GameMaker_Language/GML_Reference/Asset_Management/Objects/Object_Events/event_perform.htm
Asset_Management.Objects.Object_Events.ev_global_right_release	ev_global_right_release	constant	ev_global_right_release	https://manual.gamemaker.io/monthly/en/GameMaker_Language/GML_Reference/Asset_Management/Objects/Object_Events/event_perform.htm
Asset_Management.Objects.Object_Events.ev_gui	ev_gui	constant	ev_gui	https://manual.gamemaker.io/monthly/en/GameMaker_Language/GML_Reference/Asset_Management/Objects/Object_Events/event_perform.htm
Asset_Management.Objects.Object_Events.ev_gui_begin	ev_gui_begin	constant	ev_gui_begin	https://manual.gamemaker.io/monthly/en/GameMaker_Language/GML_Reference/Asset_Management/Objects/Object_Events/event_perform.htm
Asset_Management.Objects.Object_Events.ev_gui_end	ev_gui_end	constant	ev_gui_end	https://manual.gamemaker.io/monthly/en/GameMaker_Language/GML_Reference/Asset_Management/Objects/Object_Events/event_perform.htm
Asset_Management.Objects.Object_Events.ev_left_button	ev_left_button	constant	ev_left_button	https://manual.gamemaker.io/monthly/en/GameMaker_Language/GML_Reference/Asset_Management/Objects/Object_Events/event_perform.htm
Asset_Management.Objects.Object_Events.ev_left_press	ev_left_press	constant	ev_left_press	https://manual.gamemaker.io/monthly/en/GameMaker_Language/GML_Reference/Asset_Management/Objects/Object_Events/event_perform.htm
Asset_Management.Objects.Object_Events.ev_left_release	ev_left_release	constant	ev_left_release	https://manual.gamemaker.io/monthly/en/GameMaker_Language/GML_Reference/Asset_Management/Objects/Object_Events/event_perform.htm
Asset_Management.Objects.Object_Events.ev_middle_button	ev_middle_button	constant	ev_middle_button	https://manual.gamemaker.io/monthly/en/GameMaker_Language/GML_Reference/Asset_Management/Objects/Object_Events/event_perform.htm
Asset_Management.Objects.Object_Events.ev_middle_press	ev_middle_press	constant	ev_middle_press	https://manual.gamemaker.io/monthly/en/GameMaker_Language/GML_Reference/Asset_Management/Objects/Object_Events/event_perform.htm
Asset_Management.Objects.Object_Events.ev_middle_release	ev_middle_release	constant	ev_middle_release	https://manual.gamemaker.io/monthly/en/GameMaker_Language/GML_Reference/Asset_Management/Objects/Object_Events/event_perform.htm
Asset_Management.Objects.Object_Events.ev_mouse_enter	ev_mouse_enter	constant	ev_mouse_enter	https://manual.gamemaker.io/monthly/en/GameMaker_Language/GML_Reference/Asset_Management/Objects/Object_Events/event_perform.htm
Asset_Management.Objects.Object_Events.ev_mouse_leave	ev_mouse_leave	constant	ev_mouse_leave	https://manual.gamemaker.io/monthly/en/GameMaker_Language/GML_Reference/Asset_Management/Objects/Object_Events/event_perform.htm
Asset_Management.Objects.Object_Events.ev_mouse_wheel_down	ev_mouse_wheel_down	constant	ev_mouse_wheel_down	https://manual.gamemaker.io/monthly/en/GameMaker_Language/GML_Reference/Asset_Management/Objects/Object_Events/event_perform.htm
Asset_Management.Objects.Object_Events.ev_mouse_wheel_up	ev_mouse_wheel_up	constant	ev_mouse_wheel_up	https://manual.gamemaker.io/monthly/en/GameMaker_Language/GML_Reference/Asset_Management/Objects/Object_Events/event_perform.htm
Asset_Management.Objects.Object_Events.ev_no_button	ev_no_button	constant	ev_no_button	https://manual.gamemaker.io/monthly/en/GameMaker_Language/GML_Reference/Asset_Management/Objects/Object_Events/event_perform.htm
Asset_Management.Objects.Object_Events.ev_no_more_health	ev_no_more_health	unknown	undefined	https://manual.gamemaker.io/monthly/en/GameMaker_Language/GML_Reference/Asset_Management/Objects/Object_Events/event_perform.htm
Asset_Management.Objects.Object_Events.ev_no_more_lives	ev_no_more_lives	unknown	undefined	https://manual.gamemaker.io/monthly/en/GameMaker_Language/GML_Reference/Asset_Management/Objects/Object_Events/event_perform.htm
Asset_Management.Objects.Object_Events.ev_outside	ev_outside	constant	ev_outside	https://manual.gamemaker.io/monthly/en/GameMaker_Language/GML_Reference/Asset_Management/Objects/Object_Events/event_perform.htm
Asset_Management.Objects.Object_Events.ev_outside_view0	ev_outside_view0	constant	ev_outside_view0	https://manual.gamemaker.io/monthly/en/GameMaker_Language/GML_Reference/Asset_Management/Objects/Object_Events/event_perform.htm
Asset_Management.Objects.Object_Events.ev_outside_view1	ev_outside_view1	constant	ev_outside_view1	https://manual.gamemaker.io/monthly/en/GameMaker_Language/GML_Reference/Asset_Management/Objects/Object_Events/event_perform.htm
Asset_Management.Objects.Object_Events.ev_outside_view2	ev_outside_view2	constant	ev_outside_view2	https://manual.gamemaker.io/monthly/en/GameMaker_Language/GML_Reference/Asset_Management/Objects/Object_Events/event_perform.htm
Asset_Management.Objects.Object_Events.ev_outside_view3	ev_outside_view3	constant	ev_outside_view3	https://manual.gamemaker.io/monthly/en/GameMaker_Language/GML_Reference/Asset_Management/Objects/Object_Events/event_perform.htm
Asset_Management.Objects.Object_Events.ev_outside_view4	ev_outside_view4	constant	ev_outside_view4	https://manual.gamemaker.io/monthly/en/GameMaker_Language/GML_Reference/Asset_Management/Objects/Object_Events/event_perform.htm
Asset_Management.Objects.Object_Events.ev_outside_view5	ev_outside_view5	constant	ev_outside_view5	https://manual.gamemaker.io/monthly/en/GameMaker_Language/GML_Reference/Asset_Management/Objects/Object_Events/event_perform.htm
Asset_Management.Objects.Object_Events.ev_outside_view6	ev_outside_view6	constant	ev_outside_view6	https://manual.gamemaker.io/monthly/en/GameMaker_Language/GML_Reference/Asset_Management/Objects/Object_Events/event_perform.htm
Asset_Management.Objects.Object_Events.ev_outside_view7	ev_outside_view7	constant	ev_outside_view7	https://manual.gamemaker.io/monthly/en/GameMaker_Language/GML_Reference/Asset_Management/Objects/Object_Events/event_perform.htm
Asset_Management.Objects.Object_Events.ev_right_button	ev_right_button	constant	ev_right_button	https://manual.gamemaker.io/monthly/en/GameMaker_Language/GML_Reference/Asset_Management/Objects/Object_Events/event_perform.htm
Asset_Management.Objects.Object_Events.ev_right_press	ev_right_press	constant	ev_right_press	https://manual.gamemaker.io/monthly/en/GameMaker_Language/GML_Reference/Asset_Management/Objects/Object_Events/event_perform.htm
Asset_Management.Objects.Object_Events.ev_right_release	ev_right_release	constant	ev_right_release	https://manual.gamemaker.io/monthly/en/GameMaker_Language/GML_Reference/Asset_Management/Objects/Object_Events/event_perform.htm
Asset_Management.Objects.Object_Events.ev_room_end	ev_room_end	constant	ev_room_end	https://manual.gamemaker.io/monthly/en/GameMaker_Language/GML_Reference/Asset_Management/Objects/Object_Events/event_perform.htm
Asset_Management.Objects.Object_Events.ev_room_start	ev_room_start	constant	ev_room_start	https://manual.gamemaker.io/monthly/en/GameMaker_Language/GML_Reference/Asset_Management/Objects/Object_Events/event_perform.htm
Asset_Management.Objects.Object_Events.ev_step_begin	ev_step_begin	constant	ev_step_begin	https://manual.gamemaker.io/monthly/en/GameMaker_Language/GML_Reference/Asset_Management/Objects/Object_Events/event_perform.htm
Asset_Management.Objects.Object_Events.ev_step_end	ev_step_end	constant	ev_step_end	https://manual.gamemaker.io/monthly/en/GameMaker_Language/GML_Reference/Asset_Management/Objects/Object_Events/event_perform.htm
Asset_Management.Objects.Object_Events.ev_step_normal	ev_step_normal	constant	ev_step_normal	https://manual.gamemaker.io/monthly/en/GameMaker_Language/GML_Reference/Asset_Management/Objects/Object_Events/event_perform.htm
Asset_Management.Objects.Object_Events.ev_user	ev_user	unknown	undefined	https://manual.gamemaker.io/monthly/en/GameMaker_Language/GML_Reference/Asset_Management/Objects/Object_Events/event_perform.htm
Asset_Management.Objects.Object_Events.ev_user0	ev_user0	constant	ev_user0	https://manual.gamemaker.io/monthly/en/GameMaker_Language/GML_Reference/Asset_Management/Objects/Object_Events/event_perform.htm
Asset_Management.Objects.Object_Events.ev_user1	ev_user1	constant	ev_user1	https://manual.gamemaker.io/monthly/en/GameMaker_Language/GML_Reference/Asset_Management/Objects/Object_Events/event_perform.htm
Asset_Management.Objects.Object_Events.ev_user10	ev_user10	constant	ev_user10	https://manual.gamemaker.io/monthly/en/GameMaker_Language/GML_Reference/Asset_Management/Objects/Object_Events/event_perform.htm
Asset_Management.Objects.Object_Events.ev_user11	ev_user11	constant	ev_user11	https://manual.gamemaker.io/monthly/en/GameMaker_Language/GML_Reference/Asset_Management/Objects/Object_Events/event_perform.htm
Asset_Management.Objects.Object_Events.ev_user12	ev_user12	constant	ev_user12	https://manual.gamemaker.io/monthly/en/GameMaker_Language/GML_Reference/Asset_Management/Objects/Object_Events/event_perform.htm
Asset_Management.Objects.Object_Events.ev_user13	ev_user13	constant	ev_user13	https://manual.gamemaker.io/monthly/en/GameMaker_Language/GML_Reference/Asset_Management/Objects/Object_Events/event_perform.htm
Asset_Management.Objects.Object_Events.ev_user14	ev_user14	constant	ev_user14	https://manual.gamemaker.io/monthly/en/GameMaker_Language/GML_Reference/Asset_Management/Objects/Object_Events/event_perform.htm
Asset_Management.Objects.Object_Events.ev_user15	ev_user15	constant	ev_user15	https://manual.gamemaker.io/monthly/en/GameMaker_Language/GML_Reference/Asset_Management/Objects/Object_Events/event_perform.htm
Asset_Management.Objects.Object_Events.ev_user2	ev_user2	constant	ev_user2	https://manual.gamemaker.io/monthly/en/GameMaker_Language/GML_Reference/Asset_Management/Objects/Object_Events/event_perform.htm
Asset_Management.Objects.Object_Events.ev_user3	ev_user3	constant	ev_user3	https://manual.gamemaker.io/monthly/en/GameMaker_Language/GML_Reference/Asset_Management/Objects/Object_Events/event_perform.htm
Asset_Management.Objects.Object_Events.ev_user4	ev_user4	constant	ev_user4	https://manual.gamemaker.io/monthly/en/GameMaker_Language/GML_Reference/Asset_Management/Objects/Object_Events/event_perform.htm
Asset_Management.Objects.Object_Events.ev_user5	ev_user5	constant	ev_user5	https://manual.gamemaker.io/monthly/en/GameMaker_Language/GML_Reference/Asset_Management/Objects/Object_Events/event_perform.htm
Asset_Management.Objects.Object_Events.ev_user6	ev_user6	constant	ev_user6	https://manual.gamemaker.io/monthly/en/GameMaker_Language/GML_Reference/Asset_Management/Objects/Object_Events/event_perform.htm
Asset_Management.Objects.Object_Events.ev_user7	ev_user7	constant	ev_user7	https://manual.gamemaker.io/monthly/en/GameMaker_Language/GML_Reference/Asset_Management/Objects/Object_Events/event_perform.htm
Asset_Management.Objects.Object_Events.ev_user8	ev_user8	constant	ev_user8	https://manual.gamemaker.io/monthly/en/GameMaker_Language/GML_Reference/Asset_Management/Objects/Object_Events/event_perform.htm
Asset_Management.Objects.Object_Events.ev_user9	ev_user9	constant	ev_user9	https://manual.gamemaker.io/monthly/en/GameMaker_Language/GML_Reference/Asset_Management/Objects/Object_Events/event_perform.htm
Asset_Management.Objects.Object_Events.event_action	event_action	variable	event_action;	https://manual.gamemaker.io/monthly/en/GameMaker_Language/GML_Reference/Asset_Management/Objects/Object_Events/event_action.htm
Asset_Management.Objects.Object_Events.event_inherited	event_inherited	function	event_inherited();	https://manual.gamemaker.io/monthly/en/GameMaker_Language/GML_Reference/Asset_Management/Objects/Object_Events/event_inherited.htm
Asset_Management.Objects.Object_Events.event_number	event_number	variable	event_number;	https://manual.gamemaker.io/monthly/en/GameMaker_Language/GML_Reference/Asset_Management/Objects/Object_Events/event_number.htm
Asset_Management.Objects.Object_Events.event_object	event_object	variable	event_object;	https://manual.gamemaker.io/monthly/en/GameMaker_Language/GML_Reference/Asset_Management/Objects/Object_Events/event_object.htm
Asset_Management.Objects.Object_Events.event_perform	event_perform	function	event_perform(type, numb);	https://manual.gamemaker.io/monthly/en/GameMaker_Language/GML_Reference/Asset_Management/Objects/Object_Events/event_perform.htm
Asset_Management.Objects.Object_Events.event_perform	event_perform	function	event_perform(type, numb);	https://manual.gamemaker.io/monthly/en/GameMaker_Language/GML_Reference/Asset_Management/Objects/Object_Events/event_perform.htm
Asset_Management.Objects.Object_Events.event_perform	event_perform	function	event_perform(type, numb);	https://manual.gamemaker.io/monthly/en/GameMaker_Language/GML_Reference/Asset_Management/Objects/Object_Events/event_perform.htm
Asset_Management.Objects.Object_Events.event_perform	event_perform	function	event_perform(type, numb);	https://manual.gamemaker.io/monthly/en/GameMaker_Language/GML_Reference/Asset_Management/Objects/Object_Events/event_perform.htm
Asset_Management.Objects.Object_Events.event_perform	event_perform	function	event_perform(type, numb);	https://manual.gamemaker.io/monthly/en/GameMaker_Language/GML_Reference/Asset_Management/Objects/Object_Events/event_perform.htm
Asset_Management.Objects.Object_Events.event_perform	event_perform	function	event_perform(type, numb);	https://manual.gamemaker.io/monthly/en/GameMaker_Language/GML_Reference/Asset_Management/Objects/Object_Events/event_perform.htm
Asset_Management.Objects.Object_Events.event_perform	event_perform	function	event_perform(type, numb);	https://manual.gamemaker.io/monthly/en/GameMaker_Language/GML_Reference/Asset_Management/Objects/Object_Events/event_perform.htm
Asset_Management.Objects.Object_Events.event_perform	event_perform	function	event_perform(type, numb);	https://manual.gamemaker.io/monthly/en/GameMaker_Language/GML_Reference/Asset_Management/Objects/Object_Events/event_perform.htm
Asset_Management.Objects.Object_Events.event_perform	event_perform	function	event_perform(type, numb);	https://manual.gamemaker.io/monthly/en/GameMaker_Language/GML_Reference/Asset_Management/Objects/Object_Events/event_perform.htm
Asset_Management.Objects.Object_Events.event_perform	event_perform	function	event_perform(type, numb);	https://manual.gamemaker.io/monthly/en/GameMaker_Language/GML_Reference/Asset_Management/Objects/Object_Events/event_perform.htm
Asset_Management.Objects.Object_Events.event_perform	event_perform	function	event_perform(type, numb);	https://manual.gamemaker.io/monthly/en/GameMaker_Language/GML_Reference/Asset_Management/Objects/Object_Events/event_perform.htm
Asset_Management.Objects.Object_Events.event_perform	event_perform	function	event_perform(type, numb);	https://manual.gamemaker.io/monthly/en/GameMaker_Language/GML_Reference/Asset_Management/Objects/Object_Events/event_perform.htm
Asset_Management.Objects.Object_Events.event_perform	event_perform	function	event_perform(type, numb);	https://manual.gamemaker.io/monthly/en/GameMaker_Language/GML_Reference/Asset_Management/Objects/Object_Events/event_perform.htm
Asset_Management.Objects.Object_Events.event_perform_async	event_perform_async	function	event_perform_async(type, ds_map);	https://manual.gamemaker.io/monthly/en/GameMaker_Language/GML_Reference/Asset_Management/Objects/Object_Events/event_perform_async.htm
Asset_Management.Objects.Object_Events.event_perform_object	event_perform_object	function	event_perform_object(obj, type, numb);	https://manual.gamemaker.io/monthly/en/GameMaker_Language/GML_Reference/Asset_Management/Objects/Object_Events/event_perform_object.htm
Asset_Management.Objects.Object_Events.event_type	event_type	variable	event_type;	https://manual.gamemaker.io/monthly/en/GameMaker_Language/GML_Reference/Asset_Management/Objects/Object_Events/event_type.htm
Asset_Management.Objects.Object_Events.event_type	event_type	variable	event_type;	https://manual.gamemaker.io/monthly/en/GameMaker_Language/GML_Reference/Asset_Management/Objects/Object_Events/event_type.htm
Asset_Management.Objects.Object_Events.event_type	event_type	variable	event_type;	https://manual.gamemaker.io/monthly/en/GameMaker_Language/GML_Reference/Asset_Management/Objects/Object_Events/event_type.htm
Asset_Management.Objects.Object_Events.event_type	event_type	variable	event_type;	https://manual.gamemaker.io/monthly/en/GameMaker_Language/GML_Reference/Asset_Management/Objects/Object_Events/event_type.htm
Asset_Management.Objects.Object_Events.event_type	event_type	variable	event_type;	https://manual.gamemaker.io/monthly/en/GameMaker_Language/GML_Reference/Asset_Management/Objects/Object_Events/event_type.htm
Asset_Management.Objects.Object_Events.event_type	event_type	variable	event_type;	https://manual.gamemaker.io/monthly/en/GameMaker_Language/GML_Reference/Asset_Management/Objects/Object_Events/event_type.htm
Asset_Management.Objects.Object_Events.event_type	event_type	variable	event_type;	https://manual.gamemaker.io/monthly/en/GameMaker_Language/GML_Reference/Asset_Management/Objects/Object_Events/event_type.htm
Asset_Management.Objects.Object_Events.event_type	event_type	variable	event_type;	https://manual.gamemaker.io/monthly/en/GameMaker_Language/GML_Reference/Asset_Management/Objects/Object_Events/event_type.htm
Asset_Management.Objects.Object_Events.event_type	event_type	variable	event_type;	https://manual.gamemaker.io/monthly/en/GameMaker_Language/GML_Reference/Asset_Management/Objects/Object_Events/event_type.htm
Asset_Management.Objects.Object_Events.event_type	event_type	variable	event_type;	https://manual.gamemaker.io/monthly/en/GameMaker_Language/GML_Reference/Asset_Management/Objects/Object_Events/event_type.htm
Asset_Management.Objects.Object_Events.event_type	event_type	variable	event_type;	https://manual.gamemaker.io/monthly/en/GameMaker_Language/GML_Reference/Asset_Management/Objects/Object_Events/event_type.htm
Asset_Management.Objects.Object_Events.event_type	event_type	variable	event_type;	https://manual.gamemaker.io/monthly/en/GameMaker_Language/GML_Reference/Asset_Management/Objects/Object_Events/event_type.htm
Asset_Management.Objects.Object_Events.event_type	event_type	variable	event_type;	https://manual.gamemaker.io/monthly/en/GameMaker_Language/GML_Reference/Asset_Management/Objects/Object_Events/event_type.htm
Asset_Management.Objects.Object_Events.event_user	event_user	function	event_user(numb);	https://manual.gamemaker.io/monthly/en/GameMaker_Language/GML_Reference/Asset_Management/Objects/Object_Events/event_user.htm
Asset_Management.Objects.object_exists	object_exists	function	object_exists(obj);	https://manual.gamemaker.io/monthly/en/GameMaker_Language/GML_Reference/Asset_Management/Objects/object_exists.htm
Asset_Management.Objects.object_get_mask	object_get_mask	function	object_get_mask(obj);	https://manual.gamemaker.io/monthly/en/GameMaker_Language/GML_Reference/Asset_Management/Objects/object_get_mask.htm
Asset_Management.Objects.object_get_name	object_get_name	function	object_get_name(obj);	https://manual.gamemaker.io/monthly/en/GameMaker_Language/GML_Reference/Asset_Management/Objects/object_get_name.htm
Asset_Management.Objects.object_get_parent	object_get_parent	function	object_get_parent(obj);	https://manual.gamemaker.io/monthly/en/GameMaker_Language/GML_Reference/Asset_Management/Objects/object_get_parent.htm
Asset_Management.Objects.object_get_persistent	object_get_persistent	function	object_get_persistent(obj);	https://manual.gamemaker.io/monthly/en/GameMaker_Language/GML_Reference/Asset_Management/Objects/object_get_persistent.htm
Asset_Management.Objects.object_get_physics	object_get_physics	function	object_get_physics(obj);	https://manual.gamemaker.io/monthly/en/GameMaker_Language/GML_Reference/Asset_Management/Objects/object_get_physics.htm
Asset_Management.Objects.object_get_solid	object_get_solid	function	object_get_solid(obj);	https://manual.gamemaker.io/monthly/en/GameMaker_Language/GML_Reference/Asset_Management/Objects/object_get_solid.htm
Asset_Management.Objects.object_get_sprite	object_get_sprite	function	object_get_sprite(obj);	https://manual.gamemaker.io/monthly/en/GameMaker_Language/GML_Reference/Asset_Management/Objects/object_get_sprite.htm
Asset_Management.Objects.object_get_visible	object_get_visible	function	object_get_visible(obj);	https://manual.gamemaker.io/monthly/en/GameMaker_Language/GML_Reference/Asset_Management/Objects/object_get_visible.htm
Asset_Management.Objects.object_index	object_index	variable	object_index;	https://manual.gamemaker.io/monthly/en/GameMaker_Language/GML_Reference/Asset_Management/Objects/object_index.htm
Asset_Management.Objects.object_is_ancestor	object_is_ancestor	function	object_is_ancestor(obj, par);	https://manual.gamemaker.io/monthly/en/GameMaker_Language/GML_Reference/Asset_Management/Objects/object_is_ancestor.htm
Asset_Management.Objects.object_set_mask	object_set_mask	function	object_set_mask(index, spr);	https://manual.gamemaker.io/monthly/en/GameMaker_Language/GML_Reference/Asset_Management/Objects/object_set_mask.htm
Asset_Management.Objects.object_set_persistent	object_set_persistent	function	object_set_persistent(index, pers);	https://manual.gamemaker.io/monthly/en/GameMaker_Language/GML_Reference/Asset_Management/Objects/object_set_persistent.htm
Asset_Management.Objects.object_set_solid	object_set_solid	function	object_set_solid( index, solid );	https://manual.gamemaker.io/monthly/en/GameMaker_Language/GML_Reference/Asset_Management/Objects/object_set_solid.htm
Asset_Management.Objects.object_set_sprite	object_set_sprite	function	object_set_sprite( index, spr );	https://manual.gamemaker.io/monthly/en/GameMaker_Language/GML_Reference/Asset_Management/Objects/object_set_sprite.htm
Asset_Management.Objects.object_set_visible	object_set_visible	function	object_set_visible( index, vis );	https://manual.gamemaker.io/monthly/en/GameMaker_Language/GML_Reference/Asset_Management/Objects/object_set_visible.htm
Asset_Management.Paths.Path_Manipulation.path_add	path_add	function	path_add();	https://manual.gamemaker.io/monthly/en/GameMaker_Language/GML_Reference/Asset_Management/Paths/Path_Manipulation/path_add.htm
Asset_Management.Paths.Path_Manipulation.path_add_point	path_add_point	function	path_add_point(index, x, y, speed);	https://manual.gamemaker.io/monthly/en/GameMaker_Language/GML_Reference/Asset_Management/Paths/Path_Manipulation/path_add_point.htm
Asset_Management.Paths.Path_Manipulation.path_append	path_append	function	path_append(index, path);	https://manual.gamemaker.io/monthly/en/GameMaker_Language/GML_Reference/Asset_Management/Paths/Path_Manipulation/path_append.htm
Asset_Management.Paths.Path_Manipulation.path_assign	path_assign	function	path_assign(index, path);	https://manual.gamemaker.io/monthly/en/GameMaker_Language/GML_Reference/Asset_Management/Paths/Path_Manipulation/path_assign.htm
Asset_Management.Paths.Path_Manipulation.path_change_point	path_change_point	function	path_change_point(index, n, x, y, speed);	https://manual.gamemaker.io/monthly/en/GameMaker_Language/GML_Reference/Asset_Management/Paths/Path_Manipulation/path_change_point.htm
Asset_Management.Paths.Path_Manipulation.path_clear_points	path_clear_points	function	path_clear_points(index);	https://manual.gamemaker.io/monthly/en/GameMaker_Language/GML_Reference/Asset_Management/Paths/Path_Manipulation/path_clear_points.htm
Asset_Management.Paths.Path_Manipulation.path_delete	path_delete	function	path_delete(index);	https://manual.gamemaker.io/monthly/en/GameMaker_Language/GML_Reference/Asset_Management/Paths/Path_Manipulation/path_delete.htm
Asset_Management.Paths.Path_Manipulation.path_delete_point	path_delete_point	function	path_delete_point(ind, n);	https://manual.gamemaker.io/monthly/en/GameMaker_Language/GML_Reference/Asset_Management/Paths/Path_Manipulation/path_delete_point.htm
Asset_Management.Paths.Path_Manipulation.path_duplicate	path_duplicate	function	path_duplicate(index);	https://manual.gamemaker.io/monthly/en/GameMaker_Language/GML_Reference/Asset_Management/Paths/Path_Manipulation/path_duplicate.htm
Asset_Management.Paths.Path_Manipulation.path_exists	path_exists	function	path_exists(index);	https://manual.gamemaker.io/monthly/en/GameMaker_Language/GML_Reference/Asset_Management/Paths/Path_Manipulation/path_exists.htm
Asset_Management.Paths.Path_Manipulation.path_flip	path_flip	function	path_flip(index);	https://manual.gamemaker.io/monthly/en/GameMaker_Language/GML_Reference/Asset_Management/Paths/Path_Manipulation/path_flip.htm
Asset_Management.Paths.Path_Manipulation.path_insert_point	path_insert_point	function	path_insert_point(index, n, x, y, speed);	https://manual.gamemaker.io/monthly/en/GameMaker_Language/GML_Reference/Asset_Management/Paths/Path_Manipulation/path_insert_point.htm
Asset_Management.Paths.Path_Manipulation.path_mirror	path_mirror	function	path_mirror(index);	https://manual.gamemaker.io/monthly/en/GameMaker_Language/GML_Reference/Asset_Management/Paths/Path_Manipulation/path_mirror.htm
Asset_Management.Paths.Path_Manipulation.path_rescale	path_rescale	function	path_rescale(index, xscale, yscale);	https://manual.gamemaker.io/monthly/en/GameMaker_Language/GML_Reference/Asset_Management/Paths/Path_Manipulation/path_rescale.htm
Asset_Management.Paths.Path_Manipulation.path_reverse	path_reverse	function	path_reverse(index);	https://manual.gamemaker.io/monthly/en/GameMaker_Language/GML_Reference/Asset_Management/Paths/Path_Manipulation/path_reverse.htm
Asset_Management.Paths.Path_Manipulation.path_rotate	path_rotate	function	path_rotate(index, angle);	https://manual.gamemaker.io/monthly/en/GameMaker_Language/GML_Reference/Asset_Management/Paths/Path_Manipulation/path_rotate.htm
Asset_Management.Paths.Path_Manipulation.path_set_closed	path_set_closed	function	path_set_closed(index, closed);	https://manual.gamemaker.io/monthly/en/GameMaker_Language/GML_Reference/Asset_Management/Paths/Path_Manipulation/path_set_closed.htm
Asset_Management.Paths.Path_Manipulation.path_set_kind	path_set_kind	function	path_set_kind(index, val);	https://manual.gamemaker.io/monthly/en/GameMaker_Language/GML_Reference/Asset_Management/Paths/Path_Manipulation/path_set_kind.htm
Asset_Management.Paths.Path_Manipulation.path_set_precision	path_set_precision	function	path_set_precision(index, prec);	https://manual.gamemaker.io/monthly/en/GameMaker_Language/GML_Reference/Asset_Management/Paths/Path_Manipulation/path_set_precision.htm
Asset_Management.Paths.Path_Manipulation.path_shift	path_shift	function	path_shift(index, xshift, yshift);	https://manual.gamemaker.io/monthly/en/GameMaker_Language/GML_Reference/Asset_Management/Paths/Path_Manipulation/path_shift.htm
Asset_Management.Paths.Path_Variables.path_endaction	path_endaction	variable	path_endaction;	https://manual.gamemaker.io/monthly/en/GameMaker_Language/GML_Reference/Asset_Management/Paths/Path_Variables/path_endaction.htm
Asset_Management.Paths.Path_Variables.path_index	path_index	variable	path_index;	https://manual.gamemaker.io/monthly/en/GameMaker_Language/GML_Reference/Asset_Management/Paths/Path_Variables/path_index.htm
Asset_Management.Paths.Path_Variables.path_orientation	path_orientation	variable	path_orientation;	https://manual.gamemaker.io/monthly/en/GameMaker_Language/GML_Reference/Asset_Management/Paths/Path_Variables/path_orientation.htm
Asset_Management.Paths.Path_Variables.path_position	path_position	variable	path_position;	https://manual.gamemaker.io/monthly/en/GameMaker_Language/GML_Reference/Asset_Management/Paths/Path_Variables/path_position.htm
Asset_Management.Paths.Path_Variables.path_positionprevious	path_positionprevious	variable	path_positionprevious;	https://manual.gamemaker.io/monthly/en/GameMaker_Language/GML_Reference/Asset_Management/Paths/Path_Variables/path_positionprevious.htm
Asset_Management.Paths.Path_Variables.path_scale	path_scale	variable	path_scale;	https://manual.gamemaker.io/monthly/en/GameMaker_Language/GML_Reference/Asset_Management/Paths/Path_Variables/path_scale.htm
Asset_Management.Paths.Path_Variables.path_speed	path_speed	variable	path_speed;	https://manual.gamemaker.io/monthly/en/GameMaker_Language/GML_Reference/Asset_Management/Paths/Path_Variables/path_speed.htm
Asset_Management.Paths.path_action_continue	path_action_continue	constant	path_action_continue	https://manual.gamemaker.io/monthly/en/GameMaker_Language/GML_Reference/Asset_Management/Paths/path_start.htm
Asset_Management.Paths.path_action_restart	path_action_restart	constant	path_action_restart	https://manual.gamemaker.io/monthly/en/GameMaker_Language/GML_Reference/Asset_Management/Paths/path_start.htm
Asset_Management.Paths.path_action_reverse	path_action_reverse	constant	path_action_reverse	https://manual.gamemaker.io/monthly/en/GameMaker_Language/GML_Reference/Asset_Management/Paths/path_start.htm
Asset_Management.Paths.path_action_stop	path_action_stop	constant	path_action_stop	https://manual.gamemaker.io/monthly/en/GameMaker_Language/GML_Reference/Asset_Management/Paths/path_start.htm
Asset_Management.Paths.path_end	path_end	function	path_end();	https://manual.gamemaker.io/monthly/en/GameMaker_Language/GML_Reference/Asset_Management/Paths/path_end.htm
Asset_Management.Paths.path_get_closed	path_get_closed	function	path_get_closed(index);	https://manual.gamemaker.io/monthly/en/GameMaker_Language/GML_Reference/Asset_Management/Paths/path_get_closed.htm
Asset_Management.Paths.path_get_kind	path_get_kind	function	path_get_kind(index);	https://manual.gamemaker.io/monthly/en/GameMaker_Language/GML_Reference/Asset_Management/Paths/path_get_kind.htm
Asset_Management.Paths.path_get_length	path_get_length	function	path_get_length(index);	https://manual.gamemaker.io/monthly/en/GameMaker_Language/GML_Reference/Asset_Management/Paths/path_get_length.htm
Asset_Management.Paths.path_get_name	path_get_name	function	path_get_name(index);	https://manual.gamemaker.io/monthly/en/GameMaker_Language/GML_Reference/Asset_Management/Paths/path_get_name.htm
Asset_Management.Paths.path_get_number	path_get_number	function	path_get_number(index);	https://manual.gamemaker.io/monthly/en/GameMaker_Language/GML_Reference/Asset_Management/Paths/path_get_number.htm
Asset_Management.Paths.path_get_point_speed	path_get_point_speed	function	path_get_point_speed(index, n);	https://manual.gamemaker.io/monthly/en/GameMaker_Language/GML_Reference/Asset_Management/Paths/path_get_point_speed.htm
Asset_Management.Paths.path_get_point_x	path_get_point_x	function	path_get_point_x(index, n);	https://manual.gamemaker.io/monthly/en/GameMaker_Language/GML_Reference/Asset_Management/Paths/path_get_point_x.htm
Asset_Management.Paths.path_get_point_y	path_get_point_y	function	path_get_point_y(index, n);	https://manual.gamemaker.io/monthly/en/GameMaker_Language/GML_Reference/Asset_Management/Paths/path_get_point_y.htm
Asset_Management.Paths.path_get_precision	path_get_precision	function	path_get_precision(index);	https://manual.gamemaker.io/monthly/en/GameMaker_Language/GML_Reference/Asset_Management/Paths/path_get_precision.htm
Asset_Management.Paths.path_get_speed	path_get_speed	function	path_get_speed(ind, pos);	https://manual.gamemaker.io/monthly/en/GameMaker_Language/GML_Reference/Asset_Management/Paths/path_get_speed.htm
Asset_Management.Paths.path_get_x	path_get_x	function	path_get_x(ind, pos);	https://manual.gamemaker.io/monthly/en/GameMaker_Language/GML_Reference/Asset_Management/Paths/path_get_x.htm
Asset_Management.Paths.path_get_y	path_get_y	function	path_get_y(ind, pos);	https://manual.gamemaker.io/monthly/en/GameMaker_Language/GML_Reference/Asset_Management/Paths/path_get_y.htm
Asset_Management.Paths.path_start	path_start	function	path_start(path, speed, endaction, absolute);	https://manual.gamemaker.io/monthly/en/GameMaker_Language/GML_Reference/Asset_Management/Paths/path_start.htm
Asset_Management.Rooms.Background_Layers.layer_background_alpha	layer_background_alpha	function	layer_background_alpha(background_element_id, alpha);	https://manual.gamemaker.io/monthly/en/GameMaker_Language/GML_Reference/Asset_Management/Rooms/Background_Layers/layer_background_alpha.htm
Asset_Management.Rooms.Background_Layers.layer_background_blend	layer_background_blend	function	layer_background_blend(background_element_id, blend);	https://manual.gamemaker.io/monthly/en/GameMaker_Language/GML_Reference/Asset_Management/Rooms/Background_Layers/layer_background_blend.htm
Asset_Management.Rooms.Background_Layers.layer_background_change	layer_background_change	unknown	undefined	https://manual.gamemaker.io/monthly/en/GameMaker_Language/GML_Reference/Asset_Management/Rooms/Background_Layers/layer_background_sprite.htm
Asset_Management.Rooms.Background_Layers.layer_background_create	layer_background_create	function	layer_background_create(layer_id, sprite)	https://manual.gamemaker.io/monthly/en/GameMaker_Language/GML_Reference/Asset_Management/Rooms/Background_Layers/layer_background_create.htm
Asset_Management.Rooms.Background_Layers.layer_background_destroy	layer_background_destroy	function	layer_background_destroy(background_element_id)	https://manual.gamemaker.io/monthly/en/GameMaker_Language/GML_Reference/Asset_Management/Rooms/Background_Layers/layer_background_destroy.htm
Asset_Management.Rooms.Background_Layers.layer_background_exists	layer_background_exists	function	layer_background_exists(layer_id, background_element_id)	https://manual.gamemaker.io/monthly/en/GameMaker_Language/GML_Reference/Asset_Management/Rooms/Background_Layers/layer_background_exists.htm
Asset_Management.Rooms.Background_Layers.layer_background_get_alpha	layer_background_get_alpha	function	layer_background_get_alpha(background_element_id);	https://manual.gamemaker.io/monthly/en/GameMaker_Language/GML_Reference/Asset_Management/Rooms/Background_Layers/layer_background_get_alpha.htm
Asset_Management.Rooms.Background_Layers.layer_background_get_blend	layer_background_get_blend	function	layer_background_get_blend(background_element_id);	https://manual.gamemaker.io/monthly/en/GameMaker_Language/GML_Reference/Asset_Management/Rooms/Background_Layers/layer_background_get_blend.htm
Asset_Management.Rooms.Background_Layers.layer_background_get_htiled	layer_background_get_htiled	function	layer_background_get_htiled(background_element_id);	https://manual.gamemaker.io/monthly/en/GameMaker_Language/GML_Reference/Asset_Management/Rooms/Background_Layers/layer_background_get_htiled.htm
Asset_Management.Rooms.Background_Layers.layer_background_get_id	layer_background_get_id	function	layer_background_get_id(layer_id)	https://manual.gamemaker.io/monthly/en/GameMaker_Language/GML_Reference/Asset_Management/Rooms/Background_Layers/layer_background_get_id.htm
Asset_Management.Rooms.Background_Layers.layer_background_get_index	layer_background_get_index	function	layer_background_get_index(background_element_id);	https://manual.gamemaker.io/monthly/en/GameMaker_Language/GML_Reference/Asset_Management/Rooms/Background_Layers/layer_background_get_index.htm
Asset_Management.Rooms.Background_Layers.layer_background_get_speed	layer_background_get_speed	function	layer_background_get_speed(background_element_id);	https://manual.gamemaker.io/monthly/en/GameMaker_Language/GML_Reference/Asset_Management/Rooms/Background_Layers/layer_background_get_speed.htm
Asset_Management.Rooms.Background_Layers.layer_background_get_sprite	layer_background_get_sprite	function	layer_background_get_sprite(background_element_id);	https://manual.gamemaker.io/monthly/en/GameMaker_Language/GML_Reference/Asset_Management/Rooms/Background_Layers/layer_background_get_sprite.htm
Asset_Management.Rooms.Background_Layers.layer_background_get_stretch	layer_background_get_stretch	function	layer_background_get_stretch(background_element_id);	https://manual.gamemaker.io/monthly/en/GameMaker_Language/GML_Reference/Asset_Management/Rooms/Background_Layers/layer_background_get_stretch.htm
Asset_Management.Rooms.Background_Layers.layer_background_get_visible	layer_background_get_visible	function	layer_background_get_visible(background_element_id);	https://manual.gamemaker.io/monthly/en/GameMaker_Language/GML_Reference/Asset_Management/Rooms/Background_Layers/layer_background_get_visible.htm
Asset_Management.Rooms.Background_Layers.layer_background_get_vtiled	layer_background_get_vtiled	function	layer_background_get_vtiled(background_element_id);	https://manual.gamemaker.io/monthly/en/GameMaker_Language/GML_Reference/Asset_Management/Rooms/Background_Layers/layer_background_get_vtiled.htm
Asset_Management.Rooms.Background_Layers.layer_background_get_xscale	layer_background_get_xscale	function	layer_background_get_xscale(background_element_id);	https://manual.gamemaker.io/monthly/en/GameMaker_Language/GML_Reference/Asset_Management/Rooms/Background_Layers/layer_background_get_xscale.htm
Asset_Management.Rooms.Background_Layers.layer_background_get_yscale	layer_background_get_yscale	function	layer_background_get_yscale(background_element_id);	https://manual.gamemaker.io/monthly/en/GameMaker_Language/GML_Reference/Asset_Management/Rooms/Background_Layers/layer_background_get_yscale.htm
Asset_Management.Rooms.Background_Layers.layer_background_htiled	layer_background_htiled	function	layer_background_htiled(background_element_id, tiled);	https://manual.gamemaker.io/monthly/en/GameMaker_Language/GML_Reference/Asset_Management/Rooms/Background_Layers/layer_background_htiled.htm
Asset_Management.Rooms.Background_Layers.layer_background_index	layer_background_index	function	layer_background_index(background_element_id, image_index);	https://manual.gamemaker.io/monthly/en/GameMaker_Language/GML_Reference/Asset_Management/Rooms/Background_Layers/layer_background_index.htm
Asset_Management.Rooms.Background_Layers.layer_background_speed	layer_background_speed	function	layer_background_speed(background_element_id, speed);	https://manual.gamemaker.io/monthly/en/GameMaker_Language/GML_Reference/Asset_Management/Rooms/Background_Layers/layer_background_speed.htm
Asset_Management.Rooms.Background_Layers.layer_background_sprite	layer_background_sprite	function	layer_background_sprite(background_element_id, sprite_index)	https://manual.gamemaker.io/monthly/en/GameMaker_Language/GML_Reference/Asset_Management/Rooms/Background_Layers/layer_background_sprite.htm
Asset_Management.Rooms.Background_Layers.layer_background_stretch	layer_background_stretch	function	layer_background_stretch(background_element_id, stretch)	https://manual.gamemaker.io/monthly/en/GameMaker_Language/GML_Reference/Asset_Management/Rooms/Background_Layers/layer_background_stretch.htm
Asset_Management.Rooms.Background_Layers.layer_background_visible	layer_background_visible	function	layer_background_visible(background_element_id, visible)	https://manual.gamemaker.io/monthly/en/GameMaker_Language/GML_Reference/Asset_Management/Rooms/Background_Layers/layer_background_visible.htm
Asset_Management.Rooms.Background_Layers.layer_background_vtiled	layer_background_vtiled	function	layer_background_vtiled(background_element_id, tiled);	https://manual.gamemaker.io/monthly/en/GameMaker_Language/GML_Reference/Asset_Management/Rooms/Background_Layers/layer_background_vtiled.htm
Asset_Management.Rooms.Background_Layers.layer_background_xscale	layer_background_xscale	function	layer_background_xscale(background_element_id, xscale);	https://manual.gamemaker.io/monthly/en/GameMaker_Language/GML_Reference/Asset_Management/Rooms/Background_Layers/layer_background_xscale.htm
Asset_Management.Rooms.Background_Layers.layer_background_yscale	layer_background_yscale	function	layer_background_yscale(background_element_id, yscale);	https://manual.gamemaker.io/monthly/en/GameMaker_Language/GML_Reference/Asset_Management/Rooms/Background_Layers/layer_background_yscale.htm
Asset_Management.Rooms.Filter_Effect_Layers.fx_create	fx_create	function	fx_create(filter_or_effect_name);	https://manual.gamemaker.io/monthly/en/GameMaker_Language/GML_Reference/Asset_Management/Rooms/Filter_Effect_Layers/fx_create.htm
Asset_Management.Rooms.Filter_Effect_Layers.fx_get_name	fx_get_name	function	fx_get_name(filter_or_effect);	https://manual.gamemaker.io/monthly/en/GameMaker_Language/GML_Reference/Asset_Management/Rooms/Filter_Effect_Layers/fx_get_name.htm
Asset_Management.Rooms.Filter_Effect_Layers.fx_get_parameter	fx_get_parameter	function	fx_get_parameter(filter_or_effect, parameter_name);	https://manual.gamemaker.io/monthly/en/GameMaker_Language/GML_Reference/Asset_Management/Rooms/Filter_Effect_Layers/fx_get_parameter.htm
Asset_Management.Rooms.Filter_Effect_Layers.fx_get_parameter_names	fx_get_parameter_names	function	fx_get_parameter_names(filter_or_effect);	https://manual.gamemaker.io/monthly/en/GameMaker_Language/GML_Reference/Asset_Management/Rooms/Filter_Effect_Layers/fx_get_parameter_names.htm
Asset_Management.Rooms.Filter_Effect_Layers.fx_get_parameters	fx_get_parameters	function	fx_get_parameters(filter_or_effect);	https://manual.gamemaker.io/monthly/en/GameMaker_Language/GML_Reference/Asset_Management/Rooms/Filter_Effect_Layers/fx_get_parameters.htm
Asset_Management.Rooms.Filter_Effect_Layers.fx_get_single_layer	fx_get_single_layer	function	fx_get_single_layer(filter_or_effect);	https://manual.gamemaker.io/monthly/en/GameMaker_Language/GML_Reference/Asset_Management/Rooms/Filter_Effect_Layers/fx_get_single_layer.htm
Asset_Management.Rooms.Filter_Effect_Layers.fx_set_parameter	fx_set_parameter	function	fx_set_parameter(filter_or_effect, parameter_name, val, ...);	https://manual.gamemaker.io/monthly/en/GameMaker_Language/GML_Reference/Asset_Management/Rooms/Filter_Effect_Layers/fx_set_parameter.htm
Asset_Management.Rooms.Filter_Effect_Layers.fx_set_parameters	fx_set_parameters	function	fx_set_parameters(filter_or_effect, parameter_struct);	https://manual.gamemaker.io/monthly/en/GameMaker_Language/GML_Reference/Asset_Management/Rooms/Filter_Effect_Layers/fx_set_parameters.htm
Asset_Management.Rooms.Filter_Effect_Layers.fx_set_single_layer	fx_set_single_layer	function	fx_set_single_layer(filter_or_effect, enable);	https://manual.gamemaker.io/monthly/en/GameMaker_Language/GML_Reference/Asset_Management/Rooms/Filter_Effect_Layers/fx_set_single_layer.htm
Asset_Management.Rooms.Filter_Effect_Layers.layer_clear_fx	layer_clear_fx	function	layer_clear_fx(layer_name_or_id);	https://manual.gamemaker.io/monthly/en/GameMaker_Language/GML_Reference/Asset_Management/Rooms/Filter_Effect_Layers/layer_clear_fx.htm
Asset_Management.Rooms.Filter_Effect_Layers.layer_enable_fx	layer_enable_fx	function	layer_enable_fx(layer_name_or_id, enable);	https://manual.gamemaker.io/monthly/en/GameMaker_Language/GML_Reference/Asset_Management/Rooms/Filter_Effect_Layers/layer_enable_fx.htm
Asset_Management.Rooms.Filter_Effect_Layers.layer_fx_is_enabled	layer_fx_is_enabled	function	layer_fx_is_enabled(layer_name_or_id);	https://manual.gamemaker.io/monthly/en/GameMaker_Language/GML_Reference/Asset_Management/Rooms/Filter_Effect_Layers/layer_fx_is_enabled.htm
Asset_Management.Rooms.Filter_Effect_Layers.layer_get_fx	layer_get_fx	function	layer_get_fx(layer_name_or_id);	https://manual.gamemaker.io/monthly/en/GameMaker_Language/GML_Reference/Asset_Management/Rooms/Filter_Effect_Layers/layer_get_fx.htm
Asset_Management.Rooms.Filter_Effect_Layers.layer_set_fx	layer_set_fx	function	layer_set_fx(layer_name_or_id, filter_or_effect);	https://manual.gamemaker.io/monthly/en/GameMaker_Language/GML_Reference/Asset_Management/Rooms/Filter_Effect_Layers/layer_set_fx.htm
Asset_Management.Rooms.General_Layer_Functions.layer_add_instance	layer_add_instance	function	layer_add_instance(layer_id, instance_id)	https://manual.gamemaker.io/monthly/en/GameMaker_Language/GML_Reference/Asset_Management/Rooms/General_Layer_Functions/layer_add_instance.htm
Asset_Management.Rooms.General_Layer_Functions.layer_create	layer_create	function	layer_create(depth, [name])	https://manual.gamemaker.io/monthly/en/GameMaker_Language/GML_Reference/Asset_Management/Rooms/General_Layer_Functions/layer_create.htm
Asset_Management.Rooms.General_Layer_Functions.layer_depth	layer_depth	function	layer_depth(layer_id, depth)	https://manual.gamemaker.io/monthly/en/GameMaker_Language/GML_Reference/Asset_Management/Rooms/General_Layer_Functions/layer_depth.htm
Asset_Management.Rooms.General_Layer_Functions.layer_destroy	layer_destroy	function	layer_destroy(layer_id)	https://manual.gamemaker.io/monthly/en/GameMaker_Language/GML_Reference/Asset_Management/Rooms/General_Layer_Functions/layer_destroy.htm
Asset_Management.Rooms.General_Layer_Functions.layer_destroy_instances	layer_destroy_instances	function	layer_destroy_instances(layer_id)	https://manual.gamemaker.io/monthly/en/GameMaker_Language/GML_Reference/Asset_Management/Rooms/General_Layer_Functions/layer_destroy_instances.htm
Asset_Management.Rooms.General_Layer_Functions.layer_element_move	layer_element_move	function	layer_element_move(element_id, layer_id);	https://manual.gamemaker.io/monthly/en/GameMaker_Language/GML_Reference/Asset_Management/Rooms/General_Layer_Functions/layer_element_move.htm
Asset_Management.Rooms.General_Layer_Functions.layer_exists	layer_exists	function	layer_exists(layer_name)	https://manual.gamemaker.io/monthly/en/GameMaker_Language/GML_Reference/Asset_Management/Rooms/General_Layer_Functions/layer_exists.htm
Asset_Management.Rooms.General_Layer_Functions.layer_force_draw_depth	layer_force_draw_depth	function	layer_force_draw_depth(force, depth)	https://manual.gamemaker.io/monthly/en/GameMaker_Language/GML_Reference/Asset_Management/Rooms/General_Layer_Functions/layer_force_draw_depth.htm
Asset_Management.Rooms.General_Layer_Functions.layer_get_all	layer_get_all	function	layer_get_all()	https://manual.gamemaker.io/monthly/en/GameMaker_Language/GML_Reference/Asset_Management/Rooms/General_Layer_Functions/layer_get_all.htm
Asset_Management.Rooms.General_Layer_Functions.layer_get_all_elements	layer_get_all_elements	function	layer_get_all_elements(layer_id)	https://manual.gamemaker.io/monthly/en/GameMaker_Language/GML_Reference/Asset_Management/Rooms/General_Layer_Functions/layer_get_all_elements.htm
Asset_Management.Rooms.General_Layer_Functions.layer_get_depth	layer_get_depth	function	layer_get_depth(layer_id)	https://manual.gamemaker.io/monthly/en/GameMaker_Language/GML_Reference/Asset_Management/Rooms/General_Layer_Functions/layer_get_depth.htm
Asset_Management.Rooms.General_Layer_Functions.layer_get_element_layer	layer_get_element_layer	function	layer_get_element_layer(element_id)	https://manual.gamemaker.io/monthly/en/GameMaker_Language/GML_Reference/Asset_Management/Rooms/General_Layer_Functions/layer_get_element_layer.htm
Asset_Management.Rooms.General_Layer_Functions.layer_get_element_type	layer_get_element_type	function	layer_get_element_type(element_id)	https://manual.gamemaker.io/monthly/en/GameMaker_Language/GML_Reference/Asset_Management/Rooms/General_Layer_Functions/layer_get_element_type.htm
Asset_Management.Rooms.General_Layer_Functions.layer_get_forced_depth	layer_get_forced_depth	function	layer_get_forced_depth()	https://manual.gamemaker.io/monthly/en/GameMaker_Language/GML_Reference/Asset_Management/Rooms/General_Layer_Functions/layer_get_forced_depth.htm
Asset_Management.Rooms.General_Layer_Functions.layer_get_hspeed	layer_get_hspeed	function	layer_get_hspeed(layer_id)	https://manual.gamemaker.io/monthly/en/GameMaker_Language/GML_Reference/Asset_Management/Rooms/General_Layer_Functions/layer_get_hspeed.htm
Asset_Management.Rooms.General_Layer_Functions.layer_get_id	layer_get_id	function	layer_get_id(layer_name)	https://manual.gamemaker.io/monthly/en/GameMaker_Language/GML_Reference/Asset_Management/Rooms/General_Layer_Functions/layer_get_id.htm
Asset_Management.Rooms.General_Layer_Functions.layer_get_id_at_depth	layer_get_id_at_depth	function	layer_get_id_at_depth(depth)	https://manual.gamemaker.io/monthly/en/GameMaker_Language/GML_Reference/Asset_Management/Rooms/General_Layer_Functions/layer_get_id_at_depth.htm
Asset_Management.Rooms.General_Layer_Functions.layer_get_name	layer_get_name	function	layer_get_name(layer_id)	https://manual.gamemaker.io/monthly/en/GameMaker_Language/GML_Reference/Asset_Management/Rooms/General_Layer_Functions/layer_get_name.htm
Asset_Management.Rooms.General_Layer_Functions.layer_get_script_begin	layer_get_script_begin	function	layer_get_script_begin(layer_id);	https://manual.gamemaker.io/monthly/en/GameMaker_Language/GML_Reference/Asset_Management/Rooms/General_Layer_Functions/layer_get_script_begin.htm
Asset_Management.Rooms.General_Layer_Functions.layer_get_script_end	layer_get_script_end	function	layer_get_script_end(layer_id);	https://manual.gamemaker.io/monthly/en/GameMaker_Language/GML_Reference/Asset_Management/Rooms/General_Layer_Functions/layer_get_script_end.htm
Asset_Management.Rooms.General_Layer_Functions.layer_get_shader	layer_get_shader	function	layer_get_shader(layer_id)	https://manual.gamemaker.io/monthly/en/GameMaker_Language/GML_Reference/Asset_Management/Rooms/General_Layer_Functions/layer_get_shader.htm
Asset_Management.Rooms.General_Layer_Functions.layer_get_target_room	layer_get_target_room	function	layer_get_target_room()	https://manual.gamemaker.io/monthly/en/GameMaker_Language/GML_Reference/Asset_Management/Rooms/General_Layer_Functions/layer_get_target_room.htm
Asset_Management.Rooms.General_Layer_Functions.layer_get_visible	layer_get_visible	function	layer_get_visible(layer_id)	https://manual.gamemaker.io/monthly/en/GameMaker_Language/GML_Reference/Asset_Management/Rooms/General_Layer_Functions/layer_get_visible.htm
Asset_Management.Rooms.General_Layer_Functions.layer_get_vspeed	layer_get_vspeed	function	layer_get_vspeed(layer_id)	https://manual.gamemaker.io/monthly/en/GameMaker_Language/GML_Reference/Asset_Management/Rooms/General_Layer_Functions/layer_get_vspeed.htm
Asset_Management.Rooms.General_Layer_Functions.layer_get_x	layer_get_x	function	layer_get_x(layer_id)	https://manual.gamemaker.io/monthly/en/GameMaker_Language/GML_Reference/Asset_Management/Rooms/General_Layer_Functions/layer_get_x.htm
Asset_Management.Rooms.General_Layer_Functions.layer_get_y	layer_get_y	function	layer_get_y(layer_id)	https://manual.gamemaker.io/monthly/en/GameMaker_Language/GML_Reference/Asset_Management/Rooms/General_Layer_Functions/layer_get_y.htm
Asset_Management.Rooms.General_Layer_Functions.layer_has_instance	layer_has_instance	function	layer_has_instance(layer_id, instance_id)	https://manual.gamemaker.io/monthly/en/GameMaker_Language/GML_Reference/Asset_Management/Rooms/General_Layer_Functions/layer_has_instance.htm
Asset_Management.Rooms.General_Layer_Functions.layer_hspeed	layer_hspeed	function	layer_hspeed(layer_id, hspd)	https://manual.gamemaker.io/monthly/en/GameMaker_Language/GML_Reference/Asset_Management/Rooms/General_Layer_Functions/layer_hspeed.htm
Asset_Management.Rooms.General_Layer_Functions.layer_instance_get_instance	layer_instance_get_instance	function	layer_instance_get_instance(element_id)	https://manual.gamemaker.io/monthly/en/GameMaker_Language/GML_Reference/Asset_Management/Rooms/General_Layer_Functions/layer_instance_get_instance.htm
Asset_Management.Rooms.General_Layer_Functions.layer_is_draw_depth_forced	layer_is_draw_depth_forced	function	layer_is_draw_depth_forced()	https://manual.gamemaker.io/monthly/en/GameMaker_Language/GML_Reference/Asset_Management/Rooms/General_Layer_Functions/layer_is_draw_depth_forced.htm
Asset_Management.Rooms.General_Layer_Functions.layer_reset_target_room	layer_reset_target_room	function	layer_reset_target_room()	https://manual.gamemaker.io/monthly/en/GameMaker_Language/GML_Reference/Asset_Management/Rooms/General_Layer_Functions/layer_reset_target_room.htm
Asset_Management.Rooms.General_Layer_Functions.layer_script_begin	layer_script_begin	function	layer_script_begin(layer_id, script);	https://manual.gamemaker.io/monthly/en/GameMaker_Language/GML_Reference/Asset_Management/Rooms/General_Layer_Functions/layer_script_begin.htm
Asset_Management.Rooms.General_Layer_Functions.layer_script_end	layer_script_end	function	layer_script_end(layer_id, script);	https://manual.gamemaker.io/monthly/en/GameMaker_Language/GML_Reference/Asset_Management/Rooms/General_Layer_Functions/layer_script_end.htm
Asset_Management.Rooms.General_Layer_Functions.layer_set_target_room	layer_set_target_room	function	layer_set_target_room(room);	https://manual.gamemaker.io/monthly/en/GameMaker_Language/GML_Reference/Asset_Management/Rooms/General_Layer_Functions/layer_set_target_room.htm
Asset_Management.Rooms.General_Layer_Functions.layer_set_visible	layer_set_visible	function	layer_set_visible(layer_id, visible)	https://manual.gamemaker.io/monthly/en/GameMaker_Language/GML_Reference/Asset_Management/Rooms/General_Layer_Functions/layer_set_visible.htm
Asset_Management.Rooms.General_Layer_Functions.layer_shader	layer_shader	function	layer_shader(layer_id, shader)	https://manual.gamemaker.io/monthly/en/GameMaker_Language/GML_Reference/Asset_Management/Rooms/General_Layer_Functions/layer_shader.htm
Asset_Management.Rooms.General_Layer_Functions.layer_vspeed	layer_vspeed	function	layer_vspeed(layer_id, vspd)	https://manual.gamemaker.io/monthly/en/GameMaker_Language/GML_Reference/Asset_Management/Rooms/General_Layer_Functions/layer_vspeed.htm
Asset_Management.Rooms.General_Layer_Functions.layer_x	layer_x	function	layer_x(layer_id, x)	https://manual.gamemaker.io/monthly/en/GameMaker_Language/GML_Reference/Asset_Management/Rooms/General_Layer_Functions/layer_x.htm
Asset_Management.Rooms.General_Layer_Functions.layer_y	layer_y	function	layer_y(layer_id, y)	https://manual.gamemaker.io/monthly/en/GameMaker_Language/GML_Reference/Asset_Management/Rooms/General_Layer_Functions/layer_y.htm
Asset_Management.Rooms.General_Layer_Functions.layerelementtype_background	layerelementtype_background	constant	layerelementtype_background	https://manual.gamemaker.io/monthly/en/GameMaker_Language/GML_Reference/Asset_Management/Rooms/General_Layer_Functions/layer_get_element_type.htm
Asset_Management.Rooms.General_Layer_Functions.layerelementtype_instance	layerelementtype_instance	constant	layerelementtype_instance	https://manual.gamemaker.io/monthly/en/GameMaker_Language/GML_Reference/Asset_Management/Rooms/General_Layer_Functions/layer_get_element_type.htm
Asset_Management.Rooms.General_Layer_Functions.layerelementtype_oldtilemap	layerelementtype_oldtilemap	constant	layerelementtype_oldtilemap	https://manual.gamemaker.io/monthly/en/GameMaker_Language/GML_Reference/Asset_Management/Rooms/General_Layer_Functions/layer_get_element_type.htm
Asset_Management.Rooms.General_Layer_Functions.layerelementtype_particlesystem	layerelementtype_particlesystem	constant	layerelementtype_particlesystem	https://manual.gamemaker.io/monthly/en/GameMaker_Language/GML_Reference/Asset_Management/Rooms/General_Layer_Functions/layer_get_element_type.htm
Asset_Management.Rooms.General_Layer_Functions.layerelementtype_sequence	layerelementtype_sequence	constant	layerelementtype_sequence	https://manual.gamemaker.io/monthly/en/GameMaker_Language/GML_Reference/Asset_Management/Rooms/General_Layer_Functions/layer_get_element_type.htm
Asset_Management.Rooms.General_Layer_Functions.layerelementtype_sprite	layerelementtype_sprite	constant	layerelementtype_sprite	https://manual.gamemaker.io/monthly/en/GameMaker_Language/GML_Reference/Asset_Management/Rooms/General_Layer_Functions/layer_get_element_type.htm
Asset_Management.Rooms.General_Layer_Functions.layerelementtype_tile	layerelementtype_tile	constant	layerelementtype_tile	https://manual.gamemaker.io/monthly/en/GameMaker_Language/GML_Reference/Asset_Management/Rooms/General_Layer_Functions/layer_get_element_type.htm
Asset_Management.Rooms.General_Layer_Functions.layerelementtype_tilemap	layerelementtype_tilemap	constant	layerelementtype_tilemap	https://manual.gamemaker.io/monthly/en/GameMaker_Language/GML_Reference/Asset_Management/Rooms/General_Layer_Functions/layer_get_element_type.htm
Asset_Management.Rooms.General_Layer_Functions.layerelementtype_undefined	layerelementtype_undefined	constant	layerelementtype_undefined	https://manual.gamemaker.io/monthly/en/GameMaker_Language/GML_Reference/Asset_Management/Rooms/General_Layer_Functions/layer_get_element_type.htm
Asset_Management.Rooms.Sequence_Layers.layer_sequence_angle	layer_sequence_angle	function	layer_sequence_angle(sequence_element_id, angle)	https://manual.gamemaker.io/monthly/en/GameMaker_Language/GML_Reference/Asset_Management/Rooms/Sequence_Layers/layer_sequence_angle.htm
Asset_Management.Rooms.Sequence_Layers.layer_sequence_create	layer_sequence_create	function	layer_sequence_create(layer_id, x, y, sequence_id)	https://manual.gamemaker.io/monthly/en/GameMaker_Language/GML_Reference/Asset_Management/Rooms/Sequence_Layers/layer_sequence_create.htm
Asset_Management.Rooms.Sequence_Layers.layer_sequence_destroy	layer_sequence_destroy	function	layer_sequence_destroy(sequence_element_id)	https://manual.gamemaker.io/monthly/en/GameMaker_Language/GML_Reference/Asset_Management/Rooms/Sequence_Layers/layer_sequence_destroy.htm
Asset_Management.Rooms.Sequence_Layers.layer_sequence_exists	layer_sequence_exists	function	layer_sequence_exists(layer_id, sequence_element_id)	https://manual.gamemaker.io/monthly/en/GameMaker_Language/GML_Reference/Asset_Management/Rooms/Sequence_Layers/layer_sequence_exists.htm
Asset_Management.Rooms.Sequence_Layers.layer_sequence_get_angle	layer_sequence_get_angle	function	layer_sequence_get_angle(sequence_element_id)	https://manual.gamemaker.io/monthly/en/GameMaker_Language/GML_Reference/Asset_Management/Rooms/Sequence_Layers/layer_sequence_get_angle.htm
Asset_Management.Rooms.Sequence_Layers.layer_sequence_get_headdir	layer_sequence_get_headdir	function	layer_sequence_get_headdir(sequence_element_id)	https://manual.gamemaker.io/monthly/en/GameMaker_Language/GML_Reference/Asset_Management/Rooms/Sequence_Layers/layer_sequence_get_headdir.htm
Asset_Management.Rooms.Sequence_Layers.layer_sequence_get_headpos	layer_sequence_get_headpos	function	layer_sequence_get_headpos(sequence_element_id)	https://manual.gamemaker.io/monthly/en/GameMaker_Language/GML_Reference/Asset_Management/Rooms/Sequence_Layers/layer_sequence_get_headpos.htm
Asset_Management.Rooms.Sequence_Layers.layer_sequence_get_instance	layer_sequence_get_instance	function	layer_sequence_get_instance(sequence_element_id)	https://manual.gamemaker.io/monthly/en/GameMaker_Language/GML_Reference/Asset_Management/Rooms/Sequence_Layers/layer_sequence_get_instance.htm
Asset_Management.Rooms.Sequence_Layers.layer_sequence_get_length	layer_sequence_get_length	function	layer_sequence_get_length(sequence_element_id)	https://manual.gamemaker.io/monthly/en/GameMaker_Language/GML_Reference/Asset_Management/Rooms/Sequence_Layers/layer_sequence_get_length.htm
Asset_Management.Rooms.Sequence_Layers.layer_sequence_get_sequence	layer_sequence_get_sequence	function	layer_sequence_get_sequence(sequence_element_id)	https://manual.gamemaker.io/monthly/en/GameMaker_Language/GML_Reference/Asset_Management/Rooms/Sequence_Layers/layer_sequence_get_sequence.htm
Asset_Management.Rooms.Sequence_Layers.layer_sequence_get_speedscale	layer_sequence_get_speedscale	function	layer_sequence_get_speedscale(sequence_element_id)	https://manual.gamemaker.io/monthly/en/GameMaker_Language/GML_Reference/Asset_Management/Rooms/Sequence_Layers/layer_sequence_get_speedscale.htm
Asset_Management.Rooms.Sequence_Layers.layer_sequence_get_x	layer_sequence_get_x	function	layer_sequence_get_x(sequence_element_id)	https://manual.gamemaker.io/monthly/en/GameMaker_Language/GML_Reference/Asset_Management/Rooms/Sequence_Layers/layer_sequence_get_x.htm
Asset_Management.Rooms.Sequence_Layers.layer_sequence_get_xscale	layer_sequence_get_xscale	function	layer_sequence_get_xscale(sequence_element_id)	https://manual.gamemaker.io/monthly/en/GameMaker_Language/GML_Reference/Asset_Management/Rooms/Sequence_Layers/layer_sequence_get_xscale.htm
Asset_Management.Rooms.Sequence_Layers.layer_sequence_get_y	layer_sequence_get_y	function	layer_sequence_get_y(sequence_element_id)	https://manual.gamemaker.io/monthly/en/GameMaker_Language/GML_Reference/Asset_Management/Rooms/Sequence_Layers/layer_sequence_get_y.htm
Asset_Management.Rooms.Sequence_Layers.layer_sequence_get_yscale	layer_sequence_get_yscale	function	layer_sequence_get_yscale(sequence_element_id)	https://manual.gamemaker.io/monthly/en/GameMaker_Language/GML_Reference/Asset_Management/Rooms/Sequence_Layers/layer_sequence_get_yscale.htm
Asset_Management.Rooms.Sequence_Layers.layer_sequence_headdir	layer_sequence_headdir	function	layer_sequence_headdir(sequence_element_id, direction)	https://manual.gamemaker.io/monthly/en/GameMaker_Language/GML_Reference/Asset_Management/Rooms/Sequence_Layers/layer_sequence_headdir.htm
Asset_Management.Rooms.Sequence_Layers.layer_sequence_headpos	layer_sequence_headpos	function	layer_sequence_headpos(sequence_element_id, position)	https://manual.gamemaker.io/monthly/en/GameMaker_Language/GML_Reference/Asset_Management/Rooms/Sequence_Layers/layer_sequence_headpos.htm
Asset_Management.Rooms.Sequence_Layers.layer_sequence_is_finished	layer_sequence_is_finished	function	layer_sequence_is_finished(sequence_element_id)	https://manual.gamemaker.io/monthly/en/GameMaker_Language/GML_Reference/Asset_Management/Rooms/Sequence_Layers/layer_sequence_is_finished.htm
Asset_Management.Rooms.Sequence_Layers.layer_sequence_is_paused	layer_sequence_is_paused	function	layer_sequence_is_paused(sequence_element_id)	https://manual.gamemaker.io/monthly/en/GameMaker_Language/GML_Reference/Asset_Management/Rooms/Sequence_Layers/layer_sequence_is_paused.htm
Asset_Management.Rooms.Sequence_Layers.layer_sequence_pause	layer_sequence_pause	function	layer_sequence_pause(sequence_element_id)	https://manual.gamemaker.io/monthly/en/GameMaker_Language/GML_Reference/Asset_Management/Rooms/Sequence_Layers/layer_sequence_pause.htm
Asset_Management.Rooms.Sequence_Layers.layer_sequence_play	layer_sequence_play	function	layer_sequence_play(sequence_element_id)	https://manual.gamemaker.io/monthly/en/GameMaker_Language/GML_Reference/Asset_Management/Rooms/Sequence_Layers/layer_sequence_play.htm
Asset_Management.Rooms.Sequence_Layers.layer_sequence_speedscale	layer_sequence_speedscale	function	layer_sequence_speedscale(sequence_element_id, speedscale)	https://manual.gamemaker.io/monthly/en/GameMaker_Language/GML_Reference/Asset_Management/Rooms/Sequence_Layers/layer_sequence_speedscale.htm
Asset_Management.Rooms.Sequence_Layers.layer_sequence_x	layer_sequence_x	function	layer_sequence_x(sequence_element_id, pos_x)	https://manual.gamemaker.io/monthly/en/GameMaker_Language/GML_Reference/Asset_Management/Rooms/Sequence_Layers/layer_sequence_x.htm
Asset_Management.Rooms.Sequence_Layers.layer_sequence_xscale	layer_sequence_xscale	function	layer_sequence_xscale(sequence_element_id, xscale)	https://manual.gamemaker.io/monthly/en/GameMaker_Language/GML_Reference/Asset_Management/Rooms/Sequence_Layers/layer_sequence_xscale.htm
Asset_Management.Rooms.Sequence_Layers.layer_sequence_y	layer_sequence_y	function	layer_sequence_y(sequence_element_id, pos_y)	https://manual.gamemaker.io/monthly/en/GameMaker_Language/GML_Reference/Asset_Management/Rooms/Sequence_Layers/layer_sequence_y.htm
Asset_Management.Rooms.Sequence_Layers.layer_sequence_yscale	layer_sequence_yscale	function	layer_sequence_yscale(sequence_element_id, xscale)	https://manual.gamemaker.io/monthly/en/GameMaker_Language/GML_Reference/Asset_Management/Rooms/Sequence_Layers/layer_sequence_yscale.htm
Asset_Management.Rooms.Sequence_Layers.seq_dir_left	seq_dir_left	unknown	undefined	https://manual.gamemaker.io/monthly/en/GameMaker_Language/GML_Reference/Asset_Management/Rooms/Sequence_Layers/layer_sequence_headdir.htm
Asset_Management.Rooms.Sequence_Layers.seq_dir_right	seq_dir_right	unknown	undefined	https://manual.gamemaker.io/monthly/en/GameMaker_Language/GML_Reference/Asset_Management/Rooms/Sequence_Layers/layer_sequence_headdir.htm
Asset_Management.Rooms.Sprite_Layers.layer_sprite_alpha	layer_sprite_alpha	function	layer_sprite_alpha(sprite_element_id, alpha);	https://manual.gamemaker.io/monthly/en/GameMaker_Language/GML_Reference/Asset_Management/Rooms/Sprite_Layers/layer_sprite_alpha.htm
Asset_Management.Rooms.Sprite_Layers.layer_sprite_angle	layer_sprite_angle	function	layer_sprite_angle(sprite_element_id, angle);	https://manual.gamemaker.io/monthly/en/GameMaker_Language/GML_Reference/Asset_Management/Rooms/Sprite_Layers/layer_sprite_angle.htm
Asset_Management.Rooms.Sprite_Layers.layer_sprite_blend	layer_sprite_blend	function	layer_sprite_blend(sprite_element_id, blend);	https://manual.gamemaker.io/monthly/en/GameMaker_Language/GML_Reference/Asset_Management/Rooms/Sprite_Layers/layer_sprite_blend.htm
Asset_Management.Rooms.Sprite_Layers.layer_sprite_change	layer_sprite_change	function	layer_sprite_change(sprite_element_id, sprite_index)	https://manual.gamemaker.io/monthly/en/GameMaker_Language/GML_Reference/Asset_Management/Rooms/Sprite_Layers/layer_sprite_change.htm
Asset_Management.Rooms.Sprite_Layers.layer_sprite_create	layer_sprite_create	function	layer_sprite_create(layer_id, x, y, sprite)	https://manual.gamemaker.io/monthly/en/GameMaker_Language/GML_Reference/Asset_Management/Rooms/Sprite_Layers/layer_sprite_create.htm
Asset_Management.Rooms.Sprite_Layers.layer_sprite_destroy	layer_sprite_destroy	function	layer_sprite_destroy(sprite_element_id)	https://manual.gamemaker.io/monthly/en/GameMaker_Language/GML_Reference/Asset_Management/Rooms/Sprite_Layers/layer_sprite_destroy.htm
Asset_Management.Rooms.Sprite_Layers.layer_sprite_exists	layer_sprite_exists	function	layer_sprite_exists(layer_id, sprite_element_id)	https://manual.gamemaker.io/monthly/en/GameMaker_Language/GML_Reference/Asset_Management/Rooms/Sprite_Layers/layer_sprite_exists.htm
Asset_Management.Rooms.Sprite_Layers.layer_sprite_get_alpha	layer_sprite_get_alpha	function	layer_sprite_get_alpha(sprite_element_id);	https://manual.gamemaker.io/monthly/en/GameMaker_Language/GML_Reference/Asset_Management/Rooms/Sprite_Layers/layer_sprite_get_alpha.htm
Asset_Management.Rooms.Sprite_Layers.layer_sprite_get_angle	layer_sprite_get_angle	function	layer_sprite_get_angle(sprite_element_id);	https://manual.gamemaker.io/monthly/en/GameMaker_Language/GML_Reference/Asset_Management/Rooms/Sprite_Layers/layer_sprite_get_angle.htm
Asset_Management.Rooms.Sprite_Layers.layer_sprite_get_blend	layer_sprite_get_blend	function	layer_sprite_get_blend(sprite_element_id);	https://manual.gamemaker.io/monthly/en/GameMaker_Language/GML_Reference/Asset_Management/Rooms/Sprite_Layers/layer_sprite_get_blend.htm
Asset_Management.Rooms.Sprite_Layers.layer_sprite_get_id	layer_sprite_get_id	function	layer_sprite_get_id(layer_id, sprite_element_name)	https://manual.gamemaker.io/monthly/en/GameMaker_Language/GML_Reference/Asset_Management/Rooms/Sprite_Layers/layer_sprite_get_id.htm
Asset_Management.Rooms.Sprite_Layers.layer_sprite_get_index	layer_sprite_get_index	function	layer_sprite_get_index(sprite_element_id);	https://manual.gamemaker.io/monthly/en/GameMaker_Language/GML_Reference/Asset_Management/Rooms/Sprite_Layers/layer_sprite_get_index.htm
Asset_Management.Rooms.Sprite_Layers.layer_sprite_get_speed	layer_sprite_get_speed	function	layer_sprite_get_speed(sprite_element_id);	https://manual.gamemaker.io/monthly/en/GameMaker_Language/GML_Reference/Asset_Management/Rooms/Sprite_Layers/layer_sprite_get_speed.htm
Asset_Management.Rooms.Sprite_Layers.layer_sprite_get_sprite	layer_sprite_get_sprite	function	layer_sprite_get_sprite(sprite_element_id);	https://manual.gamemaker.io/monthly/en/GameMaker_Language/GML_Reference/Asset_Management/Rooms/Sprite_Layers/layer_sprite_get_sprite.htm
Asset_Management.Rooms.Sprite_Layers.layer_sprite_get_x	layer_sprite_get_x	function	layer_sprite_get_x(sprite_element_id);	https://manual.gamemaker.io/monthly/en/GameMaker_Language/GML_Reference/Asset_Management/Rooms/Sprite_Layers/layer_sprite_get_x.htm
Asset_Management.Rooms.Sprite_Layers.layer_sprite_get_xscale	layer_sprite_get_xscale	function	layer_sprite_get_xscale(sprite_element_id);	https://manual.gamemaker.io/monthly/en/GameMaker_Language/GML_Reference/Asset_Management/Rooms/Sprite_Layers/layer_sprite_get_xscale.htm
Asset_Management.Rooms.Sprite_Layers.layer_sprite_get_y	layer_sprite_get_y	function	layer_sprite_get_y(sprite_element_id);	https://manual.gamemaker.io/monthly/en/GameMaker_Language/GML_Reference/Asset_Management/Rooms/Sprite_Layers/layer_sprite_get_y.htm
Asset_Management.Rooms.Sprite_Layers.layer_sprite_get_yscale	layer_sprite_get_yscale	function	layer_sprite_get_yscale(sprite_element_id);	https://manual.gamemaker.io/monthly/en/GameMaker_Language/GML_Reference/Asset_Management/Rooms/Sprite_Layers/layer_sprite_get_yscale.htm
Asset_Management.Rooms.Sprite_Layers.layer_sprite_index	layer_sprite_index	function	layer_sprite_index(sprite_element_id, image_index);	https://manual.gamemaker.io/monthly/en/GameMaker_Language/GML_Reference/Asset_Management/Rooms/Sprite_Layers/layer_sprite_index.htm
Asset_Management.Rooms.Sprite_Layers.layer_sprite_speed	layer_sprite_speed	function	layer_sprite_speed(sprite_element_id, speed);	https://manual.gamemaker.io/monthly/en/GameMaker_Language/GML_Reference/Asset_Management/Rooms/Sprite_Layers/layer_sprite_speed.htm
Asset_Management.Rooms.Sprite_Layers.layer_sprite_x	layer_sprite_x	function	layer_sprite_x(sprite_element_id, x);	https://manual.gamemaker.io/monthly/en/GameMaker_Language/GML_Reference/Asset_Management/Rooms/Sprite_Layers/layer_sprite_x.htm
Asset_Management.Rooms.Sprite_Layers.layer_sprite_xscale	layer_sprite_xscale	function	layer_sprite_xscale(sprite_element_id, xscale);	https://manual.gamemaker.io/monthly/en/GameMaker_Language/GML_Reference/Asset_Management/Rooms/Sprite_Layers/layer_sprite_xscale.htm
Asset_Management.Rooms.Sprite_Layers.layer_sprite_y	layer_sprite_y	function	layer_sprite_y(sprite_element_id, y);	https://manual.gamemaker.io/monthly/en/GameMaker_Language/GML_Reference/Asset_Management/Rooms/Sprite_Layers/layer_sprite_y.htm
Asset_Management.Rooms.Sprite_Layers.layer_sprite_yscale	layer_sprite_yscale	function	layer_sprite_yscale(sprite_element_id, yscale);	https://manual.gamemaker.io/monthly/en/GameMaker_Language/GML_Reference/Asset_Management/Rooms/Sprite_Layers/layer_sprite_yscale.htm
Asset_Management.Rooms.Text_Functions.layer_text_alpha	layer_text_alpha	function	layer_text_alpha(text_element_id, alpha);	https://manual.gamemaker.io/monthly/en/GameMaker_Language/GML_Reference/Asset_Management/Rooms/Text_Functions/layer_text_alpha.htm
Asset_Management.Rooms.Text_Functions.layer_text_angle	layer_text_angle	function	layer_text_angle(text_element_id, angle);	https://manual.gamemaker.io/monthly/en/GameMaker_Language/GML_Reference/Asset_Management/Rooms/Text_Functions/layer_text_angle.htm
Asset_Management.Rooms.Text_Functions.layer_text_blend	layer_text_blend	function	layer_text_blend(text_element_id, colour);	https://manual.gamemaker.io/monthly/en/GameMaker_Language/GML_Reference/Asset_Management/Rooms/Text_Functions/layer_text_blend.htm
Asset_Management.Rooms.Text_Functions.layer_text_charspacing	layer_text_charspacing	function	layer_text_charspacing(text_element_id, charspacing);	https://manual.gamemaker.io/monthly/en/GameMaker_Language/GML_Reference/Asset_Management/Rooms/Text_Functions/layer_text_charspacing.htm
Asset_Management.Rooms.Text_Functions.layer_text_create	layer_text_create	function	layer_text_create(layer_name_or_id, x, y, font, text);	https://manual.gamemaker.io/monthly/en/GameMaker_Language/GML_Reference/Asset_Management/Rooms/Text_Functions/layer_text_create.htm
Asset_Management.Rooms.Text_Functions.layer_text_destroy	layer_text_destroy	function	layer_text_destroy(text_element_id);	https://manual.gamemaker.io/monthly/en/GameMaker_Language/GML_Reference/Asset_Management/Rooms/Text_Functions/layer_text_destroy.htm
Asset_Management.Rooms.Text_Functions.layer_text_exists	layer_text_exists	function	layer_text_exists(layer_name_or_id, text_element_id);	https://manual.gamemaker.io/monthly/en/GameMaker_Language/GML_Reference/Asset_Management/Rooms/Text_Functions/layer_text_exists.htm
Asset_Management.Rooms.Text_Functions.layer_text_font	layer_text_font	function	layer_text_font(text_element_id, font);	https://manual.gamemaker.io/monthly/en/GameMaker_Language/GML_Reference/Asset_Management/Rooms/Text_Functions/layer_text_font.htm
Asset_Management.Rooms.Text_Functions.layer_text_frameh	layer_text_frameh	function	layer_text_frameh(text_element_id, height);	https://manual.gamemaker.io/monthly/en/GameMaker_Language/GML_Reference/Asset_Management/Rooms/Text_Functions/layer_text_frameh.htm
Asset_Management.Rooms.Text_Functions.layer_text_framew	layer_text_framew	function	layer_text_framew(text_element_id, width);	https://manual.gamemaker.io/monthly/en/GameMaker_Language/GML_Reference/Asset_Management/Rooms/Text_Functions/layer_text_framew.htm
Asset_Management.Rooms.Text_Functions.layer_text_get_alpha	layer_text_get_alpha	function	layer_text_get_alpha(text_element_id);	https://manual.gamemaker.io/monthly/en/GameMaker_Language/GML_Reference/Asset_Management/Rooms/Text_Functions/layer_text_get_alpha.htm
Asset_Management.Rooms.Text_Functions.layer_text_get_angle	layer_text_get_angle	function	layer_text_get_angle(text_element_id);	https://manual.gamemaker.io/monthly/en/GameMaker_Language/GML_Reference/Asset_Management/Rooms/Text_Functions/layer_text_get_angle.htm
Asset_Management.Rooms.Text_Functions.layer_text_get_blend	layer_text_get_blend	function	layer_text_get_blend(text_element_id);	https://manual.gamemaker.io/monthly/en/GameMaker_Language/GML_Reference/Asset_Management/Rooms/Text_Functions/layer_text_get_blend.htm
Asset_Management.Rooms.Text_Functions.layer_text_get_charspacing	layer_text_get_charspacing	function	layer_text_get_charspacing(text_element_id);	https://manual.gamemaker.io/monthly/en/GameMaker_Language/GML_Reference/Asset_Management/Rooms/Text_Functions/layer_text_get_charspacing.htm
Asset_Management.Rooms.Text_Functions.layer_text_get_font	layer_text_get_font	function	layer_text_get_font(text_element_id);	https://manual.gamemaker.io/monthly/en/GameMaker_Language/GML_Reference/Asset_Management/Rooms/Text_Functions/layer_text_get_font.htm
Asset_Management.Rooms.Text_Functions.layer_text_get_frameh	layer_text_get_frameh	function	layer_text_get_frameh(text_element_id);	https://manual.gamemaker.io/monthly/en/GameMaker_Language/GML_Reference/Asset_Management/Rooms/Text_Functions/layer_text_get_frameh.htm
Asset_Management.Rooms.Text_Functions.layer_text_get_framew	layer_text_get_framew	function	layer_text_get_framew(text_element_id);	https://manual.gamemaker.io/monthly/en/GameMaker_Language/GML_Reference/Asset_Management/Rooms/Text_Functions/layer_text_get_framew.htm
Asset_Management.Rooms.Text_Functions.layer_text_get_halign	layer_text_get_halign	function	layer_text_get_halign(text_element_id);	https://manual.gamemaker.io/monthly/en/GameMaker_Language/GML_Reference/Asset_Management/Rooms/Text_Functions/layer_text_get_halign.htm
Asset_Management.Rooms.Text_Functions.layer_text_get_id	layer_text_get_id	function	layer_text_get_id(layer_name_or_id, text_element_name);	https://manual.gamemaker.io/monthly/en/GameMaker_Language/GML_Reference/Asset_Management/Rooms/Text_Functions/layer_text_get_id.htm
Asset_Management.Rooms.Text_Functions.layer_text_get_linespacing	layer_text_get_linespacing	function	layer_text_get_linespacing(text_element_id);	https://manual.gamemaker.io/monthly/en/GameMaker_Language/GML_Reference/Asset_Management/Rooms/Text_Functions/layer_text_get_linespacing.htm
Asset_Management.Rooms.Text_Functions.layer_text_get_text	layer_text_get_text	function	layer_text_get_text(text_element_id);	https://manual.gamemaker.io/monthly/en/GameMaker_Language/GML_Reference/Asset_Management/Rooms/Text_Functions/layer_text_get_text.htm
Asset_Management.Rooms.Text_Functions.layer_text_get_valign	layer_text_get_valign	function	layer_text_get_valign(text_element_id);	https://manual.gamemaker.io/monthly/en/GameMaker_Language/GML_Reference/Asset_Management/Rooms/Text_Functions/layer_text_get_valign.htm
Asset_Management.Rooms.Text_Functions.layer_text_get_wrap	layer_text_get_wrap	function	layer_text_get_wrap(text_element_id);	https://manual.gamemaker.io/monthly/en/GameMaker_Language/GML_Reference/Asset_Management/Rooms/Text_Functions/layer_text_get_wrap.htm
Asset_Management.Rooms.Text_Functions.layer_text_get_x	layer_text_get_x	function	layer_text_get_x(text_element_id);	https://manual.gamemaker.io/monthly/en/GameMaker_Language/GML_Reference/Asset_Management/Rooms/Text_Functions/layer_text_get_x.htm
Asset_Management.Rooms.Text_Functions.layer_text_get_xorigin	layer_text_get_xorigin	function	layer_text_get_xorigin(text_element_id);	https://manual.gamemaker.io/monthly/en/GameMaker_Language/GML_Reference/Asset_Management/Rooms/Text_Functions/layer_text_get_xorigin.htm
Asset_Management.Rooms.Text_Functions.layer_text_get_xscale	layer_text_get_xscale	function	layer_text_get_xscale(text_element_id);	https://manual.gamemaker.io/monthly/en/GameMaker_Language/GML_Reference/Asset_Management/Rooms/Text_Functions/layer_text_get_xscale.htm
Asset_Management.Rooms.Text_Functions.layer_text_get_y	layer_text_get_y	function	layer_text_get_y(text_element_id);	https://manual.gamemaker.io/monthly/en/GameMaker_Language/GML_Reference/Asset_Management/Rooms/Text_Functions/layer_text_get_y.htm
Asset_Management.Rooms.Text_Functions.layer_text_get_yorigin	layer_text_get_yorigin	function	layer_text_get_yorigin(text_element_id);	https://manual.gamemaker.io/monthly/en/GameMaker_Language/GML_Reference/Asset_Management/Rooms/Text_Functions/layer_text_get_yorigin.htm
Asset_Management.Rooms.Text_Functions.layer_text_get_yscale	layer_text_get_yscale	function	layer_text_get_yscale(text_element_id);	https://manual.gamemaker.io/monthly/en/GameMaker_Language/GML_Reference/Asset_Management/Rooms/Text_Functions/layer_text_get_yscale.htm
Asset_Management.Rooms.Text_Functions.layer_text_halign	layer_text_halign	function	layer_text_halign(text_element_id, halign);	https://manual.gamemaker.io/monthly/en/GameMaker_Language/GML_Reference/Asset_Management/Rooms/Text_Functions/layer_text_halign.htm
Asset_Management.Rooms.Text_Functions.layer_text_linespacing	layer_text_linespacing	function	layer_text_linespacing(text_element_id, linespacing);	https://manual.gamemaker.io/monthly/en/GameMaker_Language/GML_Reference/Asset_Management/Rooms/Text_Functions/layer_text_linespacing.htm
Asset_Management.Rooms.Text_Functions.layer_text_text	layer_text_text	function	layer_text_text(text_element_id, text);	https://manual.gamemaker.io/monthly/en/GameMaker_Language/GML_Reference/Asset_Management/Rooms/Text_Functions/layer_text_text.htm
Asset_Management.Rooms.Text_Functions.layer_text_valign	layer_text_valign	function	layer_text_valign(text_element_id, valign);	https://manual.gamemaker.io/monthly/en/GameMaker_Language/GML_Reference/Asset_Management/Rooms/Text_Functions/layer_text_valign.htm
Asset_Management.Rooms.Text_Functions.layer_text_wrap	layer_text_wrap	function	layer_text_wrap(text_element_id, wrap);	https://manual.gamemaker.io/monthly/en/GameMaker_Language/GML_Reference/Asset_Management/Rooms/Text_Functions/layer_text_wrap.htm
Asset_Management.Rooms.Text_Functions.layer_text_x	layer_text_x	function	layer_text_x(text_element_id, x);	https://manual.gamemaker.io/monthly/en/GameMaker_Language/GML_Reference/Asset_Management/Rooms/Text_Functions/layer_text_x.htm
Asset_Management.Rooms.Text_Functions.layer_text_xorigin	layer_text_xorigin	function	layer_text_xorigin(text_element_id, xorigin);	https://manual.gamemaker.io/monthly/en/GameMaker_Language/GML_Reference/Asset_Management/Rooms/Text_Functions/layer_text_xorigin.htm
Asset_Management.Rooms.Text_Functions.layer_text_xscale	layer_text_xscale	function	layer_text_xscale(text_element_id, xscale);	https://manual.gamemaker.io/monthly/en/GameMaker_Language/GML_Reference/Asset_Management/Rooms/Text_Functions/layer_text_xscale.htm
Asset_Management.Rooms.Text_Functions.layer_text_y	layer_text_y	function	layer_text_y(text_element_id, y);	https://manual.gamemaker.io/monthly/en/GameMaker_Language/GML_Reference/Asset_Management/Rooms/Text_Functions/layer_text_y.htm
Asset_Management.Rooms.Text_Functions.layer_text_yorigin	layer_text_yorigin	function	layer_text_yorigin(text_element_id, yorigin);	https://manual.gamemaker.io/monthly/en/GameMaker_Language/GML_Reference/Asset_Management/Rooms/Text_Functions/layer_text_yorigin.htm
Asset_Management.Rooms.Text_Functions.layer_text_yscale	layer_text_yscale	function	layer_text_yscale(text_element_id, yscale);	https://manual.gamemaker.io/monthly/en/GameMaker_Language/GML_Reference/Asset_Management/Rooms/Text_Functions/layer_text_yscale.htm
Asset_Management.Rooms.Tile_Map_Layers.layer_tilemap_create	layer_tilemap_create	function	layer_tilemap_create(layer_id, x, y, tileset, width, height)	https://manual.gamemaker.io/monthly/en/GameMaker_Language/GML_Reference/Asset_Management/Rooms/Tile_Map_Layers/layer_tilemap_create.htm
Asset_Management.Rooms.Tile_Map_Layers.layer_tilemap_destroy	layer_tilemap_destroy	function	layer_tilemap_destroy(tilemap_element_id);	https://manual.gamemaker.io/monthly/en/GameMaker_Language/GML_Reference/Asset_Management/Rooms/Tile_Map_Layers/layer_tilemap_destroy.htm
Asset_Management.Rooms.Tile_Map_Layers.layer_tilemap_exists	layer_tilemap_exists	function	layer_tilemap_exists(layer_id, tilemap_element_id)	https://manual.gamemaker.io/monthly/en/GameMaker_Language/GML_Reference/Asset_Management/Rooms/Tile_Map_Layers/layer_tilemap_exists.htm
Asset_Management.Rooms.Tile_Map_Layers.layer_tilemap_get_id	layer_tilemap_get_id	function	layer_tilemap_get_id(layer_id)	https://manual.gamemaker.io/monthly/en/GameMaker_Language/GML_Reference/Asset_Management/Rooms/Tile_Map_Layers/layer_tilemap_get_id.htm
Asset_Management.Rooms.Tile_Map_Layers.tile_get_empty	tile_get_empty	function	tile_get_empty(tiledata)	https://manual.gamemaker.io/monthly/en/GameMaker_Language/GML_Reference/Asset_Management/Rooms/Tile_Map_Layers/tile_get_empty.htm
Asset_Management.Rooms.Tile_Map_Layers.tile_get_flip	tile_get_flip	function	tile_get_flip(tiledata)	https://manual.gamemaker.io/monthly/en/GameMaker_Language/GML_Reference/Asset_Management/Rooms/Tile_Map_Layers/tile_get_flip.htm
Asset_Management.Rooms.Tile_Map_Layers.tile_get_index	tile_get_index	function	tile_get_index(tiledata)	https://manual.gamemaker.io/monthly/en/GameMaker_Language/GML_Reference/Asset_Management/Rooms/Tile_Map_Layers/tile_get_index.htm
Asset_Management.Rooms.Tile_Map_Layers.tile_get_mirror	tile_get_mirror	function	tile_get_mirror(tiledata)	https://manual.gamemaker.io/monthly/en/GameMaker_Language/GML_Reference/Asset_Management/Rooms/Tile_Map_Layers/tile_get_mirror.htm
Asset_Management.Rooms.Tile_Map_Layers.tile_get_rotate	tile_get_rotate	function	tile_get_rotate(tiledata)	https://manual.gamemaker.io/monthly/en/GameMaker_Language/GML_Reference/Asset_Management/Rooms/Tile_Map_Layers/tile_get_rotate.htm
Asset_Management.Rooms.Tile_Map_Layers.tile_set_empty	tile_set_empty	function	tile_set_empty(tiledata)	https://manual.gamemaker.io/monthly/en/GameMaker_Language/GML_Reference/Asset_Management/Rooms/Tile_Map_Layers/tile_set_empty.htm
Asset_Management.Rooms.Tile_Map_Layers.tile_set_flip	tile_set_flip	function	tile_set_flip(tiledata, flip)	https://manual.gamemaker.io/monthly/en/GameMaker_Language/GML_Reference/Asset_Management/Rooms/Tile_Map_Layers/tile_set_flip.htm
Asset_Management.Rooms.Tile_Map_Layers.tile_set_index	tile_set_index	function	tile_set_index(tiledata, index)	https://manual.gamemaker.io/monthly/en/GameMaker_Language/GML_Reference/Asset_Management/Rooms/Tile_Map_Layers/tile_set_index.htm
Asset_Management.Rooms.Tile_Map_Layers.tile_set_mirror	tile_set_mirror	function	tile_set_mirror(tiledata, mirror)	https://manual.gamemaker.io/monthly/en/GameMaker_Language/GML_Reference/Asset_Management/Rooms/Tile_Map_Layers/tile_set_mirror.htm
Asset_Management.Rooms.Tile_Map_Layers.tile_set_rotate	tile_set_rotate	function	tile_set_rotate(tiledata, rotate)	https://manual.gamemaker.io/monthly/en/GameMaker_Language/GML_Reference/Asset_Management/Rooms/Tile_Map_Layers/tile_set_rotate.htm
Asset_Management.Rooms.Tile_Map_Layers.tilemap_clear	tilemap_clear	function	tilemap_clear(tilemap_element_id, tiledata);	https://manual.gamemaker.io/monthly/en/GameMaker_Language/GML_Reference/Asset_Management/Rooms/Tile_Map_Layers/tilemap_clear.htm
Asset_Management.Rooms.Tile_Map_Layers.tilemap_get	tilemap_get	function	tilemap_get(tilemap_element_id, cell_x, cell_y)	https://manual.gamemaker.io/monthly/en/GameMaker_Language/GML_Reference/Asset_Management/Rooms/Tile_Map_Layers/tilemap_get.htm
Asset_Management.Rooms.Tile_Map_Layers.tilemap_get_at_pixel	tilemap_get_at_pixel	function	tilemap_get_at_pixel(tilemap_element_id, x, y)	https://manual.gamemaker.io/monthly/en/GameMaker_Language/GML_Reference/Asset_Management/Rooms/Tile_Map_Layers/tilemap_get_at_pixel.htm
Asset_Management.Rooms.Tile_Map_Layers.tilemap_get_cell_x_at_pixel	tilemap_get_cell_x_at_pixel	function	tilemap_get_cell_x_at_pixel(tilemap_element_id, x, y)	https://manual.gamemaker.io/monthly/en/GameMaker_Language/GML_Reference/Asset_Management/Rooms/Tile_Map_Layers/tilemap_get_cell_x_at_pixel.htm
Asset_Management.Rooms.Tile_Map_Layers.tilemap_get_cell_y_at_pixel	tilemap_get_cell_y_at_pixel	function	tilemap_get_cell_y_at_pixel(tilemap_element_id, x, y)	https://manual.gamemaker.io/monthly/en/GameMaker_Language/GML_Reference/Asset_Management/Rooms/Tile_Map_Layers/tilemap_get_cell_y_at_pixel.htm
Asset_Management.Rooms.Tile_Map_Layers.tilemap_get_frame	tilemap_get_frame	function	tilemap_get_frame(tilemap_element_id)	https://manual.gamemaker.io/monthly/en/GameMaker_Language/GML_Reference/Asset_Management/Rooms/Tile_Map_Layers/tilemap_get_frame.htm
Asset_Management.Rooms.Tile_Map_Layers.tilemap_get_global_mask	tilemap_get_global_mask	function	tilemap_get_global_mask()	https://manual.gamemaker.io/monthly/en/GameMaker_Language/GML_Reference/Asset_Management/Rooms/Tile_Map_Layers/tilemap_get_global_mask.htm
Asset_Management.Rooms.Tile_Map_Layers.tilemap_get_height	tilemap_get_height	function	tilemap_get_height(tilemap_element_id)	https://manual.gamemaker.io/monthly/en/GameMaker_Language/GML_Reference/Asset_Management/Rooms/Tile_Map_Layers/tilemap_get_height.htm
Asset_Management.Rooms.Tile_Map_Layers.tilemap_get_mask	tilemap_get_mask	function	tilemap_get_mask(tilemap_element_id)	https://manual.gamemaker.io/monthly/en/GameMaker_Language/GML_Reference/Asset_Management/Rooms/Tile_Map_Layers/tilemap_get_mask.htm
Asset_Management.Rooms.Tile_Map_Layers.tilemap_get_tile_height	tilemap_get_tile_height	function	tilemap_get_tile_height(tilemap_element_id)	https://manual.gamemaker.io/monthly/en/GameMaker_Language/GML_Reference/Asset_Management/Rooms/Tile_Map_Layers/tilemap_get_tile_height.htm
Asset_Management.Rooms.Tile_Map_Layers.tilemap_get_tile_width	tilemap_get_tile_width	function	tilemap_get_tile_width(tilemap_element_id)	https://manual.gamemaker.io/monthly/en/GameMaker_Language/GML_Reference/Asset_Management/Rooms/Tile_Map_Layers/tilemap_get_tile_width.htm
Asset_Management.Rooms.Tile_Map_Layers.tilemap_get_tileset	tilemap_get_tileset	function	tilemap_get_tileset(tilemap_element_id)	https://manual.gamemaker.io/monthly/en/GameMaker_Language/GML_Reference/Asset_Management/Rooms/Tile_Map_Layers/tilemap_get_tileset.htm
Asset_Management.Rooms.Tile_Map_Layers.tilemap_get_width	tilemap_get_width	function	tilemap_get_width(tilemap_element_id)	https://manual.gamemaker.io/monthly/en/GameMaker_Language/GML_Reference/Asset_Management/Rooms/Tile_Map_Layers/tilemap_get_width.htm
Asset_Management.Rooms.Tile_Map_Layers.tilemap_get_x	tilemap_get_x	function	tilemap_get_x(tilemap_element_id)	https://manual.gamemaker.io/monthly/en/GameMaker_Language/GML_Reference/Asset_Management/Rooms/Tile_Map_Layers/tilemap_get_x.htm
Asset_Management.Rooms.Tile_Map_Layers.tilemap_get_y	tilemap_get_y	function	tilemap_get_y(tilemap_element_id)	https://manual.gamemaker.io/monthly/en/GameMaker_Language/GML_Reference/Asset_Management/Rooms/Tile_Map_Layers/tilemap_get_y.htm
Asset_Management.Rooms.Tile_Map_Layers.tilemap_set	tilemap_set	function	tilemap_set(tilemap_element_id, tiledata, xcell, ycell)	https://manual.gamemaker.io/monthly/en/GameMaker_Language/GML_Reference/Asset_Management/Rooms/Tile_Map_Layers/tilemap_set.htm
Asset_Management.Rooms.Tile_Map_Layers.tilemap_set_at_pixel	tilemap_set_at_pixel	function	tilemap_set_at_pixel(tilemap_element_id, tiledata, x, y)	https://manual.gamemaker.io/monthly/en/GameMaker_Language/GML_Reference/Asset_Management/Rooms/Tile_Map_Layers/tilemap_set_at_pixel.htm
Asset_Management.Rooms.Tile_Map_Layers.tilemap_set_global_mask	tilemap_set_global_mask	function	tilemap_set_global_mask(mask);	https://manual.gamemaker.io/monthly/en/GameMaker_Language/GML_Reference/Asset_Management/Rooms/Tile_Map_Layers/tilemap_set_global_mask.htm
Asset_Management.Rooms.Tile_Map_Layers.tilemap_set_global_mask	tilemap_set_global_mask	function	tilemap_set_global_mask(mask);	https://manual.gamemaker.io/monthly/en/GameMaker_Language/GML_Reference/Asset_Management/Rooms/Tile_Map_Layers/tilemap_set_global_mask.htm
Asset_Management.Rooms.Tile_Map_Layers.tilemap_set_global_mask	tilemap_set_global_mask	function	tilemap_set_global_mask(mask);	https://manual.gamemaker.io/monthly/en/GameMaker_Language/GML_Reference/Asset_Management/Rooms/Tile_Map_Layers/tilemap_set_global_mask.htm
Asset_Management.Rooms.Tile_Map_Layers.tilemap_set_global_mask	tilemap_set_global_mask	function	tilemap_set_global_mask(mask);	https://manual.gamemaker.io/monthly/en/GameMaker_Language/GML_Reference/Asset_Management/Rooms/Tile_Map_Layers/tilemap_set_global_mask.htm
Asset_Management.Rooms.Tile_Map_Layers.tilemap_set_global_mask	tilemap_set_global_mask	function	tilemap_set_global_mask(mask);	https://manual.gamemaker.io/monthly/en/GameMaker_Language/GML_Reference/Asset_Management/Rooms/Tile_Map_Layers/tilemap_set_global_mask.htm
Asset_Management.Rooms.Tile_Map_Layers.tilemap_set_height	tilemap_set_height	function	tilemap_set_height(tilemap_element_id, height);	https://manual.gamemaker.io/monthly/en/GameMaker_Language/GML_Reference/Asset_Management/Rooms/Tile_Map_Layers/tilemap_set_height.htm
Asset_Management.Rooms.Tile_Map_Layers.tilemap_set_mask	tilemap_set_mask	function	tilemap_set_mask(tilemap_element_id, mask);	https://manual.gamemaker.io/monthly/en/GameMaker_Language/GML_Reference/Asset_Management/Rooms/Tile_Map_Layers/tilemap_set_mask.htm
Asset_Management.Rooms.Tile_Map_Layers.tilemap_set_mask	tilemap_set_mask	function	tilemap_set_mask(tilemap_element_id, mask);	https://manual.gamemaker.io/monthly/en/GameMaker_Language/GML_Reference/Asset_Management/Rooms/Tile_Map_Layers/tilemap_set_mask.htm
Asset_Management.Rooms.Tile_Map_Layers.tilemap_set_mask	tilemap_set_mask	function	tilemap_set_mask(tilemap_element_id, mask);	https://manual.gamemaker.io/monthly/en/GameMaker_Language/GML_Reference/Asset_Management/Rooms/Tile_Map_Layers/tilemap_set_mask.htm
Asset_Management.Rooms.Tile_Map_Layers.tilemap_set_mask	tilemap_set_mask	function	tilemap_set_mask(tilemap_element_id, mask);	https://manual.gamemaker.io/monthly/en/GameMaker_Language/GML_Reference/Asset_Management/Rooms/Tile_Map_Layers/tilemap_set_mask.htm
Asset_Management.Rooms.Tile_Map_Layers.tilemap_set_mask	tilemap_set_mask	function	tilemap_set_mask(tilemap_element_id, mask);	https://manual.gamemaker.io/monthly/en/GameMaker_Language/GML_Reference/Asset_Management/Rooms/Tile_Map_Layers/tilemap_set_mask.htm
Asset_Management.Rooms.Tile_Map_Layers.tilemap_set_width	tilemap_set_width	function	tilemap_set_width(tilemap_element_id, width);	https://manual.gamemaker.io/monthly/en/GameMaker_Language/GML_Reference/Asset_Management/Rooms/Tile_Map_Layers/tilemap_set_width.htm
Asset_Management.Rooms.Tile_Map_Layers.tilemap_tileset	tilemap_tileset	function	tilemap_tileset(tilemap_element_id, tileset_index);	https://manual.gamemaker.io/monthly/en/GameMaker_Language/GML_Reference/Asset_Management/Rooms/Tile_Map_Layers/tilemap_tileset.htm
Asset_Management.Rooms.Tile_Map_Layers.tilemap_x	tilemap_x	function	tilemap_x(tilemap_element_id, x);	https://manual.gamemaker.io/monthly/en/GameMaker_Language/GML_Reference/Asset_Management/Rooms/Tile_Map_Layers/tilemap_x.htm
Asset_Management.Rooms.Tile_Map_Layers.tilemap_y	tilemap_y	function	tilemap_y(tilemap_element_id, y);	https://manual.gamemaker.io/monthly/en/GameMaker_Language/GML_Reference/Asset_Management/Rooms/Tile_Map_Layers/tilemap_y.htm
Asset_Management.Rooms.room	room	variable	room	https://manual.gamemaker.io/monthly/en/GameMaker_Language/GML_Reference/Asset_Management/Rooms/room.htm
Asset_Management.Rooms.room_add	room_add	function	room_add();	https://manual.gamemaker.io/monthly/en/GameMaker_Language/GML_Reference/Asset_Management/Rooms/room_add.htm
Asset_Management.Rooms.room_assign	room_assign	function	room_assign(ind, source);	https://manual.gamemaker.io/monthly/en/GameMaker_Language/GML_Reference/Asset_Management/Rooms/room_assign.htm
Asset_Management.Rooms.room_duplicate	room_duplicate	function	room_duplicate(index);	https://manual.gamemaker.io/monthly/en/GameMaker_Language/GML_Reference/Asset_Management/Rooms/room_duplicate.htm
Asset_Management.Rooms.room_exists	room_exists	function	room_exists(index);	https://manual.gamemaker.io/monthly/en/GameMaker_Language/GML_Reference/Asset_Management/Rooms/room_exists.htm
Asset_Management.Rooms.room_first	room_first	variable	room_first;	https://manual.gamemaker.io/monthly/en/GameMaker_Language/GML_Reference/Asset_Management/Rooms/room_first.htm
Asset_Management.Rooms.room_get_camera	room_get_camera	function	room_get_camera(rm, vind);	https://manual.gamemaker.io/monthly/en/GameMaker_Language/GML_Reference/Asset_Management/Rooms/room_get_camera.htm
Asset_Management.Rooms.room_get_info	room_get_info	function	room_get_info(room, [views], [instances], [layers], [layer_elements], [tilemap_data]);	https://manual.gamemaker.io/monthly/en/GameMaker_Language/GML_Reference/Asset_Management/Rooms/room_get_info.htm
Asset_Management.Rooms.room_get_name	room_get_name	function	room_get_name(index);	https://manual.gamemaker.io/monthly/en/GameMaker_Language/GML_Reference/Asset_Management/Rooms/room_get_name.htm
Asset_Management.Rooms.room_get_viewport	room_get_viewport	function	room_get_viewport(rm, vind);	https://manual.gamemaker.io/monthly/en/GameMaker_Language/GML_Reference/Asset_Management/Rooms/room_get_viewport.htm
Asset_Management.Rooms.room_goto	room_goto	function	room_goto(index);	https://manual.gamemaker.io/monthly/en/GameMaker_Language/GML_Reference/Asset_Management/Rooms/room_goto.htm
Asset_Management.Rooms.room_goto_next	room_goto_next	function	room_goto_next();	https://manual.gamemaker.io/monthly/en/GameMaker_Language/GML_Reference/Asset_Management/Rooms/room_goto_next.htm
Asset_Management.Rooms.room_goto_previous	room_goto_previous	function	room_goto_previous();	https://manual.gamemaker.io/monthly/en/GameMaker_Language/GML_Reference/Asset_Management/Rooms/room_goto_previous.htm
Asset_Management.Rooms.room_height	room_height	variable	room_height;	https://manual.gamemaker.io/monthly/en/GameMaker_Language/GML_Reference/Asset_Management/Rooms/room_height.htm
Asset_Management.Rooms.room_instance_add	room_instance_add	function	room_instance_add(index, x, y, obj);	https://manual.gamemaker.io/monthly/en/GameMaker_Language/GML_Reference/Asset_Management/Rooms/room_instance_add.htm
Asset_Management.Rooms.room_instance_clear	room_instance_clear	function	room_instance_clear(index);	https://manual.gamemaker.io/monthly/en/GameMaker_Language/GML_Reference/Asset_Management/Rooms/room_instance_clear.htm
Asset_Management.Rooms.room_last	room_last	variable	room_last;	https://manual.gamemaker.io/monthly/en/GameMaker_Language/GML_Reference/Asset_Management/Rooms/room_last.htm
Asset_Management.Rooms.room_next	room_next	function	room_next(numb);	https://manual.gamemaker.io/monthly/en/GameMaker_Language/GML_Reference/Asset_Management/Rooms/room_next.htm
Asset_Management.Rooms.room_persistent	room_persistent	variable	room_persistent;	https://manual.gamemaker.io/monthly/en/GameMaker_Language/GML_Reference/Asset_Management/Rooms/room_persistent.htm
Asset_Management.Rooms.room_previous	room_previous	function	room_previous(numb);	https://manual.gamemaker.io/monthly/en/GameMaker_Language/GML_Reference/Asset_Management/Rooms/room_previous.htm
Asset_Management.Rooms.room_restart	room_restart	function	room_restart();	https://manual.gamemaker.io/monthly/en/GameMaker_Language/GML_Reference/Asset_Management/Rooms/room_restart.htm
Asset_Management.Rooms.room_set_camera	room_set_camera	function	room_set_camera(rm, vind, camera);	https://manual.gamemaker.io/monthly/en/GameMaker_Language/GML_Reference/Asset_Management/Rooms/room_set_camera.htm
Asset_Management.Rooms.room_set_height	room_set_height	function	room_set_height(index, h);	https://manual.gamemaker.io/monthly/en/GameMaker_Language/GML_Reference/Asset_Management/Rooms/room_set_height.htm
Asset_Management.Rooms.room_set_persistent	room_set_persistent	function	room_set_persistent(index, val);	https://manual.gamemaker.io/monthly/en/GameMaker_Language/GML_Reference/Asset_Management/Rooms/room_set_persistent.htm
Asset_Management.Rooms.room_set_view_enabled	room_set_view_enabled	function	room_set_view_enabled(index, val);	https://manual.gamemaker.io/monthly/en/GameMaker_Language/GML_Reference/Asset_Management/Rooms/room_set_view_enabled.htm
Asset_Management.Rooms.room_set_viewport	room_set_viewport	function	room_set_viewport(rm, vind, vis, xport, yport, wport, hport);	https://manual.gamemaker.io/monthly/en/GameMaker_Language/GML_Reference/Asset_Management/Rooms/room_set_viewport.htm
Asset_Management.Rooms.room_set_width	room_set_width	function	room_set_width(index, w);	https://manual.gamemaker.io/monthly/en/GameMaker_Language/GML_Reference/Asset_Management/Rooms/room_set_width.htm
Asset_Management.Rooms.room_speed	room_speed	variable	room_speed;	https://manual.gamemaker.io/monthly/en/GameMaker_Language/GML_Reference/Asset_Management/Rooms/room_speed.htm
Asset_Management.Rooms.room_width	room_width	variable	room_width;	https://manual.gamemaker.io/monthly/en/GameMaker_Language/GML_Reference/Asset_Management/Rooms/room_width.htm
Asset_Management.Scripts.script_execute	script_execute	function	script_execute(scr, arg0, arg1, arg2, etc.);	https://manual.gamemaker.io/monthly/en/GameMaker_Language/GML_Reference/Asset_Management/Scripts/script_execute.htm
Asset_Management.Scripts.script_execute_ext	script_execute_ext	function	script_execute_ext(scr, [array_args], [offset], [num_args]);	https://manual.gamemaker.io/monthly/en/GameMaker_Language/GML_Reference/Asset_Management/Scripts/script_execute_ext.htm
Asset_Management.Scripts.script_exists	script_exists	function	script_exists(scr);	https://manual.gamemaker.io/monthly/en/GameMaker_Language/GML_Reference/Asset_Management/Scripts/script_exists.htm
Asset_Management.Scripts.script_get_name	script_get_name	function	script_get_name(scr);	https://manual.gamemaker.io/monthly/en/GameMaker_Language/GML_Reference/Asset_Management/Scripts/script_get_name.htm
Asset_Management.Sequences.Sequence_Structs.seqaudiokey_loop	seqaudiokey_loop	constant	seqaudiokey_loop	https://manual.gamemaker.io/monthly/en/GameMaker_Language/GML_Reference/Asset_Management/Sequences/Sequence_Structs/The_Keyframe_Data_Struct.htm
Asset_Management.Sequences.Sequence_Structs.seqaudiokey_oneshot	seqaudiokey_oneshot	constant	seqaudiokey_oneshot	https://manual.gamemaker.io/monthly/en/GameMaker_Language/GML_Reference/Asset_Management/Sequences/Sequence_Structs/The_Keyframe_Data_Struct.htm
Asset_Management.Sequences.Sequence_Structs.seqdir_left	seqdir_left	constant	seqdir_left	https://manual.gamemaker.io/monthly/en/GameMaker_Language/GML_Reference/Asset_Management/Sequences/Sequence_Structs/The_Sequence_Instance_Struct.htm
Asset_Management.Sequences.Sequence_Structs.seqdir_right	seqdir_right	constant	seqdir_right	https://manual.gamemaker.io/monthly/en/GameMaker_Language/GML_Reference/Asset_Management/Sequences/Sequence_Structs/The_Sequence_Instance_Struct.htm
Asset_Management.Sequences.Sequence_Structs.seqinterpolation_assign	seqinterpolation_assign	constant	seqinterpolation_assign	https://manual.gamemaker.io/monthly/en/GameMaker_Language/GML_Reference/Asset_Management/Sequences/Sequence_Structs/The_Track_Struct.htm
Asset_Management.Sequences.Sequence_Structs.seqinterpolation_lerp	seqinterpolation_lerp	constant	seqinterpolation_lerp	https://manual.gamemaker.io/monthly/en/GameMaker_Language/GML_Reference/Asset_Management/Sequences/Sequence_Structs/The_Track_Struct.htm
Asset_Management.Sequences.Sequence_Structs.seqplay_loop	seqplay_loop	constant	seqplay_loop	https://manual.gamemaker.io/monthly/en/GameMaker_Language/GML_Reference/Asset_Management/Sequences/Sequence_Structs/The_Sequence_Object_Struct.htm
Asset_Management.Sequences.Sequence_Structs.seqplay_oneshot	seqplay_oneshot	constant	seqplay_oneshot	https://manual.gamemaker.io/monthly/en/GameMaker_Language/GML_Reference/Asset_Management/Sequences/Sequence_Structs/The_Sequence_Object_Struct.htm
Asset_Management.Sequences.Sequence_Structs.seqplay_pingpong	seqplay_pingpong	constant	seqplay_pingpong	https://manual.gamemaker.io/monthly/en/GameMaker_Language/GML_Reference/Asset_Management/Sequences/Sequence_Structs/The_Sequence_Object_Struct.htm
Asset_Management.Sequences.Sequence_Structs.seqtextkey_bottom	seqtextkey_bottom	unknown	undefined	https://manual.gamemaker.io/monthly/en/GameMaker_Language/GML_Reference/Asset_Management/Sequences/Sequence_Structs/The_Keyframe_Data_Struct.htm
Asset_Management.Sequences.Sequence_Structs.seqtextkey_center	seqtextkey_center	unknown	undefined	https://manual.gamemaker.io/monthly/en/GameMaker_Language/GML_Reference/Asset_Management/Sequences/Sequence_Structs/The_Keyframe_Data_Struct.htm
Asset_Management.Sequences.Sequence_Structs.seqtextkey_justify	seqtextkey_justify	unknown	undefined	https://manual.gamemaker.io/monthly/en/GameMaker_Language/GML_Reference/Asset_Management/Sequences/Sequence_Structs/The_Keyframe_Data_Struct.htm
Asset_Management.Sequences.Sequence_Structs.seqtextkey_left	seqtextkey_left	unknown	undefined	https://manual.gamemaker.io/monthly/en/GameMaker_Language/GML_Reference/Asset_Management/Sequences/Sequence_Structs/The_Keyframe_Data_Struct.htm
Asset_Management.Sequences.Sequence_Structs.seqtextkey_middle	seqtextkey_middle	unknown	undefined	https://manual.gamemaker.io/monthly/en/GameMaker_Language/GML_Reference/Asset_Management/Sequences/Sequence_Structs/The_Keyframe_Data_Struct.htm
Asset_Management.Sequences.Sequence_Structs.seqtextkey_right	seqtextkey_right	unknown	undefined	https://manual.gamemaker.io/monthly/en/GameMaker_Language/GML_Reference/Asset_Management/Sequences/Sequence_Structs/The_Keyframe_Data_Struct.htm
Asset_Management.Sequences.Sequence_Structs.seqtextkey_top	seqtextkey_top	unknown	undefined	https://manual.gamemaker.io/monthly/en/GameMaker_Language/GML_Reference/Asset_Management/Sequences/Sequence_Structs/The_Keyframe_Data_Struct.htm
Asset_Management.Sequences.Sequence_Structs.seqtracktype_audio	seqtracktype_audio	constant	seqtracktype_audio	https://manual.gamemaker.io/monthly/en/GameMaker_Language/GML_Reference/Asset_Management/Sequences/Sequence_Structs/The_Track_Struct.htm
Asset_Management.Sequences.Sequence_Structs.seqtracktype_bool	seqtracktype_bool	constant	seqtracktype_bool	https://manual.gamemaker.io/monthly/en/GameMaker_Language/GML_Reference/Asset_Management/Sequences/Sequence_Structs/The_Track_Struct.htm
Asset_Management.Sequences.Sequence_Structs.seqtracktype_clipmask	seqtracktype_clipmask	constant	seqtracktype_clipmask	https://manual.gamemaker.io/monthly/en/GameMaker_Language/GML_Reference/Asset_Management/Sequences/Sequence_Structs/The_Track_Struct.htm
Asset_Management.Sequences.Sequence_Structs.seqtracktype_clipmask_mask	seqtracktype_clipmask_mask	constant	seqtracktype_clipmask_mask	https://manual.gamemaker.io/monthly/en/GameMaker_Language/GML_Reference/Asset_Management/Sequences/Sequence_Structs/The_Track_Struct.htm
Asset_Management.Sequences.Sequence_Structs.seqtracktype_clipmask_subject	seqtracktype_clipmask_subject	constant	seqtracktype_clipmask_subject	https://manual.gamemaker.io/monthly/en/GameMaker_Language/GML_Reference/Asset_Management/Sequences/Sequence_Structs/The_Track_Struct.htm
Asset_Management.Sequences.Sequence_Structs.seqtracktype_colour	seqtracktype_colour	constant	seqtracktype_colour	https://manual.gamemaker.io/monthly/en/GameMaker_Language/GML_Reference/Asset_Management/Sequences/Sequence_Structs/The_Track_Struct.htm
Asset_Management.Sequences.Sequence_Structs.seqtracktype_empty	seqtracktype_empty	constant	seqtracktype_empty	https://manual.gamemaker.io/monthly/en/GameMaker_Language/GML_Reference/Asset_Management/Sequences/Sequence_Structs/The_Track_Struct.htm
Asset_Management.Sequences.Sequence_Structs.seqtracktype_graphic	seqtracktype_graphic	constant	seqtracktype_graphic	https://manual.gamemaker.io/monthly/en/GameMaker_Language/GML_Reference/Asset_Management/Sequences/Sequence_Structs/The_Track_Struct.htm
Asset_Management.Sequences.Sequence_Structs.seqtracktype_group	seqtracktype_group	constant	seqtracktype_group	https://manual.gamemaker.io/monthly/en/GameMaker_Language/GML_Reference/Asset_Management/Sequences/Sequence_Structs/The_Track_Struct.htm
Asset_Management.Sequences.Sequence_Structs.seqtracktype_instance	seqtracktype_instance	constant	seqtracktype_instance	https://manual.gamemaker.io/monthly/en/GameMaker_Language/GML_Reference/Asset_Management/Sequences/Sequence_Structs/The_Track_Struct.htm
Asset_Management.Sequences.Sequence_Structs.seqtracktype_message	seqtracktype_message	constant	seqtracktype_message	https://manual.gamemaker.io/monthly/en/GameMaker_Language/GML_Reference/Asset_Management/Sequences/Sequence_Structs/The_Track_Struct.htm
Asset_Management.Sequences.Sequence_Structs.seqtracktype_moment	seqtracktype_moment	constant	seqtracktype_moment	https://manual.gamemaker.io/monthly/en/GameMaker_Language/GML_Reference/Asset_Management/Sequences/Sequence_Structs/The_Track_Struct.htm
Asset_Management.Sequences.Sequence_Structs.seqtracktype_particlesystem	seqtracktype_particlesystem	constant	seqtracktype_particlesystem	https://manual.gamemaker.io/monthly/en/GameMaker_Language/GML_Reference/Asset_Management/Sequences/Sequence_Structs/The_Track_Struct.htm
Asset_Management.Sequences.Sequence_Structs.seqtracktype_real	seqtracktype_real	constant	seqtracktype_real	https://manual.gamemaker.io/monthly/en/GameMaker_Language/GML_Reference/Asset_Management/Sequences/Sequence_Structs/The_Track_Struct.htm
Asset_Management.Sequences.Sequence_Structs.seqtracktype_sequence	seqtracktype_sequence	constant	seqtracktype_sequence	https://manual.gamemaker.io/monthly/en/GameMaker_Language/GML_Reference/Asset_Management/Sequences/Sequence_Structs/The_Track_Struct.htm
Asset_Management.Sequences.Sequence_Structs.seqtracktype_spriteframes	seqtracktype_spriteframes	constant	seqtracktype_spriteframes	https://manual.gamemaker.io/monthly/en/GameMaker_Language/GML_Reference/Asset_Management/Sequences/Sequence_Structs/The_Track_Struct.htm
Asset_Management.Sequences.Sequence_Structs.seqtracktype_string	seqtracktype_string	constant	seqtracktype_string	https://manual.gamemaker.io/monthly/en/GameMaker_Language/GML_Reference/Asset_Management/Sequences/Sequence_Structs/The_Track_Struct.htm
Asset_Management.Sequences.Sequence_Structs.seqtracktype_text	seqtracktype_text	constant	seqtracktype_text	https://manual.gamemaker.io/monthly/en/GameMaker_Language/GML_Reference/Asset_Management/Sequences/Sequence_Structs/The_Track_Struct.htm
Asset_Management.Sequences.Sequences	Sequences	unknown	undefined	https://manual.gamemaker.io/monthly/en/GameMaker_Language/GML_Reference/Asset_Management/Sequences/Sequences.htm
Asset_Management.Sequences.in_sequence	in_sequence	variable	in_sequence	https://manual.gamemaker.io/monthly/en/GameMaker_Language/GML_Reference/Asset_Management/Sequences/in_sequence.htm
Asset_Management.Sequences.sequence_create	sequence_create	function	sequence_create();	https://manual.gamemaker.io/monthly/en/GameMaker_Language/GML_Reference/Asset_Management/Sequences/sequence_create.htm
Asset_Management.Sequences.sequence_destroy	sequence_destroy	function	sequence_destroy(sequence_struct_or_id);	https://manual.gamemaker.io/monthly/en/GameMaker_Language/GML_Reference/Asset_Management/Sequences/sequence_destroy.htm
Asset_Management.Sequences.sequence_exists	sequence_exists	function	sequence_exists(sequence_struct_or_id);	https://manual.gamemaker.io/monthly/en/GameMaker_Language/GML_Reference/Asset_Management/Sequences/sequence_exists.htm
Asset_Management.Sequences.sequence_get	sequence_get	function	sequence_get(sequence_index);	https://manual.gamemaker.io/monthly/en/GameMaker_Language/GML_Reference/Asset_Management/Sequences/sequence_get.htm
Asset_Management.Sequences.sequence_get_objects	sequence_get_objects	function	sequence_get_objects(sequence_struct_or_id);	https://manual.gamemaker.io/monthly/en/GameMaker_Language/GML_Reference/Asset_Management/Sequences/sequence_get_objects.htm
Asset_Management.Sequences.sequence_instance	sequence_instance	variable	sequence_instance	https://manual.gamemaker.io/monthly/en/GameMaker_Language/GML_Reference/Asset_Management/Sequences/sequence_instance.htm
Asset_Management.Sequences.sequence_instance_override_object	sequence_instance_override_object	function	sequence_instance_override_object(sequence_instance_struct, object_id, instance_or_object_id);	https://manual.gamemaker.io/monthly/en/GameMaker_Language/GML_Reference/Asset_Management/Sequences/sequence_instance_override_object.htm
Asset_Management.Sequences.sequence_keyframe_new	sequence_keyframe_new	function	sequence_keyframe_new(type);	https://manual.gamemaker.io/monthly/en/GameMaker_Language/GML_Reference/Asset_Management/Sequences/sequence_keyframe_new.htm
Asset_Management.Sequences.sequence_keyframedata_new	sequence_keyframedata_new	function	sequence_keyframedata_new(type);	https://manual.gamemaker.io/monthly/en/GameMaker_Language/GML_Reference/Asset_Management/Sequences/sequence_keyframedata_new.htm
Asset_Management.Sequences.sequence_track_new	sequence_track_new	function	sequence_track_new(type)	https://manual.gamemaker.io/monthly/en/GameMaker_Language/GML_Reference/Asset_Management/Sequences/sequence_track_new.htm
Asset_Management.Shaders.MATRIX_MAX	MATRIX_MAX	unknown	undefined	https://manual.gamemaker.io/monthly/en/GameMaker_Language/GML_Reference/Asset_Management/Shaders/Shader_Constants.htm
Asset_Management.Shaders.MATRIX_PROJECTION	MATRIX_PROJECTION	constant	MATRIX_PROJECTION	https://manual.gamemaker.io/monthly/en/GameMaker_Language/GML_Reference/Asset_Management/Shaders/Shader_Constants.htm
Asset_Management.Shaders.MATRIX_VIEW	MATRIX_VIEW	constant	MATRIX_VIEW	https://manual.gamemaker.io/monthly/en/GameMaker_Language/GML_Reference/Asset_Management/Shaders/Shader_Constants.htm
Asset_Management.Shaders.MATRIX_WORLD	MATRIX_WORLD	constant	MATRIX_WORLD	https://manual.gamemaker.io/monthly/en/GameMaker_Language/GML_Reference/Asset_Management/Shaders/Shader_Constants.htm
Asset_Management.Shaders.MATRIX_WORLD_VIEW	MATRIX_WORLD_VIEW	constant	MATRIX_WORLD_VIEW	https://manual.gamemaker.io/monthly/en/GameMaker_Language/GML_Reference/Asset_Management/Shaders/Shader_Constants.htm
Asset_Management.Shaders.MATRIX_WORLD_VIEW_PROJECTION	MATRIX_WORLD_VIEW_PROJECTION	constant	MATRIX_WORLD_VIEW_PROJECTION	https://manual.gamemaker.io/monthly/en/GameMaker_Language/GML_Reference/Asset_Management/Shaders/Shader_Constants.htm
Asset_Management.Shaders.MAX_VS_LIGHTS	MAX_VS_LIGHTS	constant	MAX_VS_LIGHTS	https://manual.gamemaker.io/monthly/en/GameMaker_Language/GML_Reference/Asset_Management/Shaders/Shader_Constants.htm
Asset_Management.Shaders.gm_AlphaRefValue	gm_AlphaRefValue	unknown	undefined	https://manual.gamemaker.io/monthly/en/GameMaker_Language/GML_Reference/Asset_Management/Shaders/Shader_Constants.htm
Asset_Management.Shaders.gm_AlphaTestEnabled	gm_AlphaTestEnabled	unknown	undefined	https://manual.gamemaker.io/monthly/en/GameMaker_Language/GML_Reference/Asset_Management/Shaders/Shader_Constants.htm
Asset_Management.Shaders.gm_BaseTexture	gm_BaseTexture	unknown	undefined	https://manual.gamemaker.io/monthly/en/GameMaker_Language/GML_Reference/Asset_Management/Shaders/Shader_Constants.htm
Asset_Management.Shaders.gm_FogColour	gm_FogColour	unknown	undefined	https://manual.gamemaker.io/monthly/en/GameMaker_Language/GML_Reference/Asset_Management/Shaders/Shader_Constants.htm
Asset_Management.Shaders.gm_FogStart	gm_FogStart	unknown	undefined	https://manual.gamemaker.io/monthly/en/GameMaker_Language/GML_Reference/Asset_Management/Shaders/Shader_Constants.htm
Asset_Management.Shaders.gm_LightingEnabled	gm_LightingEnabled	unknown	undefined	https://manual.gamemaker.io/monthly/en/GameMaker_Language/GML_Reference/Asset_Management/Shaders/Shader_Constants.htm
Asset_Management.Shaders.gm_Matrices	gm_Matrices	unknown	undefined	https://manual.gamemaker.io/monthly/en/GameMaker_Language/GML_Reference/Asset_Management/Shaders/Shader_Constants.htm
Asset_Management.Shaders.gm_PS_FogEnabled	gm_PS_FogEnabled	unknown	undefined	https://manual.gamemaker.io/monthly/en/GameMaker_Language/GML_Reference/Asset_Management/Shaders/Shader_Constants.htm
Asset_Management.Shaders.gm_RcpFogRange	gm_RcpFogRange	unknown	undefined	https://manual.gamemaker.io/monthly/en/GameMaker_Language/GML_Reference/Asset_Management/Shaders/Shader_Constants.htm
Asset_Management.Shaders.gm_VS_FogEnabled	gm_VS_FogEnabled	unknown	undefined	https://manual.gamemaker.io/monthly/en/GameMaker_Language/GML_Reference/Asset_Management/Shaders/Shader_Constants.htm
Asset_Management.Shaders.shader_current	shader_current	function	shader_current();	https://manual.gamemaker.io/monthly/en/GameMaker_Language/GML_Reference/Asset_Management/Shaders/shader_current.htm
Asset_Management.Shaders.shader_enable_corner_id	shader_enable_corner_id	function	shader_enable_corner_id(enable);	https://manual.gamemaker.io/monthly/en/GameMaker_Language/GML_Reference/Asset_Management/Shaders/shader_enable_corner_id.htm
Asset_Management.Shaders.shader_get_name	shader_get_name	function	shader_get_name(shader);	https://manual.gamemaker.io/monthly/en/GameMaker_Language/GML_Reference/Asset_Management/Shaders/shader_get_name.htm
Asset_Management.Shaders.shader_get_sampler_index	shader_get_sampler_index	function	shader_get_sampler_index(shader, uniform);	https://manual.gamemaker.io/monthly/en/GameMaker_Language/GML_Reference/Asset_Management/Shaders/shader_get_sampler_index.htm
Asset_Management.Shaders.shader_get_uniform	shader_get_uniform	function	shader_get_uniform(shader, uniform);	https://manual.gamemaker.io/monthly/en/GameMaker_Language/GML_Reference/Asset_Management/Shaders/shader_get_uniform.htm
Asset_Management.Shaders.shader_is_compiled	shader_is_compiled	function	shader_is_compiled(shader);	https://manual.gamemaker.io/monthly/en/GameMaker_Language/GML_Reference/Asset_Management/Shaders/shader_is_compiled.htm
Asset_Management.Shaders.shader_reset	shader_reset	function	shader_reset();	https://manual.gamemaker.io/monthly/en/GameMaker_Language/GML_Reference/Asset_Management/Shaders/shader_reset.htm
Asset_Management.Shaders.shader_set	shader_set	function	shader_set(shader);	https://manual.gamemaker.io/monthly/en/GameMaker_Language/GML_Reference/Asset_Management/Shaders/shader_set.htm
Asset_Management.Shaders.shader_set_uniform_f	shader_set_uniform_f	function	shader_set_uniform_f(handle, value1 [, value2, value3, value4]);	https://manual.gamemaker.io/monthly/en/GameMaker_Language/GML_Reference/Asset_Management/Shaders/shader_set_uniform_f.htm
Asset_Management.Shaders.shader_set_uniform_f_array	shader_set_uniform_f_array	function	shader_set_uniform_f_array(handle, array);	https://manual.gamemaker.io/monthly/en/GameMaker_Language/GML_Reference/Asset_Management/Shaders/shader_set_uniform_f_array.htm
Asset_Management.Shaders.shader_set_uniform_f_buffer	shader_set_uniform_f_buffer	function	shader_set_uniform_f_buffer(uniform, buffer, offset, count);	https://manual.gamemaker.io/monthly/en/GameMaker_Language/GML_Reference/Asset_Management/Shaders/shader_set_uniform_f_buffer.htm
Asset_Management.Shaders.shader_set_uniform_i	shader_set_uniform_i	function	shader_set_uniform_i(handle, value1 [, value2, value3, value4]);	https://manual.gamemaker.io/monthly/en/GameMaker_Language/GML_Reference/Asset_Management/Shaders/shader_set_uniform_i.htm
Asset_Management.Shaders.shader_set_uniform_i_array	shader_set_uniform_i_array	function	shader_set_uniform_i_array(handle, array);	https://manual.gamemaker.io/monthly/en/GameMaker_Language/GML_Reference/Asset_Management/Shaders/shader_set_uniform_i_array.htm
Asset_Management.Shaders.shader_set_uniform_matrix	shader_set_uniform_matrix	function	shader_set_uniform_matrix(handle);	https://manual.gamemaker.io/monthly/en/GameMaker_Language/GML_Reference/Asset_Management/Shaders/shader_set_uniform_matrix.htm
Asset_Management.Shaders.shader_set_uniform_matrix_array	shader_set_uniform_matrix_array	function	shader_set_uniform_matrix_array(handle, array);	https://manual.gamemaker.io/monthly/en/GameMaker_Language/GML_Reference/Asset_Management/Shaders/shader_set_uniform_matrix_array.htm
Asset_Management.Shaders.shaders_are_supported	shaders_are_supported	function	shaders_are_supported();	https://manual.gamemaker.io/monthly/en/GameMaker_Language/GML_Reference/Asset_Management/Shaders/shaders_are_supported.htm
Asset_Management.Sprites.Skeletal_Animation.Animation.skeleton_animation_clear	skeleton_animation_clear	function	skeleton_animation_clear(track, [reset], [duration]);	https://manual.gamemaker.io/monthly/en/GameMaker_Language/GML_Reference/Asset_Management/Sprites/Skeletal_Animation/Animation/skeleton_animation_clear.htm
Asset_Management.Sprites.Skeletal_Animation.Animation.skeleton_animation_get	skeleton_animation_get	function	skeleton_animation_get();	https://manual.gamemaker.io/monthly/en/GameMaker_Language/GML_Reference/Asset_Management/Sprites/Skeletal_Animation/Animation/skeleton_animation_get.htm
Asset_Management.Sprites.Skeletal_Animation.Animation.skeleton_animation_get_duration	skeleton_animation_get_duration	function	skeleton_animation_get_duration(animname);	https://manual.gamemaker.io/monthly/en/GameMaker_Language/GML_Reference/Asset_Management/Sprites/Skeletal_Animation/Animation/skeleton_animation_get_duration.htm
Asset_Management.Sprites.Skeletal_Animation.Animation.skeleton_animation_get_event_frames	skeleton_animation_get_event_frames	function	skeleton_animation_get_event_frames(anim_name, event_name);	https://manual.gamemaker.io/monthly/en/GameMaker_Language/GML_Reference/Asset_Management/Sprites/Skeletal_Animation/Animation/skeleton_animation_get_event_frames.htm
Asset_Management.Sprites.Skeletal_Animation.Animation.skeleton_animation_get_ext	skeleton_animation_get_ext	function	skeleton_animation_get_ext(track);	https://manual.gamemaker.io/monthly/en/GameMaker_Language/GML_Reference/Asset_Management/Sprites/Skeletal_Animation/Animation/skeleton_animation_get_ext.htm
Asset_Management.Sprites.Skeletal_Animation.Animation.skeleton_animation_get_frame	skeleton_animation_get_frame	function	skeleton_animation_get_frame(track);	https://manual.gamemaker.io/monthly/en/GameMaker_Language/GML_Reference/Asset_Management/Sprites/Skeletal_Animation/Animation/skeleton_animation_get_frame.htm
Asset_Management.Sprites.Skeletal_Animation.Animation.skeleton_animation_get_frames	skeleton_animation_get_frames	function	skeleton_animation_get_frames(anim_name);	https://manual.gamemaker.io/monthly/en/GameMaker_Language/GML_Reference/Asset_Management/Sprites/Skeletal_Animation/Animation/skeleton_animation_get_frames.htm
Asset_Management.Sprites.Skeletal_Animation.Animation.skeleton_animation_get_position	skeleton_animation_get_position	function	skeleton_animation_get_position(track);	https://manual.gamemaker.io/monthly/en/GameMaker_Language/GML_Reference/Asset_Management/Sprites/Skeletal_Animation/Animation/skeleton_animation_get_position.htm
Asset_Management.Sprites.Skeletal_Animation.Animation.skeleton_animation_is_finished	skeleton_animation_is_finished	function	skeleton_animation_is_finished(track);	https://manual.gamemaker.io/monthly/en/GameMaker_Language/GML_Reference/Asset_Management/Sprites/Skeletal_Animation/Animation/skeleton_animation_is_finished.htm
Asset_Management.Sprites.Skeletal_Animation.Animation.skeleton_animation_is_looping	skeleton_animation_is_looping	function	skeleton_animation_is_looping(track);	https://manual.gamemaker.io/monthly/en/GameMaker_Language/GML_Reference/Asset_Management/Sprites/Skeletal_Animation/Animation/skeleton_animation_is_looping.htm
Asset_Management.Sprites.Skeletal_Animation.Animation.skeleton_animation_list	skeleton_animation_list	function	skeleton_animation_list(sprite, list);	https://manual.gamemaker.io/monthly/en/GameMaker_Language/GML_Reference/Asset_Management/Sprites/Skeletal_Animation/Animation/skeleton_animation_list.htm
Asset_Management.Sprites.Skeletal_Animation.Animation.skeleton_animation_mix	skeleton_animation_mix	function	skeleton_animation_mix(animfrom, animto, duration);	https://manual.gamemaker.io/monthly/en/GameMaker_Language/GML_Reference/Asset_Management/Sprites/Skeletal_Animation/Animation/skeleton_animation_mix.htm
Asset_Management.Sprites.Skeletal_Animation.Animation.skeleton_animation_set	skeleton_animation_set	function	skeleton_animation_set(animname, [loop]);	https://manual.gamemaker.io/monthly/en/GameMaker_Language/GML_Reference/Asset_Management/Sprites/Skeletal_Animation/Animation/skeleton_animation_set.htm
Asset_Management.Sprites.Skeletal_Animation.Animation.skeleton_animation_set_ext	skeleton_animation_set_ext	function	skeleton_animation_set_ext(animname, track, [loop]);	https://manual.gamemaker.io/monthly/en/GameMaker_Language/GML_Reference/Asset_Management/Sprites/Skeletal_Animation/Animation/skeleton_animation_set_ext.htm
Asset_Management.Sprites.Skeletal_Animation.Animation.skeleton_animation_set_frame	skeleton_animation_set_frame	function	skeleton_animation_set_frame(track, index);	https://manual.gamemaker.io/monthly/en/GameMaker_Language/GML_Reference/Asset_Management/Sprites/Skeletal_Animation/Animation/skeleton_animation_set_frame.htm
Asset_Management.Sprites.Skeletal_Animation.Animation.skeleton_animation_set_position	skeleton_animation_set_position	function	skeleton_animation_set_position(track, position);	https://manual.gamemaker.io/monthly/en/GameMaker_Language/GML_Reference/Asset_Management/Sprites/Skeletal_Animation/Animation/skeleton_animation_set_position.htm
Asset_Management.Sprites.Skeletal_Animation.Attachments.skeleton_attachment_create	skeleton_attachment_create	function	skeleton_attachment_create(name, sprite, ind, xorigin, yorigin, xscale, yscale, rot);	https://manual.gamemaker.io/monthly/en/GameMaker_Language/GML_Reference/Asset_Management/Sprites/Skeletal_Animation/Attachments/skeleton_attachment_create.htm
Asset_Management.Sprites.Skeletal_Animation.Attachments.skeleton_attachment_create_color	skeleton_attachment_create_color	unknown	undefined	https://manual.gamemaker.io/monthly/en/GameMaker_Language/GML_Reference/Asset_Management/Sprites/Skeletal_Animation/Attachments/skeleton_attachment_create_colour.htm
Asset_Management.Sprites.Skeletal_Animation.Attachments.skeleton_attachment_create_colour	skeleton_attachment_create_colour	function	skeleton_attachment_create_colour(name, sprite, ind, xorigin, yorigin, xscale, yscale, rot, colour, alpha);	https://manual.gamemaker.io/monthly/en/GameMaker_Language/GML_Reference/Asset_Management/Sprites/Skeletal_Animation/Attachments/skeleton_attachment_create_colour.htm
Asset_Management.Sprites.Skeletal_Animation.Attachments.skeleton_attachment_destroy	skeleton_attachment_destroy	function	skeleton_attachment_destroy(name);	https://manual.gamemaker.io/monthly/en/GameMaker_Language/GML_Reference/Asset_Management/Sprites/Skeletal_Animation/Attachments/skeleton_attachment_destroy.htm
Asset_Management.Sprites.Skeletal_Animation.Attachments.skeleton_attachment_exists	skeleton_attachment_exists	function	skeleton_attachment_exists(name);	https://manual.gamemaker.io/monthly/en/GameMaker_Language/GML_Reference/Asset_Management/Sprites/Skeletal_Animation/Attachments/skeleton_attachment_exists.htm
Asset_Management.Sprites.Skeletal_Animation.Attachments.skeleton_attachment_get	skeleton_attachment_get	function	skeleton_attachment_get(slot);	https://manual.gamemaker.io/monthly/en/GameMaker_Language/GML_Reference/Asset_Management/Sprites/Skeletal_Animation/Attachments/skeleton_attachment_get.htm
Asset_Management.Sprites.Skeletal_Animation.Attachments.skeleton_attachment_replace	skeleton_attachment_replace	function	skeleton_attachment_replace(name, sprite, ind, xorigin, yorigin, xscale, yscale, rot);	https://manual.gamemaker.io/monthly/en/GameMaker_Language/GML_Reference/Asset_Management/Sprites/Skeletal_Animation/Attachments/skeleton_attachment_replace.htm
Asset_Management.Sprites.Skeletal_Animation.Attachments.skeleton_attachment_replace_color	skeleton_attachment_replace_color	unknown	undefined	https://manual.gamemaker.io/monthly/en/GameMaker_Language/GML_Reference/Asset_Management/Sprites/Skeletal_Animation/Attachments/skeleton_attachment_replace_colour.htm
Asset_Management.Sprites.Skeletal_Animation.Attachments.skeleton_attachment_replace_colour	skeleton_attachment_replace_colour	function	skeleton_attachment_replace_colour(name, sprite, ind, xorigin, yorigin, xscale, yscale, rot, colour, alpha);	https://manual.gamemaker.io/monthly/en/GameMaker_Language/GML_Reference/Asset_Management/Sprites/Skeletal_Animation/Attachments/skeleton_attachment_replace_colour.htm
Asset_Management.Sprites.Skeletal_Animation.Attachments.skeleton_attachment_set	skeleton_attachment_set	function	skeleton_attachment_set(slot, attachment);	https://manual.gamemaker.io/monthly/en/GameMaker_Language/GML_Reference/Asset_Management/Sprites/Skeletal_Animation/Attachments/skeleton_attachment_set.htm
Asset_Management.Sprites.Skeletal_Animation.Bones.skeleton_bone_data_get	skeleton_bone_data_get	function	skeleton_bone_data_get(bone, map);	https://manual.gamemaker.io/monthly/en/GameMaker_Language/GML_Reference/Asset_Management/Sprites/Skeletal_Animation/Bones/skeleton_bone_data_get.htm
Asset_Management.Sprites.Skeletal_Animation.Bones.skeleton_bone_data_set	skeleton_bone_data_set	function	skeleton_bone_data_set(bone, map);	https://manual.gamemaker.io/monthly/en/GameMaker_Language/GML_Reference/Asset_Management/Sprites/Skeletal_Animation/Bones/skeleton_bone_data_set.htm
Asset_Management.Sprites.Skeletal_Animation.Bones.skeleton_bone_list	skeleton_bone_list	function	skeleton_bone_list(sprite, list);	https://manual.gamemaker.io/monthly/en/GameMaker_Language/GML_Reference/Asset_Management/Sprites/Skeletal_Animation/Bones/skeleton_bone_list.htm
Asset_Management.Sprites.Skeletal_Animation.Bones.skeleton_bone_state_get	skeleton_bone_state_get	function	skeleton_bone_state_get(bone, map);	https://manual.gamemaker.io/monthly/en/GameMaker_Language/GML_Reference/Asset_Management/Sprites/Skeletal_Animation/Bones/skeleton_bone_state_get.htm
Asset_Management.Sprites.Skeletal_Animation.Bones.skeleton_bone_state_set	skeleton_bone_state_set	function	skeleton_bone_state_set(bone, map);	https://manual.gamemaker.io/monthly/en/GameMaker_Language/GML_Reference/Asset_Management/Sprites/Skeletal_Animation/Bones/skeleton_bone_state_set.htm
Asset_Management.Sprites.Skeletal_Animation.Drawing_And_Miscellaneous.draw_enable_skeleton_blendmodes	draw_enable_skeleton_blendmodes	function	draw_enable_skeleton_blendmodes(enable)	https://manual.gamemaker.io/monthly/en/GameMaker_Language/GML_Reference/Asset_Management/Sprites/Skeletal_Animation/Drawing_And_Miscellaneous/draw_enable_skeleton_blendmodes.htm
Asset_Management.Sprites.Skeletal_Animation.Drawing_And_Miscellaneous.draw_get_enable_skeleton_blendmodes	draw_get_enable_skeleton_blendmodes	function	draw_get_enable_skeleton_blendmodes()	https://manual.gamemaker.io/monthly/en/GameMaker_Language/GML_Reference/Asset_Management/Sprites/Skeletal_Animation/Drawing_And_Miscellaneous/draw_get_enable_skeleton_blendmodes.htm
Asset_Management.Sprites.Skeletal_Animation.Drawing_And_Miscellaneous.draw_skeleton	draw_skeleton	function	draw_skeleton(sprite, animname, skinname, frame, x, y, xscale, yscale, rot, colour, alpha);	https://manual.gamemaker.io/monthly/en/GameMaker_Language/GML_Reference/Asset_Management/Sprites/Skeletal_Animation/Drawing_And_Miscellaneous/draw_skeleton.htm
Asset_Management.Sprites.Skeletal_Animation.Drawing_And_Miscellaneous.draw_skeleton_collision	draw_skeleton_collision	function	draw_skeleton_collision(sprite, animname, frame, x, y, xscale, yscale, rot, colour)	https://manual.gamemaker.io/monthly/en/GameMaker_Language/GML_Reference/Asset_Management/Sprites/Skeletal_Animation/Drawing_And_Miscellaneous/draw_skeleton_collision.htm
Asset_Management.Sprites.Skeletal_Animation.Drawing_And_Miscellaneous.draw_skeleton_instance	draw_skeleton_instance	function	draw_skeleton_instance(instance, animname, skinname, frame, x, y, xscale, yscale, rot, colour, alpha);	https://manual.gamemaker.io/monthly/en/GameMaker_Language/GML_Reference/Asset_Management/Sprites/Skeletal_Animation/Drawing_And_Miscellaneous/draw_skeleton_instance.htm
Asset_Management.Sprites.Skeletal_Animation.Drawing_And_Miscellaneous.draw_skeleton_time	draw_skeleton_time	function	draw_skeleton_time(sprite, animname, skinname, time, x, y, xscale, yscale, rot, colour)	https://manual.gamemaker.io/monthly/en/GameMaker_Language/GML_Reference/Asset_Management/Sprites/Skeletal_Animation/Drawing_And_Miscellaneous/draw_skeleton_time.htm
Asset_Management.Sprites.Skeletal_Animation.Drawing_And_Miscellaneous.skeleton_collision_draw_set	skeleton_collision_draw_set	function	skeleton_collision_draw_set(flag);	https://manual.gamemaker.io/monthly/en/GameMaker_Language/GML_Reference/Asset_Management/Sprites/Skeletal_Animation/Drawing_And_Miscellaneous/skeleton_collision_draw_set.htm
Asset_Management.Sprites.Skeletal_Animation.Drawing_And_Miscellaneous.skeleton_get_bounds	skeleton_get_bounds	function	skeleton_get_bounds(index);	https://manual.gamemaker.io/monthly/en/GameMaker_Language/GML_Reference/Asset_Management/Sprites/Skeletal_Animation/Drawing_And_Miscellaneous/skeleton_get_bounds.htm
Asset_Management.Sprites.Skeletal_Animation.Drawing_And_Miscellaneous.skeleton_get_minmax	skeleton_get_minmax	function	skeleton_get_minmax();	https://manual.gamemaker.io/monthly/en/GameMaker_Language/GML_Reference/Asset_Management/Sprites/Skeletal_Animation/Drawing_And_Miscellaneous/skeleton_get_minmax.htm
Asset_Management.Sprites.Skeletal_Animation.Drawing_And_Miscellaneous.skeleton_get_num_bounds	skeleton_get_num_bounds	function	skeleton_get_num_bounds();	https://manual.gamemaker.io/monthly/en/GameMaker_Language/GML_Reference/Asset_Management/Sprites/Skeletal_Animation/Drawing_And_Miscellaneous/skeleton_get_num_bounds.htm
Asset_Management.Sprites.Skeletal_Animation.Skins.skeleton_skin_create	skeleton_skin_create	function	skeleton_skin_create(name, skins);	https://manual.gamemaker.io/monthly/en/GameMaker_Language/GML_Reference/Asset_Management/Sprites/Skeletal_Animation/Skins/skeleton_skin_create.htm
Asset_Management.Sprites.Skeletal_Animation.Skins.skeleton_skin_get	skeleton_skin_get	function	skeleton_skin_get();	https://manual.gamemaker.io/monthly/en/GameMaker_Language/GML_Reference/Asset_Management/Sprites/Skeletal_Animation/Skins/skeleton_skin_get.htm
Asset_Management.Sprites.Skeletal_Animation.Skins.skeleton_skin_list	skeleton_skin_list	function	skeleton_skin_list(sprite, list);	https://manual.gamemaker.io/monthly/en/GameMaker_Language/GML_Reference/Asset_Management/Sprites/Skeletal_Animation/Skins/skeleton_skin_list.htm
Asset_Management.Sprites.Skeletal_Animation.Skins.skeleton_skin_set	skeleton_skin_set	function	skeleton_skin_set(skin);	https://manual.gamemaker.io/monthly/en/GameMaker_Language/GML_Reference/Asset_Management/Sprites/Skeletal_Animation/Skins/skeleton_skin_set.htm
Asset_Management.Sprites.Skeletal_Animation.Slots.skeleton_find_slot	skeleton_find_slot	function	skeleton_find_slot(x, y, list);	https://manual.gamemaker.io/monthly/en/GameMaker_Language/GML_Reference/Asset_Management/Sprites/Skeletal_Animation/Slots/skeleton_find_slot.htm
Asset_Management.Sprites.Skeletal_Animation.Slots.skeleton_slot_alpha_get	skeleton_slot_alpha_get	function	skeleton_slot_alpha_get(slot);	https://manual.gamemaker.io/monthly/en/GameMaker_Language/GML_Reference/Asset_Management/Sprites/Skeletal_Animation/Slots/skeleton_slot_alpha_get.htm
Asset_Management.Sprites.Skeletal_Animation.Slots.skeleton_slot_colour_get	skeleton_slot_colour_get	function	skeleton_slot_colour_get(slot);	https://manual.gamemaker.io/monthly/en/GameMaker_Language/GML_Reference/Asset_Management/Sprites/Skeletal_Animation/Slots/skeleton_slot_colour_get.htm
Asset_Management.Sprites.Skeletal_Animation.Slots.skeleton_slot_colour_set	skeleton_slot_colour_set	function	skeleton_slot_colour_set(slot, colour, alpha);	https://manual.gamemaker.io/monthly/en/GameMaker_Language/GML_Reference/Asset_Management/Sprites/Skeletal_Animation/Slots/skeleton_slot_colour_set.htm
Asset_Management.Sprites.Skeletal_Animation.Slots.skeleton_slot_data	skeleton_slot_data	function	skeleton_slot_data(sprite, list);	https://manual.gamemaker.io/monthly/en/GameMaker_Language/GML_Reference/Asset_Management/Sprites/Skeletal_Animation/Slots/skeleton_slot_data.htm
Asset_Management.Sprites.Skeletal_Animation.Slots.skeleton_slot_data_instance	skeleton_slot_data_instance	function	skeleton_slot_data_instance(list);	https://manual.gamemaker.io/monthly/en/GameMaker_Language/GML_Reference/Asset_Management/Sprites/Skeletal_Animation/Slots/skeleton_slot_data_instance.htm
Asset_Management.Sprites.Skeletal_Animation.Slots.skeleton_slot_list	skeleton_slot_list	function	skeleton_slot_list(sprite, list);	https://manual.gamemaker.io/monthly/en/GameMaker_Language/GML_Reference/Asset_Management/Sprites/Skeletal_Animation/Slots/skeleton_slot_list.htm
Asset_Management.Sprites.Sprite_Information.bboxmode_automatic	bboxmode_automatic	constant	bboxmode_automatic	https://manual.gamemaker.io/monthly/en/GameMaker_Language/GML_Reference/Asset_Management/Sprites/Sprite_Information/sprite_get_bbox_mode.htm
Asset_Management.Sprites.Sprite_Information.bboxmode_fullimage	bboxmode_fullimage	constant	bboxmode_fullimage	https://manual.gamemaker.io/monthly/en/GameMaker_Language/GML_Reference/Asset_Management/Sprites/Sprite_Information/sprite_get_bbox_mode.htm
Asset_Management.Sprites.Sprite_Information.bboxmode_manual	bboxmode_manual	constant	bboxmode_manual	https://manual.gamemaker.io/monthly/en/GameMaker_Language/GML_Reference/Asset_Management/Sprites/Sprite_Information/sprite_get_bbox_mode.htm
Asset_Management.Sprites.Sprite_Information.sprite_get_bbox_bottom	sprite_get_bbox_bottom	function	sprite_get_bbox_bottom(ind);	https://manual.gamemaker.io/monthly/en/GameMaker_Language/GML_Reference/Asset_Management/Sprites/Sprite_Information/sprite_get_bbox_bottom.htm
Asset_Management.Sprites.Sprite_Information.sprite_get_bbox_left	sprite_get_bbox_left	function	sprite_get_bbox_left(ind);	https://manual.gamemaker.io/monthly/en/GameMaker_Language/GML_Reference/Asset_Management/Sprites/Sprite_Information/sprite_get_bbox_left.htm
Asset_Management.Sprites.Sprite_Information.sprite_get_bbox_mode	sprite_get_bbox_mode	function	sprite_get_bbox_mode(ind);	https://manual.gamemaker.io/monthly/en/GameMaker_Language/GML_Reference/Asset_Management/Sprites/Sprite_Information/sprite_get_bbox_mode.htm
Asset_Management.Sprites.Sprite_Information.sprite_get_bbox_right	sprite_get_bbox_right	function	sprite_get_bbox_right(ind);	https://manual.gamemaker.io/monthly/en/GameMaker_Language/GML_Reference/Asset_Management/Sprites/Sprite_Information/sprite_get_bbox_right.htm
Asset_Management.Sprites.Sprite_Information.sprite_get_bbox_top	sprite_get_bbox_top	function	sprite_get_bbox_top(ind);	https://manual.gamemaker.io/monthly/en/GameMaker_Language/GML_Reference/Asset_Management/Sprites/Sprite_Information/sprite_get_bbox_top.htm
Asset_Management.Sprites.Sprite_Information.sprite_get_height	sprite_get_height	function	sprite_get_height(index);	https://manual.gamemaker.io/monthly/en/GameMaker_Language/GML_Reference/Asset_Management/Sprites/Sprite_Information/sprite_get_height.htm
Asset_Management.Sprites.Sprite_Information.sprite_get_info	sprite_get_info	function	sprite_get_info(index);	https://manual.gamemaker.io/monthly/en/GameMaker_Language/GML_Reference/Asset_Management/Sprites/Sprite_Information/sprite_get_info.htm
Asset_Management.Sprites.Sprite_Information.sprite_get_name	sprite_get_name	function	sprite_get_name(index);	https://manual.gamemaker.io/monthly/en/GameMaker_Language/GML_Reference/Asset_Management/Sprites/Sprite_Information/sprite_get_name.htm
Asset_Management.Sprites.Sprite_Information.sprite_get_nineslice	sprite_get_nineslice	function	sprite_get_nineslice(ind);	https://manual.gamemaker.io/monthly/en/GameMaker_Language/GML_Reference/Asset_Management/Sprites/Sprite_Information/sprite_get_nineslice.htm
Asset_Management.Sprites.Sprite_Information.sprite_get_number	sprite_get_number	function	sprite_get_number(index);	https://manual.gamemaker.io/monthly/en/GameMaker_Language/GML_Reference/Asset_Management/Sprites/Sprite_Information/sprite_get_number.htm
Asset_Management.Sprites.Sprite_Information.sprite_get_speed	sprite_get_speed	function	sprite_get_speed(index)	https://manual.gamemaker.io/monthly/en/GameMaker_Language/GML_Reference/Asset_Management/Sprites/Sprite_Information/sprite_get_speed.htm
Asset_Management.Sprites.Sprite_Information.sprite_get_speed_type	sprite_get_speed_type	function	sprite_get_speed_type(index)	https://manual.gamemaker.io/monthly/en/GameMaker_Language/GML_Reference/Asset_Management/Sprites/Sprite_Information/sprite_get_speed_type.htm
Asset_Management.Sprites.Sprite_Information.sprite_get_texture	sprite_get_texture	function	sprite_get_texture(spr, subimg);	https://manual.gamemaker.io/monthly/en/GameMaker_Language/GML_Reference/Asset_Management/Sprites/Sprite_Information/sprite_get_texture.htm
Asset_Management.Sprites.Sprite_Information.sprite_get_tpe	sprite_get_tpe	function	sprite_get_tpe(sprite, index);	https://manual.gamemaker.io/monthly/en/GameMaker_Language/GML_Reference/Asset_Management/Sprites/Sprite_Information/sprite_get_tpe.htm
Asset_Management.Sprites.Sprite_Information.sprite_get_uvs	sprite_get_uvs	function	sprite_get_uvs(sprite, subimage);	https://manual.gamemaker.io/monthly/en/GameMaker_Language/GML_Reference/Asset_Management/Sprites/Sprite_Information/sprite_get_uvs.htm
Asset_Management.Sprites.Sprite_Information.sprite_get_width	sprite_get_width	function	sprite_get_width(index);	https://manual.gamemaker.io/monthly/en/GameMaker_Language/GML_Reference/Asset_Management/Sprites/Sprite_Information/sprite_get_width.htm
Asset_Management.Sprites.Sprite_Information.sprite_get_xoffset	sprite_get_xoffset	function	sprite_get_xoffset(index);	https://manual.gamemaker.io/monthly/en/GameMaker_Language/GML_Reference/Asset_Management/Sprites/Sprite_Information/sprite_get_xoffset.htm
Asset_Management.Sprites.Sprite_Information.sprite_get_yoffset	sprite_get_yoffset	function	sprite_get_yoffset(index);	https://manual.gamemaker.io/monthly/en/GameMaker_Language/GML_Reference/Asset_Management/Sprites/Sprite_Information/sprite_get_yoffset.htm
Asset_Management.Sprites.Sprite_Information.spritespeed_framespergameframe	spritespeed_framespergameframe	constant	spritespeed_framespergameframe	https://manual.gamemaker.io/monthly/en/GameMaker_Language/GML_Reference/Asset_Management/Sprites/Sprite_Information/sprite_get_speed_type.htm
Asset_Management.Sprites.Sprite_Information.spritespeed_framespersecond	spritespeed_framespersecond	constant	spritespeed_framespersecond	https://manual.gamemaker.io/monthly/en/GameMaker_Language/GML_Reference/Asset_Management/Sprites/Sprite_Information/sprite_get_speed_type.htm
Asset_Management.Sprites.Sprite_Instance_Variables.bbox_bottom	bbox_bottom	variable	bbox_bottom;	https://manual.gamemaker.io/monthly/en/GameMaker_Language/GML_Reference/Asset_Management/Sprites/Sprite_Instance_Variables/bbox_bottom.htm
Asset_Management.Sprites.Sprite_Instance_Variables.bbox_left	bbox_left	variable	bbox_left;	https://manual.gamemaker.io/monthly/en/GameMaker_Language/GML_Reference/Asset_Management/Sprites/Sprite_Instance_Variables/bbox_left.htm
Asset_Management.Sprites.Sprite_Instance_Variables.bbox_right	bbox_right	variable	bbox_right;	https://manual.gamemaker.io/monthly/en/GameMaker_Language/GML_Reference/Asset_Management/Sprites/Sprite_Instance_Variables/bbox_right.htm
Asset_Management.Sprites.Sprite_Instance_Variables.bbox_top	bbox_top	variable	bbox_top;	https://manual.gamemaker.io/monthly/en/GameMaker_Language/GML_Reference/Asset_Management/Sprites/Sprite_Instance_Variables/bbox_top.htm
Asset_Management.Sprites.Sprite_Instance_Variables.image_alpha	image_alpha	variable	image_alpha	https://manual.gamemaker.io/monthly/en/GameMaker_Language/GML_Reference/Asset_Management/Sprites/Sprite_Instance_Variables/image_alpha.htm
Asset_Management.Sprites.Sprite_Instance_Variables.image_angle	image_angle	variable	image_angle;	https://manual.gamemaker.io/monthly/en/GameMaker_Language/GML_Reference/Asset_Management/Sprites/Sprite_Instance_Variables/image_angle.htm
Asset_Management.Sprites.Sprite_Instance_Variables.image_blend	image_blend	variable	image_blend;	https://manual.gamemaker.io/monthly/en/GameMaker_Language/GML_Reference/Asset_Management/Sprites/Sprite_Instance_Variables/image_blend.htm
Asset_Management.Sprites.Sprite_Instance_Variables.image_index	image_index	variable	image_index;	https://manual.gamemaker.io/monthly/en/GameMaker_Language/GML_Reference/Asset_Management/Sprites/Sprite_Instance_Variables/image_index.htm
Asset_Management.Sprites.Sprite_Instance_Variables.image_number	image_number	variable	image_number;	https://manual.gamemaker.io/monthly/en/GameMaker_Language/GML_Reference/Asset_Management/Sprites/Sprite_Instance_Variables/image_number.htm
Asset_Management.Sprites.Sprite_Instance_Variables.image_speed	image_speed	variable	image_speed;	https://manual.gamemaker.io/monthly/en/GameMaker_Language/GML_Reference/Asset_Management/Sprites/Sprite_Instance_Variables/image_speed.htm
Asset_Management.Sprites.Sprite_Instance_Variables.image_xscale	image_xscale	variable	image_xscale;	https://manual.gamemaker.io/monthly/en/GameMaker_Language/GML_Reference/Asset_Management/Sprites/Sprite_Instance_Variables/image_xscale.htm
Asset_Management.Sprites.Sprite_Instance_Variables.image_yscale	image_yscale	variable	image_yscale;	https://manual.gamemaker.io/monthly/en/GameMaker_Language/GML_Reference/Asset_Management/Sprites/Sprite_Instance_Variables/image_yscale.htm
Asset_Management.Sprites.Sprite_Instance_Variables.mask_index	mask_index	variable	mask_index;	https://manual.gamemaker.io/monthly/en/GameMaker_Language/GML_Reference/Asset_Management/Sprites/Sprite_Instance_Variables/mask_index.htm
Asset_Management.Sprites.Sprite_Instance_Variables.sprite_height	sprite_height	variable	sprite_height;	https://manual.gamemaker.io/monthly/en/GameMaker_Language/GML_Reference/Asset_Management/Sprites/Sprite_Instance_Variables/sprite_height.htm
Asset_Management.Sprites.Sprite_Instance_Variables.sprite_index	sprite_index	variable	sprite_index;	https://manual.gamemaker.io/monthly/en/GameMaker_Language/GML_Reference/Asset_Management/Sprites/Sprite_Instance_Variables/sprite_index.htm
Asset_Management.Sprites.Sprite_Instance_Variables.sprite_width	sprite_width	variable	sprite_width;	https://manual.gamemaker.io/monthly/en/GameMaker_Language/GML_Reference/Asset_Management/Sprites/Sprite_Instance_Variables/sprite_width.htm
Asset_Management.Sprites.Sprite_Instance_Variables.sprite_xoffset	sprite_xoffset	variable	sprite_xoffset;	https://manual.gamemaker.io/monthly/en/GameMaker_Language/GML_Reference/Asset_Management/Sprites/Sprite_Instance_Variables/sprite_xoffset.htm
Asset_Management.Sprites.Sprite_Instance_Variables.sprite_yoffset	sprite_yoffset	variable	sprite_yoffset;	https://manual.gamemaker.io/monthly/en/GameMaker_Language/GML_Reference/Asset_Management/Sprites/Sprite_Instance_Variables/sprite_yoffset.htm
Asset_Management.Sprites.Sprite_Manipulation.bboxkind_diamond	bboxkind_diamond	constant	bboxkind_diamond	https://manual.gamemaker.io/monthly/en/GameMaker_Language/GML_Reference/Asset_Management/Sprites/Sprite_Manipulation/sprite_collision_mask.htm
Asset_Management.Sprites.Sprite_Manipulation.bboxkind_ellipse	bboxkind_ellipse	constant	bboxkind_ellipse	https://manual.gamemaker.io/monthly/en/GameMaker_Language/GML_Reference/Asset_Management/Sprites/Sprite_Manipulation/sprite_collision_mask.htm
Asset_Management.Sprites.Sprite_Manipulation.bboxkind_precise	bboxkind_precise	constant	bboxkind_precise	https://manual.gamemaker.io/monthly/en/GameMaker_Language/GML_Reference/Asset_Management/Sprites/Sprite_Manipulation/sprite_collision_mask.htm
Asset_Management.Sprites.Sprite_Manipulation.bboxkind_rectangular	bboxkind_rectangular	constant	bboxkind_rectangular	https://manual.gamemaker.io/monthly/en/GameMaker_Language/GML_Reference/Asset_Management/Sprites/Sprite_Manipulation/sprite_collision_mask.htm
Asset_Management.Sprites.Sprite_Manipulation.bboxkind_spine	bboxkind_spine	constant	bboxkind_spine	https://manual.gamemaker.io/monthly/en/GameMaker_Language/GML_Reference/Asset_Management/Sprites/Sprite_Manipulation/sprite_collision_mask.htm
Asset_Management.Sprites.Sprite_Manipulation.sprite_add	sprite_add	function	sprite_add(fname, imgnumb, removeback, smooth, xorig, yorig);	https://manual.gamemaker.io/monthly/en/GameMaker_Language/GML_Reference/Asset_Management/Sprites/Sprite_Manipulation/sprite_add.htm
Asset_Management.Sprites.Sprite_Manipulation.sprite_add_ext	sprite_add_ext	function	sprite_add_ext(fname, imgnum, xorig, yorig, prefetch);	https://manual.gamemaker.io/monthly/en/GameMaker_Language/GML_Reference/Asset_Management/Sprites/Sprite_Manipulation/sprite_add_ext.htm
Asset_Management.Sprites.Sprite_Manipulation.sprite_add_ext_error_cancelled	sprite_add_ext_error_cancelled	constant	sprite_add_ext_error_cancelled	https://manual.gamemaker.io/monthly/en/GameMaker_Language/GML_Reference/Asset_Management/Sprites/Sprite_Manipulation/sprite_add_ext.htm
Asset_Management.Sprites.Sprite_Manipulation.sprite_add_ext_error_decompressfailed	sprite_add_ext_error_decompressfailed	constant	sprite_add_ext_error_decompressfailed	https://manual.gamemaker.io/monthly/en/GameMaker_Language/GML_Reference/Asset_Management/Sprites/Sprite_Manipulation/sprite_add_ext.htm
Asset_Management.Sprites.Sprite_Manipulation.sprite_add_ext_error_loadfailed	sprite_add_ext_error_loadfailed	constant	sprite_add_ext_error_loadfailed	https://manual.gamemaker.io/monthly/en/GameMaker_Language/GML_Reference/Asset_Management/Sprites/Sprite_Manipulation/sprite_add_ext.htm
Asset_Management.Sprites.Sprite_Manipulation.sprite_add_ext_error_setupfailed	sprite_add_ext_error_setupfailed	constant	sprite_add_ext_error_setupfailed	https://manual.gamemaker.io/monthly/en/GameMaker_Language/GML_Reference/Asset_Management/Sprites/Sprite_Manipulation/sprite_add_ext.htm
Asset_Management.Sprites.Sprite_Manipulation.sprite_add_ext_error_spritenotfound	sprite_add_ext_error_spritenotfound	constant	sprite_add_ext_error_spritenotfound	https://manual.gamemaker.io/monthly/en/GameMaker_Language/GML_Reference/Asset_Management/Sprites/Sprite_Manipulation/sprite_add_ext.htm
Asset_Management.Sprites.Sprite_Manipulation.sprite_add_ext_error_unknown	sprite_add_ext_error_unknown	constant	sprite_add_ext_error_unknown	https://manual.gamemaker.io/monthly/en/GameMaker_Language/GML_Reference/Asset_Management/Sprites/Sprite_Manipulation/sprite_add_ext.htm
Asset_Management.Sprites.Sprite_Manipulation.sprite_add_from_surface	sprite_add_from_surface	function	sprite_add_from_surface(index, surface, x, y, w, h, removeback, smooth);	https://manual.gamemaker.io/monthly/en/GameMaker_Language/GML_Reference/Asset_Management/Sprites/Sprite_Manipulation/sprite_add_from_surface.htm
Asset_Management.Sprites.Sprite_Manipulation.sprite_assign	sprite_assign	function	sprite_assign(index, sprite);	https://manual.gamemaker.io/monthly/en/GameMaker_Language/GML_Reference/Asset_Management/Sprites/Sprite_Manipulation/sprite_assign.htm
Asset_Management.Sprites.Sprite_Manipulation.sprite_collision_mask	sprite_collision_mask	function	sprite_collision_mask(ind, sepmasks, bboxmode, bbleft, bbtop, bbright, bbbottom, kind, tolerance);	https://manual.gamemaker.io/monthly/en/GameMaker_Language/GML_Reference/Asset_Management/Sprites/Sprite_Manipulation/sprite_collision_mask.htm
Asset_Management.Sprites.Sprite_Manipulation.sprite_create_from_surface	sprite_create_from_surface	function	sprite_create_from_surface(index, x, y, w, h, removeback, smooth, xorig, yorig);	https://manual.gamemaker.io/monthly/en/GameMaker_Language/GML_Reference/Asset_Management/Sprites/Sprite_Manipulation/sprite_create_from_surface.htm
Asset_Management.Sprites.Sprite_Manipulation.sprite_delete	sprite_delete	function	sprite_delete(index);	https://manual.gamemaker.io/monthly/en/GameMaker_Language/GML_Reference/Asset_Management/Sprites/Sprite_Manipulation/sprite_delete.htm
Asset_Management.Sprites.Sprite_Manipulation.sprite_duplicate	sprite_duplicate	function	sprite_duplicate(index);	https://manual.gamemaker.io/monthly/en/GameMaker_Language/GML_Reference/Asset_Management/Sprites/Sprite_Manipulation/sprite_duplicate.htm
Asset_Management.Sprites.Sprite_Manipulation.sprite_exists	sprite_exists	function	sprite_exists(index);	https://manual.gamemaker.io/monthly/en/GameMaker_Language/GML_Reference/Asset_Management/Sprites/Sprite_Manipulation/sprite_exists.htm
Asset_Management.Sprites.Sprite_Manipulation.sprite_flush	sprite_flush	function	sprite_flush(ind)	https://manual.gamemaker.io/monthly/en/GameMaker_Language/GML_Reference/Asset_Management/Sprites/Sprite_Manipulation/sprite_flush.htm
Asset_Management.Sprites.Sprite_Manipulation.sprite_flush_multi	sprite_flush_multi	function	sprite_flush_multi(array);	https://manual.gamemaker.io/monthly/en/GameMaker_Language/GML_Reference/Asset_Management/Sprites/Sprite_Manipulation/sprite_flush_multi.htm
Asset_Management.Sprites.Sprite_Manipulation.sprite_merge	sprite_merge	function	sprite_merge(ind1, ind2);	https://manual.gamemaker.io/monthly/en/GameMaker_Language/GML_Reference/Asset_Management/Sprites/Sprite_Manipulation/sprite_merge.htm
Asset_Management.Sprites.Sprite_Manipulation.sprite_nineslice_create	sprite_nineslice_create	function	sprite_nineslice_create();	https://manual.gamemaker.io/monthly/en/GameMaker_Language/GML_Reference/Asset_Management/Sprites/Sprite_Manipulation/sprite_nineslice_create.htm
Asset_Management.Sprites.Sprite_Manipulation.sprite_prefetch	sprite_prefetch	function	sprite_prefetch(ind)	https://manual.gamemaker.io/monthly/en/GameMaker_Language/GML_Reference/Asset_Management/Sprites/Sprite_Manipulation/sprite_prefetch.htm
Asset_Management.Sprites.Sprite_Manipulation.sprite_prefetch_multi	sprite_prefetch_multi	variable	sprite_prefetch_multi	https://manual.gamemaker.io/monthly/en/GameMaker_Language/GML_Reference/Asset_Management/Sprites/Sprite_Manipulation/sprite_prefetch_multi.htm
Asset_Management.Sprites.Sprite_Manipulation.sprite_replace	sprite_replace	function	sprite_replace(ind, fname, imgnumb, removeback, smooth, xorig, yorig);	https://manual.gamemaker.io/monthly/en/GameMaker_Language/GML_Reference/Asset_Management/Sprites/Sprite_Manipulation/sprite_replace.htm
Asset_Management.Sprites.Sprite_Manipulation.sprite_save	sprite_save	function	sprite_save(ind, subimg, fname);	https://manual.gamemaker.io/monthly/en/GameMaker_Language/GML_Reference/Asset_Management/Sprites/Sprite_Manipulation/sprite_save.htm
Asset_Management.Sprites.Sprite_Manipulation.sprite_save_strip	sprite_save_strip	function	sprite_save_strip(ind, filename);	https://manual.gamemaker.io/monthly/en/GameMaker_Language/GML_Reference/Asset_Management/Sprites/Sprite_Manipulation/sprite_save_strip.htm
Asset_Management.Sprites.Sprite_Manipulation.sprite_set_alpha_from_sprite	sprite_set_alpha_from_sprite	function	sprite_set_alpha_from_sprite(ind, spr);	https://manual.gamemaker.io/monthly/en/GameMaker_Language/GML_Reference/Asset_Management/Sprites/Sprite_Manipulation/sprite_set_alpha_from_sprite.htm
Asset_Management.Sprites.Sprite_Manipulation.sprite_set_bbox	sprite_set_bbox	function	sprite_set_bbox(ind, left, top, right, bottom);	https://manual.gamemaker.io/monthly/en/GameMaker_Language/GML_Reference/Asset_Management/Sprites/Sprite_Manipulation/sprite_set_bbox.htm
Asset_Management.Sprites.Sprite_Manipulation.sprite_set_bbox_mode	sprite_set_bbox_mode	function	sprite_set_bbox_mode(ind, mode);	https://manual.gamemaker.io/monthly/en/GameMaker_Language/GML_Reference/Asset_Management/Sprites/Sprite_Manipulation/sprite_set_bbox_mode.htm
Asset_Management.Sprites.Sprite_Manipulation.sprite_set_cache_size	sprite_set_cache_size	function	sprite_set_cache_size(ind, max);	https://manual.gamemaker.io/monthly/en/GameMaker_Language/GML_Reference/Asset_Management/Sprites/Sprite_Manipulation/sprite_set_cache_size.htm
Asset_Management.Sprites.Sprite_Manipulation.sprite_set_cache_size_ext	sprite_set_cache_size_ext	function	sprite_set_cache_size_ext(ind, index, max);	https://manual.gamemaker.io/monthly/en/GameMaker_Language/GML_Reference/Asset_Management/Sprites/Sprite_Manipulation/sprite_set_cache_size_ext.htm
Asset_Management.Sprites.Sprite_Manipulation.sprite_set_nineslice	sprite_set_nineslice	function	sprite_set_nineslice(ind, nineslice);	https://manual.gamemaker.io/monthly/en/GameMaker_Language/GML_Reference/Asset_Management/Sprites/Sprite_Manipulation/sprite_set_nineslice.htm
Asset_Management.Sprites.Sprite_Manipulation.sprite_set_offset	sprite_set_offset	function	sprite_set_offset(ind, xoff, yoff);	https://manual.gamemaker.io/monthly/en/GameMaker_Language/GML_Reference/Asset_Management/Sprites/Sprite_Manipulation/sprite_set_offset.htm
Asset_Management.Sprites.Sprite_Manipulation.sprite_set_speed	sprite_set_speed	function	sprite_set_speed(index, speed, type)	https://manual.gamemaker.io/monthly/en/GameMaker_Language/GML_Reference/Asset_Management/Sprites/Sprite_Manipulation/sprite_set_speed.htm
Asset_Management.Sprites.nineslice_blank	nineslice_blank	constant	nineslice_blank	https://manual.gamemaker.io/monthly/en/GameMaker_Language/GML_Reference/Asset_Management/Sprites/Nine_Slice_Struct.htm
Asset_Management.Sprites.nineslice_bottom	nineslice_bottom	constant	nineslice_bottom	https://manual.gamemaker.io/monthly/en/GameMaker_Language/GML_Reference/Asset_Management/Sprites/Nine_Slice_Struct.htm
Asset_Management.Sprites.nineslice_center	nineslice_center	unknown	undefined	https://manual.gamemaker.io/monthly/en/GameMaker_Language/GML_Reference/Asset_Management/Sprites/Nine_Slice_Struct.htm
Asset_Management.Sprites.nineslice_centre	nineslice_centre	constant	nineslice_centre	https://manual.gamemaker.io/monthly/en/GameMaker_Language/GML_Reference/Asset_Management/Sprites/Nine_Slice_Struct.htm
Asset_Management.Sprites.nineslice_hide	nineslice_hide	constant	nineslice_hide	https://manual.gamemaker.io/monthly/en/GameMaker_Language/GML_Reference/Asset_Management/Sprites/Nine_Slice_Struct.htm
Asset_Management.Sprites.nineslice_left	nineslice_left	constant	nineslice_left	https://manual.gamemaker.io/monthly/en/GameMaker_Language/GML_Reference/Asset_Management/Sprites/Nine_Slice_Struct.htm
Asset_Management.Sprites.nineslice_mirror	nineslice_mirror	constant	nineslice_mirror	https://manual.gamemaker.io/monthly/en/GameMaker_Language/GML_Reference/Asset_Management/Sprites/Nine_Slice_Struct.htm
Asset_Management.Sprites.nineslice_repeat	nineslice_repeat	constant	nineslice_repeat	https://manual.gamemaker.io/monthly/en/GameMaker_Language/GML_Reference/Asset_Management/Sprites/Nine_Slice_Struct.htm
Asset_Management.Sprites.nineslice_right	nineslice_right	constant	nineslice_right	https://manual.gamemaker.io/monthly/en/GameMaker_Language/GML_Reference/Asset_Management/Sprites/Nine_Slice_Struct.htm
Asset_Management.Sprites.nineslice_stretch	nineslice_stretch	constant	nineslice_stretch	https://manual.gamemaker.io/monthly/en/GameMaker_Language/GML_Reference/Asset_Management/Sprites/Nine_Slice_Struct.htm
Asset_Management.Sprites.nineslice_top	nineslice_top	constant	nineslice_top	https://manual.gamemaker.io/monthly/en/GameMaker_Language/GML_Reference/Asset_Management/Sprites/Nine_Slice_Struct.htm
Asset_Management.Tilsets.tileset_get_info	tileset_get_info	function	tileset_get_info(index);	https://manual.gamemaker.io/monthly/en/GameMaker_Language/GML_Reference/Asset_Management/Tilsets/tileset_get_info.htm
Asset_Management.Tilsets.tileset_get_name	tileset_get_name	function	tileset_get_name(index);	https://manual.gamemaker.io/monthly/en/GameMaker_Language/GML_Reference/Asset_Management/Tilsets/tileset_get_name.htm
Asset_Management.Tilsets.tileset_get_texture	tileset_get_texture	function	tileset_get_texture(tileset);	https://manual.gamemaker.io/monthly/en/GameMaker_Language/GML_Reference/Asset_Management/Tilsets/tileset_get_texture.htm
Asset_Management.Tilsets.tileset_get_uvs	tileset_get_uvs	function	tileset_get_uvs(tileset);	https://manual.gamemaker.io/monthly/en/GameMaker_Language/GML_Reference/Asset_Management/Tilsets/tileset_get_uvs.htm
Asset_Management.Timelines.timeline_add	timeline_add	function	timeline_add();	https://manual.gamemaker.io/monthly/en/GameMaker_Language/GML_Reference/Asset_Management/Timelines/timeline_add.htm
Asset_Management.Timelines.timeline_clear	timeline_clear	function	timeline_clear(ind);	https://manual.gamemaker.io/monthly/en/GameMaker_Language/GML_Reference/Asset_Management/Timelines/timeline_clear.htm
Asset_Management.Timelines.timeline_delete	timeline_delete	function	timeline_delete(ind);	https://manual.gamemaker.io/monthly/en/GameMaker_Language/GML_Reference/Asset_Management/Timelines/timeline_delete.htm
Asset_Management.Timelines.timeline_exists	timeline_exists	function	timeline_exists(ind);	https://manual.gamemaker.io/monthly/en/GameMaker_Language/GML_Reference/Asset_Management/Timelines/timeline_exists.htm
Asset_Management.Timelines.timeline_get_name	timeline_get_name	function	timeline_get_name(ind);	https://manual.gamemaker.io/monthly/en/GameMaker_Language/GML_Reference/Asset_Management/Timelines/timeline_get_name.htm
Asset_Management.Timelines.timeline_index	timeline_index	variable	timeline_index;	https://manual.gamemaker.io/monthly/en/GameMaker_Language/GML_Reference/Asset_Management/Timelines/timeline_index.htm
Asset_Management.Timelines.timeline_loop	timeline_loop	variable	timeline_loop;	https://manual.gamemaker.io/monthly/en/GameMaker_Language/GML_Reference/Asset_Management/Timelines/timeline_loop.htm
Asset_Management.Timelines.timeline_max_moment	timeline_max_moment	function	timeline_max_moment(ind);	https://manual.gamemaker.io/monthly/en/GameMaker_Language/GML_Reference/Asset_Management/Timelines/timeline_max_moment.htm
Asset_Management.Timelines.timeline_moment_add_script	timeline_moment_add_script	function	timeline_moment_add_script(ind, step, script);	https://manual.gamemaker.io/monthly/en/GameMaker_Language/GML_Reference/Asset_Management/Timelines/timeline_moment_add_script.htm
Asset_Management.Timelines.timeline_moment_clear	timeline_moment_clear	function	timeline_moment_clear(ind, step);	https://manual.gamemaker.io/monthly/en/GameMaker_Language/GML_Reference/Asset_Management/Timelines/timeline_moment_clear.htm
Asset_Management.Timelines.timeline_position	timeline_position	variable	timeline_position;	https://manual.gamemaker.io/monthly/en/GameMaker_Language/GML_Reference/Asset_Management/Timelines/timeline_position.htm
Asset_Management.Timelines.timeline_running	timeline_running	variable	timeline_running;	https://manual.gamemaker.io/monthly/en/GameMaker_Language/GML_Reference/Asset_Management/Timelines/timeline_running.htm
Asset_Management.Timelines.timeline_size	timeline_size	function	timeline_size(ind);	https://manual.gamemaker.io/monthly/en/GameMaker_Language/GML_Reference/Asset_Management/Timelines/timeline_size.htm
Asset_Management.Timelines.timeline_speed	timeline_speed	variable	timeline_speed;	https://manual.gamemaker.io/monthly/en/GameMaker_Language/GML_Reference/Asset_Management/Timelines/timeline_speed.htm
Asynchronous_Functions.Cloud_Saving.cloud_file_save	cloud_file_save	function	cloud_file_save(file, description);	https://manual.gamemaker.io/monthly/en/GameMaker_Language/GML_Reference/Asynchronous_Functions/Cloud_Saving/cloud_file_save.htm
Asynchronous_Functions.Cloud_Saving.cloud_string_save	cloud_string_save	function	cloud_string_save(string, description);	https://manual.gamemaker.io/monthly/en/GameMaker_Language/GML_Reference/Asynchronous_Functions/Cloud_Saving/cloud_string_save.htm
Asynchronous_Functions.Cloud_Saving.cloud_synchronise	cloud_synchronise	function	cloud_synchronise();	https://manual.gamemaker.io/monthly/en/GameMaker_Language/GML_Reference/Asynchronous_Functions/Cloud_Saving/cloud_synchronise.htm
Asynchronous_Functions.Dialog.get_integer_async	get_integer_async	function	get_integer_async(string, default);	https://manual.gamemaker.io/monthly/en/GameMaker_Language/GML_Reference/Asynchronous_Functions/Dialog/get_integer_async.htm
Asynchronous_Functions.Dialog.get_login_async	get_login_async	function	get_login_async(name, password);	https://manual.gamemaker.io/monthly/en/GameMaker_Language/GML_Reference/Asynchronous_Functions/Dialog/get_login_async.htm
Asynchronous_Functions.Dialog.get_string_async	get_string_async	function	get_string_async(string, default);	https://manual.gamemaker.io/monthly/en/GameMaker_Language/GML_Reference/Asynchronous_Functions/Dialog/get_string_async.htm
Asynchronous_Functions.Dialog.shop_leave_rating	shop_leave_rating	function	shop_leave_rating(text, yes_string, no_string, url)	https://manual.gamemaker.io/monthly/en/GameMaker_Language/GML_Reference/Asynchronous_Functions/Dialog/shop_leave_rating.htm
Asynchronous_Functions.Dialog.show_message_async	show_message_async	function	show_message_async(string);	https://manual.gamemaker.io/monthly/en/GameMaker_Language/GML_Reference/Asynchronous_Functions/Dialog/show_message_async.htm
Asynchronous_Functions.Dialog.show_question_async	show_question_async	function	show_question_async(string);	https://manual.gamemaker.io/monthly/en/GameMaker_Language/GML_Reference/Asynchronous_Functions/Dialog/show_question_async.htm
Asynchronous_Functions.HTTP.http_get	http_get	function	http_get("http://www.example.com/logon?username={name}");	https://manual.gamemaker.io/monthly/en/GameMaker_Language/GML_Reference/Asynchronous_Functions/HTTP/http_get.htm
Asynchronous_Functions.HTTP.http_get_connect_timeout	http_get_connect_timeout	function	http_get_connect_timeout()	https://manual.gamemaker.io/monthly/en/GameMaker_Language/GML_Reference/Asynchronous_Functions/HTTP/http_get_connect_timeout.htm
Asynchronous_Functions.HTTP.http_get_file	http_get_file	function	http_get_file(url, local_target);	https://manual.gamemaker.io/monthly/en/GameMaker_Language/GML_Reference/Asynchronous_Functions/HTTP/http_get_file.htm
Asynchronous_Functions.HTTP.http_get_request_crossorigin	http_get_request_crossorigin	function	http_get_request_crossorigin();	https://manual.gamemaker.io/monthly/en/GameMaker_Language/GML_Reference/Asynchronous_Functions/HTTP/http_get_request_crossorigin.htm
Asynchronous_Functions.HTTP.http_post_string	http_post_string	function	http_post_string(url, string);	https://manual.gamemaker.io/monthly/en/GameMaker_Language/GML_Reference/Asynchronous_Functions/HTTP/http_post_string.htm
Asynchronous_Functions.HTTP.http_request	http_request	function	http_request(url, method, header_map, body);	https://manual.gamemaker.io/monthly/en/GameMaker_Language/GML_Reference/Asynchronous_Functions/HTTP/http_request.htm
Asynchronous_Functions.HTTP.http_set_connect_timeout	http_set_connect_timeout	function	http_set_connect_timeout(connect_timeout_ms);	https://manual.gamemaker.io/monthly/en/GameMaker_Language/GML_Reference/Asynchronous_Functions/HTTP/http_set_connect_timeout.htm
Asynchronous_Functions.HTTP.http_set_request_crossorigin	http_set_request_crossorigin	function	http_set_request_crossorigin(origin_type);	https://manual.gamemaker.io/monthly/en/GameMaker_Language/GML_Reference/Asynchronous_Functions/HTTP/http_set_request_crossorigin.htm
Buffers.Buffers	Buffers	unknown	undefined	https://manual.gamemaker.io/monthly/en/GameMaker_Language/GML_Reference/Buffers/Buffers.htm
Buffers.buffer	buffer	unknown	undefined	https://manual.gamemaker.io/monthly/en/GameMaker_Language/GML_Reference/Buffers/Transferring_Data_Between_Buffers.htm
Buffers.buffer_async_group_begin	buffer_async_group_begin	function	buffer_async_group_begin(groupname);	https://manual.gamemaker.io/monthly/en/GameMaker_Language/GML_Reference/Buffers/buffer_async_group_begin.htm
Buffers.buffer_async_group_end	buffer_async_group_end	function	buffer_async_group_end();	https://manual.gamemaker.io/monthly/en/GameMaker_Language/GML_Reference/Buffers/buffer_async_group_end.htm
Buffers.buffer_async_group_option	buffer_async_group_option	function	buffer_async_group_option(option, value);	https://manual.gamemaker.io/monthly/en/GameMaker_Language/GML_Reference/Buffers/buffer_async_group_option.htm
Buffers.buffer_base64_decode	buffer_base64_decode	function	buffer_base64_decode(string);	https://manual.gamemaker.io/monthly/en/GameMaker_Language/GML_Reference/Buffers/buffer_base64_decode.htm
Buffers.buffer_base64_decode_ext	buffer_base64_decode_ext	function	buffer_base64_decode_ext(buffer, string, offset);	https://manual.gamemaker.io/monthly/en/GameMaker_Language/GML_Reference/Buffers/buffer_base64_decode_ext.htm
Buffers.buffer_base64_encode	buffer_base64_encode	function	buffer_base64_encode(buffer, offset, size);	https://manual.gamemaker.io/monthly/en/GameMaker_Language/GML_Reference/Buffers/buffer_base64_encode.htm
Buffers.buffer_compress	buffer_compress	function	buffer_compress(buffer, offset, size);	https://manual.gamemaker.io/monthly/en/GameMaker_Language/GML_Reference/Buffers/buffer_compress.htm
Buffers.buffer_copy	buffer_copy	function	buffer_copy(src_buffer, src_offset, size, dest_buffer, dest_offset);	https://manual.gamemaker.io/monthly/en/GameMaker_Language/GML_Reference/Buffers/buffer_copy.htm
Buffers.buffer_copy_from_vertex_buffer	buffer_copy_from_vertex_buffer	function	buffer_copy_from_vertex_buffer(vertex_buffer, start_vertex, num_vertices, dest_buffer, dest_offset);	https://manual.gamemaker.io/monthly/en/GameMaker_Language/GML_Reference/Buffers/buffer_copy_from_vertex_buffer.htm
Buffers.buffer_copy_stride	buffer_copy_stride	function	buffer_copy_stride(src_buffer, src_offset, src_size, src_stride, src_count, dest_buffer, dest_offset, dest_stride);	https://manual.gamemaker.io/monthly/en/GameMaker_Language/GML_Reference/Buffers/buffer_copy_stride.htm
Buffers.buffer_crc32	buffer_crc32	function	buffer_crc32(buffer, offset, size);	https://manual.gamemaker.io/monthly/en/GameMaker_Language/GML_Reference/Buffers/buffer_crc32.htm
Buffers.buffer_create	buffer_create	function	buffer_create(size, type, alignment)	https://manual.gamemaker.io/monthly/en/GameMaker_Language/GML_Reference/Buffers/buffer_create.htm
Buffers.buffer_create_from_vertex_buffer	buffer_create_from_vertex_buffer	function	buffer_create_from_vertex_buffer(vertex_buffer, type, alignment)	https://manual.gamemaker.io/monthly/en/GameMaker_Language/GML_Reference/Buffers/buffer_create_from_vertex_buffer.htm
Buffers.buffer_create_from_vertex_buffer_ext	buffer_create_from_vertex_buffer_ext	function	buffer_create_from_vertex_buffer_ext(vertex_buffer, type, alignment, start_vertex, num_vertices)	https://manual.gamemaker.io/monthly/en/GameMaker_Language/GML_Reference/Buffers/buffer_create_from_vertex_buffer_ext.htm
Buffers.buffer_decompress	buffer_decompress	function	buffer_decompress(buffer);	https://manual.gamemaker.io/monthly/en/GameMaker_Language/GML_Reference/Buffers/buffer_decompress.htm
Buffers.buffer_delete	buffer_delete	function	buffer_delete(buffer)	https://manual.gamemaker.io/monthly/en/GameMaker_Language/GML_Reference/Buffers/buffer_delete.htm
Buffers.buffer_exists	buffer_exists	function	buffer_exists(buffer)	https://manual.gamemaker.io/monthly/en/GameMaker_Language/GML_Reference/Buffers/buffer_exists.htm
Buffers.buffer_fast	buffer_fast	constant	buffer_fast	https://manual.gamemaker.io/monthly/en/GameMaker_Language/GML_Reference/Buffers/buffer_create.htm
Buffers.buffer_fill	buffer_fill	function	buffer_fill(buffer, offset, type, value, size);	https://manual.gamemaker.io/monthly/en/GameMaker_Language/GML_Reference/Buffers/buffer_fill.htm
Buffers.buffer_fill	buffer_fill	function	buffer_fill(buffer, offset, type, value, size);	https://manual.gamemaker.io/monthly/en/GameMaker_Language/GML_Reference/Buffers/buffer_fill.htm
Buffers.buffer_fill	buffer_fill	function	buffer_fill(buffer, offset, type, value, size);	https://manual.gamemaker.io/monthly/en/GameMaker_Language/GML_Reference/Buffers/buffer_fill.htm
Buffers.buffer_fill	buffer_fill	function	buffer_fill(buffer, offset, type, value, size);	https://manual.gamemaker.io/monthly/en/GameMaker_Language/GML_Reference/Buffers/buffer_fill.htm
Buffers.buffer_fill	buffer_fill	function	buffer_fill(buffer, offset, type, value, size);	https://manual.gamemaker.io/monthly/en/GameMaker_Language/GML_Reference/Buffers/buffer_fill.htm
Buffers.buffer_fill	buffer_fill	function	buffer_fill(buffer, offset, type, value, size);	https://manual.gamemaker.io/monthly/en/GameMaker_Language/GML_Reference/Buffers/buffer_fill.htm
Buffers.buffer_fill	buffer_fill	function	buffer_fill(buffer, offset, type, value, size);	https://manual.gamemaker.io/monthly/en/GameMaker_Language/GML_Reference/Buffers/buffer_fill.htm
Buffers.buffer_fill	buffer_fill	function	buffer_fill(buffer, offset, type, value, size);	https://manual.gamemaker.io/monthly/en/GameMaker_Language/GML_Reference/Buffers/buffer_fill.htm
Buffers.buffer_fill	buffer_fill	function	buffer_fill(buffer, offset, type, value, size);	https://manual.gamemaker.io/monthly/en/GameMaker_Language/GML_Reference/Buffers/buffer_fill.htm
Buffers.buffer_fill	buffer_fill	function	buffer_fill(buffer, offset, type, value, size);	https://manual.gamemaker.io/monthly/en/GameMaker_Language/GML_Reference/Buffers/buffer_fill.htm
Buffers.buffer_fill	buffer_fill	function	buffer_fill(buffer, offset, type, value, size);	https://manual.gamemaker.io/monthly/en/GameMaker_Language/GML_Reference/Buffers/buffer_fill.htm
Buffers.buffer_fill	buffer_fill	function	buffer_fill(buffer, offset, type, value, size);	https://manual.gamemaker.io/monthly/en/GameMaker_Language/GML_Reference/Buffers/buffer_fill.htm
Buffers.buffer_fill	buffer_fill	function	buffer_fill(buffer, offset, type, value, size);	https://manual.gamemaker.io/monthly/en/GameMaker_Language/GML_Reference/Buffers/buffer_fill.htm
Buffers.buffer_fill	buffer_fill	function	buffer_fill(buffer, offset, type, value, size);	https://manual.gamemaker.io/monthly/en/GameMaker_Language/GML_Reference/Buffers/buffer_fill.htm
Buffers.buffer_fixed	buffer_fixed	constant	buffer_fixed	https://manual.gamemaker.io/monthly/en/GameMaker_Language/GML_Reference/Buffers/buffer_create.htm
Buffers.buffer_get_address	buffer_get_address	function	buffer_get_address(buffer);	https://manual.gamemaker.io/monthly/en/GameMaker_Language/GML_Reference/Buffers/buffer_get_address.htm
Buffers.buffer_get_alignment	buffer_get_alignment	function	buffer_get_alignment(buffer);	https://manual.gamemaker.io/monthly/en/GameMaker_Language/GML_Reference/Buffers/buffer_get_alignment.htm
Buffers.buffer_get_size	buffer_get_size	function	buffer_get_size(buffer);	https://manual.gamemaker.io/monthly/en/GameMaker_Language/GML_Reference/Buffers/buffer_get_size.htm
Buffers.buffer_get_surface	buffer_get_surface	function	buffer_get_surface(buffer, surface, offset);	https://manual.gamemaker.io/monthly/en/GameMaker_Language/GML_Reference/Buffers/buffer_get_surface.htm
Buffers.buffer_get_surface	buffer_get_surface	function	buffer_get_surface(buffer, surface, offset);	https://manual.gamemaker.io/monthly/en/GameMaker_Language/GML_Reference/Buffers/buffer_get_surface.htm
Buffers.buffer_get_surface_depth	buffer_get_surface_depth	function	buffer_get_surface_depth(buffer, surface, offset)	https://manual.gamemaker.io/monthly/en/GameMaker_Language/GML_Reference/Buffers/buffer_get_surface_depth.htm
Buffers.buffer_get_type	buffer_get_type	function	buffer_get_type(buffer);	https://manual.gamemaker.io/monthly/en/GameMaker_Language/GML_Reference/Buffers/buffer_get_type.htm
Buffers.buffer_grow	buffer_grow	constant	buffer_grow	https://manual.gamemaker.io/monthly/en/GameMaker_Language/GML_Reference/Buffers/buffer_create.htm
Buffers.buffer_load	buffer_load	function	buffer_load(filename);	https://manual.gamemaker.io/monthly/en/GameMaker_Language/GML_Reference/Buffers/buffer_load.htm
Buffers.buffer_load_async	buffer_load_async	function	buffer_load_async(buffer, filename, offset, size);	https://manual.gamemaker.io/monthly/en/GameMaker_Language/GML_Reference/Buffers/buffer_load_async.htm
Buffers.buffer_load_ext	buffer_load_ext	function	buffer_load_ext(buffer, filename, offset);	https://manual.gamemaker.io/monthly/en/GameMaker_Language/GML_Reference/Buffers/buffer_load_ext.htm
Buffers.buffer_load_partial	buffer_load_partial	function	buffer_load_partial(buffer, filename, offset, src_len, dest_offset);	https://manual.gamemaker.io/monthly/en/GameMaker_Language/GML_Reference/Buffers/buffer_load_partial.htm
Buffers.buffer_md5	buffer_md5	function	buffer_md5(buffer, offset, size);	https://manual.gamemaker.io/monthly/en/GameMaker_Language/GML_Reference/Buffers/buffer_md5.htm
Buffers.buffer_peek	buffer_peek	function	buffer_peek(buffer, offset, type);	https://manual.gamemaker.io/monthly/en/GameMaker_Language/GML_Reference/Buffers/buffer_peek.htm
Buffers.buffer_peek	buffer_peek	function	buffer_peek(buffer, offset, type);	https://manual.gamemaker.io/monthly/en/GameMaker_Language/GML_Reference/Buffers/buffer_peek.htm
Buffers.buffer_peek	buffer_peek	function	buffer_peek(buffer, offset, type);	https://manual.gamemaker.io/monthly/en/GameMaker_Language/GML_Reference/Buffers/buffer_peek.htm
Buffers.buffer_peek	buffer_peek	function	buffer_peek(buffer, offset, type);	https://manual.gamemaker.io/monthly/en/GameMaker_Language/GML_Reference/Buffers/buffer_peek.htm
Buffers.buffer_peek	buffer_peek	function	buffer_peek(buffer, offset, type);	https://manual.gamemaker.io/monthly/en/GameMaker_Language/GML_Reference/Buffers/buffer_peek.htm
Buffers.buffer_peek	buffer_peek	function	buffer_peek(buffer, offset, type);	https://manual.gamemaker.io/monthly/en/GameMaker_Language/GML_Reference/Buffers/buffer_peek.htm
Buffers.buffer_peek	buffer_peek	function	buffer_peek(buffer, offset, type);	https://manual.gamemaker.io/monthly/en/GameMaker_Language/GML_Reference/Buffers/buffer_peek.htm
Buffers.buffer_peek	buffer_peek	function	buffer_peek(buffer, offset, type);	https://manual.gamemaker.io/monthly/en/GameMaker_Language/GML_Reference/Buffers/buffer_peek.htm
Buffers.buffer_peek	buffer_peek	function	buffer_peek(buffer, offset, type);	https://manual.gamemaker.io/monthly/en/GameMaker_Language/GML_Reference/Buffers/buffer_peek.htm
Buffers.buffer_peek	buffer_peek	function	buffer_peek(buffer, offset, type);	https://manual.gamemaker.io/monthly/en/GameMaker_Language/GML_Reference/Buffers/buffer_peek.htm
Buffers.buffer_peek	buffer_peek	function	buffer_peek(buffer, offset, type);	https://manual.gamemaker.io/monthly/en/GameMaker_Language/GML_Reference/Buffers/buffer_peek.htm
Buffers.buffer_peek	buffer_peek	function	buffer_peek(buffer, offset, type);	https://manual.gamemaker.io/monthly/en/GameMaker_Language/GML_Reference/Buffers/buffer_peek.htm
Buffers.buffer_peek	buffer_peek	function	buffer_peek(buffer, offset, type);	https://manual.gamemaker.io/monthly/en/GameMaker_Language/GML_Reference/Buffers/buffer_peek.htm
Buffers.buffer_peek	buffer_peek	function	buffer_peek(buffer, offset, type);	https://manual.gamemaker.io/monthly/en/GameMaker_Language/GML_Reference/Buffers/buffer_peek.htm
Buffers.buffer_poke	buffer_poke	function	buffer_poke(buffer, offset, type, value);	https://manual.gamemaker.io/monthly/en/GameMaker_Language/GML_Reference/Buffers/buffer_poke.htm
Buffers.buffer_poke	buffer_poke	function	buffer_poke(buffer, offset, type, value);	https://manual.gamemaker.io/monthly/en/GameMaker_Language/GML_Reference/Buffers/buffer_poke.htm
Buffers.buffer_poke	buffer_poke	function	buffer_poke(buffer, offset, type, value);	https://manual.gamemaker.io/monthly/en/GameMaker_Language/GML_Reference/Buffers/buffer_poke.htm
Buffers.buffer_poke	buffer_poke	function	buffer_poke(buffer, offset, type, value);	https://manual.gamemaker.io/monthly/en/GameMaker_Language/GML_Reference/Buffers/buffer_poke.htm
Buffers.buffer_poke	buffer_poke	function	buffer_poke(buffer, offset, type, value);	https://manual.gamemaker.io/monthly/en/GameMaker_Language/GML_Reference/Buffers/buffer_poke.htm
Buffers.buffer_poke	buffer_poke	function	buffer_poke(buffer, offset, type, value);	https://manual.gamemaker.io/monthly/en/GameMaker_Language/GML_Reference/Buffers/buffer_poke.htm
Buffers.buffer_poke	buffer_poke	function	buffer_poke(buffer, offset, type, value);	https://manual.gamemaker.io/monthly/en/GameMaker_Language/GML_Reference/Buffers/buffer_poke.htm
Buffers.buffer_poke	buffer_poke	function	buffer_poke(buffer, offset, type, value);	https://manual.gamemaker.io/monthly/en/GameMaker_Language/GML_Reference/Buffers/buffer_poke.htm
Buffers.buffer_poke	buffer_poke	function	buffer_poke(buffer, offset, type, value);	https://manual.gamemaker.io/monthly/en/GameMaker_Language/GML_Reference/Buffers/buffer_poke.htm
Buffers.buffer_poke	buffer_poke	function	buffer_poke(buffer, offset, type, value);	https://manual.gamemaker.io/monthly/en/GameMaker_Language/GML_Reference/Buffers/buffer_poke.htm
Buffers.buffer_poke	buffer_poke	function	buffer_poke(buffer, offset, type, value);	https://manual.gamemaker.io/monthly/en/GameMaker_Language/GML_Reference/Buffers/buffer_poke.htm
Buffers.buffer_poke	buffer_poke	function	buffer_poke(buffer, offset, type, value);	https://manual.gamemaker.io/monthly/en/GameMaker_Language/GML_Reference/Buffers/buffer_poke.htm
Buffers.buffer_poke	buffer_poke	function	buffer_poke(buffer, offset, type, value);	https://manual.gamemaker.io/monthly/en/GameMaker_Language/GML_Reference/Buffers/buffer_poke.htm
Buffers.buffer_poke	buffer_poke	function	buffer_poke(buffer, offset, type, value);	https://manual.gamemaker.io/monthly/en/GameMaker_Language/GML_Reference/Buffers/buffer_poke.htm
Buffers.buffer_read	buffer_read	function	buffer_read(buffer, type)	https://manual.gamemaker.io/monthly/en/GameMaker_Language/GML_Reference/Buffers/buffer_read.htm
Buffers.buffer_read	buffer_read	function	buffer_read(buffer, type)	https://manual.gamemaker.io/monthly/en/GameMaker_Language/GML_Reference/Buffers/buffer_read.htm
Buffers.buffer_read	buffer_read	function	buffer_read(buffer, type)	https://manual.gamemaker.io/monthly/en/GameMaker_Language/GML_Reference/Buffers/buffer_read.htm
Buffers.buffer_read	buffer_read	function	buffer_read(buffer, type)	https://manual.gamemaker.io/monthly/en/GameMaker_Language/GML_Reference/Buffers/buffer_read.htm
Buffers.buffer_read	buffer_read	function	buffer_read(buffer, type)	https://manual.gamemaker.io/monthly/en/GameMaker_Language/GML_Reference/Buffers/buffer_read.htm
Buffers.buffer_read	buffer_read	function	buffer_read(buffer, type)	https://manual.gamemaker.io/monthly/en/GameMaker_Language/GML_Reference/Buffers/buffer_read.htm
Buffers.buffer_read	buffer_read	function	buffer_read(buffer, type)	https://manual.gamemaker.io/monthly/en/GameMaker_Language/GML_Reference/Buffers/buffer_read.htm
Buffers.buffer_read	buffer_read	function	buffer_read(buffer, type)	https://manual.gamemaker.io/monthly/en/GameMaker_Language/GML_Reference/Buffers/buffer_read.htm
Buffers.buffer_read	buffer_read	function	buffer_read(buffer, type)	https://manual.gamemaker.io/monthly/en/GameMaker_Language/GML_Reference/Buffers/buffer_read.htm
Buffers.buffer_read	buffer_read	function	buffer_read(buffer, type)	https://manual.gamemaker.io/monthly/en/GameMaker_Language/GML_Reference/Buffers/buffer_read.htm
Buffers.buffer_read	buffer_read	function	buffer_read(buffer, type)	https://manual.gamemaker.io/monthly/en/GameMaker_Language/GML_Reference/Buffers/buffer_read.htm
Buffers.buffer_read	buffer_read	function	buffer_read(buffer, type)	https://manual.gamemaker.io/monthly/en/GameMaker_Language/GML_Reference/Buffers/buffer_read.htm
Buffers.buffer_read	buffer_read	function	buffer_read(buffer, type)	https://manual.gamemaker.io/monthly/en/GameMaker_Language/GML_Reference/Buffers/buffer_read.htm
Buffers.buffer_read	buffer_read	function	buffer_read(buffer, type)	https://manual.gamemaker.io/monthly/en/GameMaker_Language/GML_Reference/Buffers/buffer_read.htm
Buffers.buffer_resize	buffer_resize	function	buffer_resize(buffer, newsize);	https://manual.gamemaker.io/monthly/en/GameMaker_Language/GML_Reference/Buffers/buffer_resize.htm
Buffers.buffer_save	buffer_save	function	buffer_save(buffer, filename);	https://manual.gamemaker.io/monthly/en/GameMaker_Language/GML_Reference/Buffers/buffer_save.htm
Buffers.buffer_save_async	buffer_save_async	function	buffer_save_async(buffer, filename, offset, size);	https://manual.gamemaker.io/monthly/en/GameMaker_Language/GML_Reference/Buffers/buffer_save_async.htm
Buffers.buffer_save_ext	buffer_save_ext	function	buffer_save_ext(buffer, filename, offset, size);	https://manual.gamemaker.io/monthly/en/GameMaker_Language/GML_Reference/Buffers/buffer_save_ext.htm
Buffers.buffer_seek	buffer_seek	function	buffer_seek(buffer, base, offset);	https://manual.gamemaker.io/monthly/en/GameMaker_Language/GML_Reference/Buffers/buffer_seek.htm
Buffers.buffer_seek_end	buffer_seek_end	constant	buffer_seek_end	https://manual.gamemaker.io/monthly/en/GameMaker_Language/GML_Reference/Buffers/buffer_seek.htm
Buffers.buffer_seek_relative	buffer_seek_relative	constant	buffer_seek_relative	https://manual.gamemaker.io/monthly/en/GameMaker_Language/GML_Reference/Buffers/buffer_seek.htm
Buffers.buffer_seek_start	buffer_seek_start	constant	buffer_seek_start	https://manual.gamemaker.io/monthly/en/GameMaker_Language/GML_Reference/Buffers/buffer_seek.htm
Buffers.buffer_set_surface	buffer_set_surface	function	buffer_set_surface(buffer, surface, offset);	https://manual.gamemaker.io/monthly/en/GameMaker_Language/GML_Reference/Buffers/buffer_set_surface.htm
Buffers.buffer_set_surface	buffer_set_surface	function	buffer_set_surface(buffer, surface, offset);	https://manual.gamemaker.io/monthly/en/GameMaker_Language/GML_Reference/Buffers/buffer_set_surface.htm
Buffers.buffer_set_surface_depth	buffer_set_surface_depth	function	buffer_set_surface_depth(buffer, surface, offset);	https://manual.gamemaker.io/monthly/en/GameMaker_Language/GML_Reference/Buffers/buffer_set_surface_depth.htm
Buffers.buffer_set_used_size	buffer_set_used_size	function	buffer_set_used_size(buffer, size);	https://manual.gamemaker.io/monthly/en/GameMaker_Language/GML_Reference/Buffers/buffer_set_used_size.htm
Buffers.buffer_sha1	buffer_sha1	function	buffer_sha1(buffer, offset, size);	https://manual.gamemaker.io/monthly/en/GameMaker_Language/GML_Reference/Buffers/buffer_sha1.htm
Buffers.buffer_sizeof	buffer_sizeof	function	buffer_sizeof(type);	https://manual.gamemaker.io/monthly/en/GameMaker_Language/GML_Reference/Buffers/buffer_sizeof.htm
Buffers.buffer_tell	buffer_tell	function	buffer_tell(buffer);	https://manual.gamemaker.io/monthly/en/GameMaker_Language/GML_Reference/Buffers/buffer_tell.htm
Buffers.buffer_vbuffer	buffer_vbuffer	unknown	undefined	https://manual.gamemaker.io/monthly/en/GameMaker_Language/GML_Reference/Buffers/buffer_create.htm
Buffers.buffer_wrap	buffer_wrap	constant	buffer_wrap	https://manual.gamemaker.io/monthly/en/GameMaker_Language/GML_Reference/Buffers/buffer_create.htm
Buffers.buffer_write	buffer_write	function	buffer_write(buffer, type, value);	https://manual.gamemaker.io/monthly/en/GameMaker_Language/GML_Reference/Buffers/buffer_write.htm
Buffers.buffer_write	buffer_write	function	buffer_write(buffer, type, value);	https://manual.gamemaker.io/monthly/en/GameMaker_Language/GML_Reference/Buffers/buffer_write.htm
Buffers.buffer_write	buffer_write	function	buffer_write(buffer, type, value);	https://manual.gamemaker.io/monthly/en/GameMaker_Language/GML_Reference/Buffers/buffer_write.htm
Buffers.buffer_write	buffer_write	function	buffer_write(buffer, type, value);	https://manual.gamemaker.io/monthly/en/GameMaker_Language/GML_Reference/Buffers/buffer_write.htm
Buffers.buffer_write	buffer_write	function	buffer_write(buffer, type, value);	https://manual.gamemaker.io/monthly/en/GameMaker_Language/GML_Reference/Buffers/buffer_write.htm
Buffers.buffer_write	buffer_write	function	buffer_write(buffer, type, value);	https://manual.gamemaker.io/monthly/en/GameMaker_Language/GML_Reference/Buffers/buffer_write.htm
Buffers.buffer_write	buffer_write	function	buffer_write(buffer, type, value);	https://manual.gamemaker.io/monthly/en/GameMaker_Language/GML_Reference/Buffers/buffer_write.htm
Buffers.buffer_write	buffer_write	function	buffer_write(buffer, type, value);	https://manual.gamemaker.io/monthly/en/GameMaker_Language/GML_Reference/Buffers/buffer_write.htm
Buffers.buffer_write	buffer_write	function	buffer_write(buffer, type, value);	https://manual.gamemaker.io/monthly/en/GameMaker_Language/GML_Reference/Buffers/buffer_write.htm
Buffers.buffer_write	buffer_write	function	buffer_write(buffer, type, value);	https://manual.gamemaker.io/monthly/en/GameMaker_Language/GML_Reference/Buffers/buffer_write.htm
Buffers.buffer_write	buffer_write	function	buffer_write(buffer, type, value);	https://manual.gamemaker.io/monthly/en/GameMaker_Language/GML_Reference/Buffers/buffer_write.htm
Buffers.buffer_write	buffer_write	function	buffer_write(buffer, type, value);	https://manual.gamemaker.io/monthly/en/GameMaker_Language/GML_Reference/Buffers/buffer_write.htm
Buffers.buffer_write	buffer_write	function	buffer_write(buffer, type, value);	https://manual.gamemaker.io/monthly/en/GameMaker_Language/GML_Reference/Buffers/buffer_write.htm
Buffers.buffer_write	buffer_write	function	buffer_write(buffer, type, value);	https://manual.gamemaker.io/monthly/en/GameMaker_Language/GML_Reference/Buffers/buffer_write.htm
Cameras_And_Display.Cameras_And_Viewports.camera_apply	camera_apply	function	camera_apply(camera_id)	https://manual.gamemaker.io/monthly/en/GameMaker_Language/GML_Reference/Cameras_And_Display/Cameras_And_Viewports/camera_apply.htm
Cameras_And_Display.Cameras_And_Viewports.camera_copy_transforms	camera_copy_transforms	function	camera_copy_transforms(dest_camera, src_camera);	https://manual.gamemaker.io/monthly/en/GameMaker_Language/GML_Reference/Cameras_And_Display/Cameras_And_Viewports/camera_copy_transforms.htm
Cameras_And_Display.Cameras_And_Viewports.camera_create	camera_create	function	camera_create();	https://manual.gamemaker.io/monthly/en/GameMaker_Language/GML_Reference/Cameras_And_Display/Cameras_And_Viewports/camera_create.htm
Cameras_And_Display.Cameras_And_Viewports.camera_create_view	camera_create_view	function	camera_create_view(room_x, room_y, width, height, [angle, object, x_speed, y_speed, x_border, y_border])	https://manual.gamemaker.io/monthly/en/GameMaker_Language/GML_Reference/Cameras_And_Display/Cameras_And_Viewports/camera_create_view.htm
Cameras_And_Display.Cameras_And_Viewports.camera_destroy	camera_destroy	function	camera_destroy(camera_id)	https://manual.gamemaker.io/monthly/en/GameMaker_Language/GML_Reference/Cameras_And_Display/Cameras_And_Viewports/camera_destroy.htm
Cameras_And_Display.Cameras_And_Viewports.camera_get_active	camera_get_active	function	camera_get_active()	https://manual.gamemaker.io/monthly/en/GameMaker_Language/GML_Reference/Cameras_And_Display/Cameras_And_Viewports/camera_get_active.htm
Cameras_And_Display.Cameras_And_Viewports.camera_get_begin_script	camera_get_begin_script	function	camera_get_begin_script(camera_id)	https://manual.gamemaker.io/monthly/en/GameMaker_Language/GML_Reference/Cameras_And_Display/Cameras_And_Viewports/camera_get_begin_script.htm
Cameras_And_Display.Cameras_And_Viewports.camera_get_default	camera_get_default	function	camera_get_default()	https://manual.gamemaker.io/monthly/en/GameMaker_Language/GML_Reference/Cameras_And_Display/Cameras_And_Viewports/camera_get_default.htm
Cameras_And_Display.Cameras_And_Viewports.camera_get_end_script	camera_get_end_script	function	camera_get_end_script(camera_id)	https://manual.gamemaker.io/monthly/en/GameMaker_Language/GML_Reference/Cameras_And_Display/Cameras_And_Viewports/camera_get_end_script.htm
Cameras_And_Display.Cameras_And_Viewports.camera_get_proj_mat	camera_get_proj_mat	function	camera_get_proj_mat(camera_id)	https://manual.gamemaker.io/monthly/en/GameMaker_Language/GML_Reference/Cameras_And_Display/Cameras_And_Viewports/camera_get_proj_mat.htm
Cameras_And_Display.Cameras_And_Viewports.camera_get_update_script	camera_get_update_script	function	camera_get_update_script(camera_id)	https://manual.gamemaker.io/monthly/en/GameMaker_Language/GML_Reference/Cameras_And_Display/Cameras_And_Viewports/camera_get_update_script.htm
Cameras_And_Display.Cameras_And_Viewports.camera_get_view_angle	camera_get_view_angle	function	camera_get_view_angle(camera_id)	https://manual.gamemaker.io/monthly/en/GameMaker_Language/GML_Reference/Cameras_And_Display/Cameras_And_Viewports/camera_get_view_angle.htm
Cameras_And_Display.Cameras_And_Viewports.camera_get_view_border_x	camera_get_view_border_x	function	camera_get_view_border_x(camera_id)	https://manual.gamemaker.io/monthly/en/GameMaker_Language/GML_Reference/Cameras_And_Display/Cameras_And_Viewports/camera_get_view_border_x.htm
Cameras_And_Display.Cameras_And_Viewports.camera_get_view_border_y	camera_get_view_border_y	function	camera_get_view_border_y(camera_id)	https://manual.gamemaker.io/monthly/en/GameMaker_Language/GML_Reference/Cameras_And_Display/Cameras_And_Viewports/camera_get_view_border_y.htm
Cameras_And_Display.Cameras_And_Viewports.camera_get_view_height	camera_get_view_height	function	camera_get_view_height(camera_id)	https://manual.gamemaker.io/monthly/en/GameMaker_Language/GML_Reference/Cameras_And_Display/Cameras_And_Viewports/camera_get_view_height.htm
Cameras_And_Display.Cameras_And_Viewports.camera_get_view_mat	camera_get_view_mat	function	camera_get_view_mat(camera_id)	https://manual.gamemaker.io/monthly/en/GameMaker_Language/GML_Reference/Cameras_And_Display/Cameras_And_Viewports/camera_get_view_mat.htm
Cameras_And_Display.Cameras_And_Viewports.camera_get_view_speed_x	camera_get_view_speed_x	function	camera_get_view_speed_x(camera_id)	https://manual.gamemaker.io/monthly/en/GameMaker_Language/GML_Reference/Cameras_And_Display/Cameras_And_Viewports/camera_get_view_speed_x.htm
Cameras_And_Display.Cameras_And_Viewports.camera_get_view_speed_y	camera_get_view_speed_y	function	camera_get_view_speed_y(camera_id)	https://manual.gamemaker.io/monthly/en/GameMaker_Language/GML_Reference/Cameras_And_Display/Cameras_And_Viewports/camera_get_view_speed_y.htm
Cameras_And_Display.Cameras_And_Viewports.camera_get_view_target	camera_get_view_target	function	camera_get_view_target(camera_id)	https://manual.gamemaker.io/monthly/en/GameMaker_Language/GML_Reference/Cameras_And_Display/Cameras_And_Viewports/camera_get_view_target.htm
Cameras_And_Display.Cameras_And_Viewports.camera_get_view_width	camera_get_view_width	function	camera_get_view_width(camera_id)	https://manual.gamemaker.io/monthly/en/GameMaker_Language/GML_Reference/Cameras_And_Display/Cameras_And_Viewports/camera_get_view_width.htm
Cameras_And_Display.Cameras_And_Viewports.camera_get_view_x	camera_get_view_x	function	camera_get_view_x(camera_id)	https://manual.gamemaker.io/monthly/en/GameMaker_Language/GML_Reference/Cameras_And_Display/Cameras_And_Viewports/camera_get_view_x.htm
Cameras_And_Display.Cameras_And_Viewports.camera_get_view_y	camera_get_view_y	function	camera_get_view_y(camera_id)	https://manual.gamemaker.io/monthly/en/GameMaker_Language/GML_Reference/Cameras_And_Display/Cameras_And_Viewports/camera_get_view_y.htm
Cameras_And_Display.Cameras_And_Viewports.camera_set_begin_script	camera_set_begin_script	function	camera_set_begin_script(camera_id, script);	https://manual.gamemaker.io/monthly/en/GameMaker_Language/GML_Reference/Cameras_And_Display/Cameras_And_Viewports/camera_set_begin_script.htm
Cameras_And_Display.Cameras_And_Viewports.camera_set_default	camera_set_default	function	camera_set_default(camera_id)	https://manual.gamemaker.io/monthly/en/GameMaker_Language/GML_Reference/Cameras_And_Display/Cameras_And_Viewports/camera_set_default.htm
Cameras_And_Display.Cameras_And_Viewports.camera_set_end_script	camera_set_end_script	function	camera_set_end_script(camera_id, script);	https://manual.gamemaker.io/monthly/en/GameMaker_Language/GML_Reference/Cameras_And_Display/Cameras_And_Viewports/camera_set_end_script.htm
Cameras_And_Display.Cameras_And_Viewports.camera_set_proj_mat	camera_set_proj_mat	function	camera_set_proj_mat(camera_id, matrix)	https://manual.gamemaker.io/monthly/en/GameMaker_Language/GML_Reference/Cameras_And_Display/Cameras_And_Viewports/camera_set_proj_mat.htm
Cameras_And_Display.Cameras_And_Viewports.camera_set_update_script	camera_set_update_script	function	camera_set_update_script(camera_id, script);	https://manual.gamemaker.io/monthly/en/GameMaker_Language/GML_Reference/Cameras_And_Display/Cameras_And_Viewports/camera_set_update_script.htm
Cameras_And_Display.Cameras_And_Viewports.camera_set_view_angle	camera_set_view_angle	function	camera_set_view_angle(camera_id, angle)	https://manual.gamemaker.io/monthly/en/GameMaker_Language/GML_Reference/Cameras_And_Display/Cameras_And_Viewports/camera_set_view_angle.htm
Cameras_And_Display.Cameras_And_Viewports.camera_set_view_border	camera_set_view_border	function	camera_set_view_border(camera_id, x_border, y_border)	https://manual.gamemaker.io/monthly/en/GameMaker_Language/GML_Reference/Cameras_And_Display/Cameras_And_Viewports/camera_set_view_border.htm
Cameras_And_Display.Cameras_And_Viewports.camera_set_view_mat	camera_set_view_mat	function	camera_set_view_mat(camera_id, matrix)	https://manual.gamemaker.io/monthly/en/GameMaker_Language/GML_Reference/Cameras_And_Display/Cameras_And_Viewports/camera_set_view_mat.htm
Cameras_And_Display.Cameras_And_Viewports.camera_set_view_pos	camera_set_view_pos	function	camera_set_view_pos(camera_id, x, y)	https://manual.gamemaker.io/monthly/en/GameMaker_Language/GML_Reference/Cameras_And_Display/Cameras_And_Viewports/camera_set_view_pos.htm
Cameras_And_Display.Cameras_And_Viewports.camera_set_view_size	camera_set_view_size	function	camera_set_view_size(camera_id, width, height)	https://manual.gamemaker.io/monthly/en/GameMaker_Language/GML_Reference/Cameras_And_Display/Cameras_And_Viewports/camera_set_view_size.htm
Cameras_And_Display.Cameras_And_Viewports.camera_set_view_speed	camera_set_view_speed	function	camera_set_view_speed(camera, x_speed, y_speed)	https://manual.gamemaker.io/monthly/en/GameMaker_Language/GML_Reference/Cameras_And_Display/Cameras_And_Viewports/camera_set_view_speed.htm
Cameras_And_Display.Cameras_And_Viewports.camera_set_view_target	camera_set_view_target	function	camera_set_view_target(camera_id, id)	https://manual.gamemaker.io/monthly/en/GameMaker_Language/GML_Reference/Cameras_And_Display/Cameras_And_Viewports/camera_set_view_target.htm
Cameras_And_Display.Cameras_And_Viewports.view_camera	view_camera	variable	view_camera[0 ... 7]	https://manual.gamemaker.io/monthly/en/GameMaker_Language/GML_Reference/Cameras_And_Display/Cameras_And_Viewports/view_camera.htm
Cameras_And_Display.Cameras_And_Viewports.view_current	view_current	variable	view_current;	https://manual.gamemaker.io/monthly/en/GameMaker_Language/GML_Reference/Cameras_And_Display/Cameras_And_Viewports/view_current.htm
Cameras_And_Display.Cameras_And_Viewports.view_enabled	view_enabled	variable	view_enabled;	https://manual.gamemaker.io/monthly/en/GameMaker_Language/GML_Reference/Cameras_And_Display/Cameras_And_Viewports/view_enabled.htm
Cameras_And_Display.Cameras_And_Viewports.view_get_camera	view_get_camera	function	view_get_camera(view_port)	https://manual.gamemaker.io/monthly/en/GameMaker_Language/GML_Reference/Cameras_And_Display/Cameras_And_Viewports/view_get_camera.htm
Cameras_And_Display.Cameras_And_Viewports.view_get_hport	view_get_hport	function	view_get_hport(view_port)	https://manual.gamemaker.io/monthly/en/GameMaker_Language/GML_Reference/Cameras_And_Display/Cameras_And_Viewports/view_get_hport.htm
Cameras_And_Display.Cameras_And_Viewports.view_get_surface_id	view_get_surface_id	function	view_get_surface_id(view_port)	https://manual.gamemaker.io/monthly/en/GameMaker_Language/GML_Reference/Cameras_And_Display/Cameras_And_Viewports/view_get_surface_id.htm
Cameras_And_Display.Cameras_And_Viewports.view_get_visible	view_get_visible	function	view_get_visible(view_port)	https://manual.gamemaker.io/monthly/en/GameMaker_Language/GML_Reference/Cameras_And_Display/Cameras_And_Viewports/view_get_visible.htm
Cameras_And_Display.Cameras_And_Viewports.view_get_wport	view_get_wport	function	view_get_wport(view_port)	https://manual.gamemaker.io/monthly/en/GameMaker_Language/GML_Reference/Cameras_And_Display/Cameras_And_Viewports/view_get_wport.htm
Cameras_And_Display.Cameras_And_Viewports.view_get_xport	view_get_xport	function	view_get_xport(view_port)	https://manual.gamemaker.io/monthly/en/GameMaker_Language/GML_Reference/Cameras_And_Display/Cameras_And_Viewports/view_get_xport.htm
Cameras_And_Display.Cameras_And_Viewports.view_get_yport	view_get_yport	function	view_get_yport(view_port)	https://manual.gamemaker.io/monthly/en/GameMaker_Language/GML_Reference/Cameras_And_Display/Cameras_And_Viewports/view_get_yport.htm
Cameras_And_Display.Cameras_And_Viewports.view_hport	view_hport	variable	view_hport[0 ... 7]	https://manual.gamemaker.io/monthly/en/GameMaker_Language/GML_Reference/Cameras_And_Display/Cameras_And_Viewports/view_hport.htm
Cameras_And_Display.Cameras_And_Viewports.view_set_camera	view_set_camera	function	view_set_camera(view_port, camera_id)	https://manual.gamemaker.io/monthly/en/GameMaker_Language/GML_Reference/Cameras_And_Display/Cameras_And_Viewports/view_set_camera.htm
Cameras_And_Display.Cameras_And_Viewports.view_set_hport	view_set_hport	function	view_set_hport(view_port, h)	https://manual.gamemaker.io/monthly/en/GameMaker_Language/GML_Reference/Cameras_And_Display/Cameras_And_Viewports/view_set_hport.htm
Cameras_And_Display.Cameras_And_Viewports.view_set_surface_id	view_set_surface_id	function	view_set_surface_id(view_port, surf)	https://manual.gamemaker.io/monthly/en/GameMaker_Language/GML_Reference/Cameras_And_Display/Cameras_And_Viewports/view_set_surface_id.htm
Cameras_And_Display.Cameras_And_Viewports.view_set_visible	view_set_visible	function	view_set_visible(view_port, visible)	https://manual.gamemaker.io/monthly/en/GameMaker_Language/GML_Reference/Cameras_And_Display/Cameras_And_Viewports/view_set_visible.htm
Cameras_And_Display.Cameras_And_Viewports.view_set_wport	view_set_wport	function	view_set_wport(view_port, w)	https://manual.gamemaker.io/monthly/en/GameMaker_Language/GML_Reference/Cameras_And_Display/Cameras_And_Viewports/view_set_wport.htm
Cameras_And_Display.Cameras_And_Viewports.view_set_xport	view_set_xport	function	view_set_xport(view_port, x)	https://manual.gamemaker.io/monthly/en/GameMaker_Language/GML_Reference/Cameras_And_Display/Cameras_And_Viewports/view_set_xport.htm
Cameras_And_Display.Cameras_And_Viewports.view_set_yport	view_set_yport	function	view_set_yport(view_port, y)	https://manual.gamemaker.io/monthly/en/GameMaker_Language/GML_Reference/Cameras_And_Display/Cameras_And_Viewports/view_set_yport.htm
Cameras_And_Display.Cameras_And_Viewports.view_surface_id	view_surface_id	variable	view_surface_id[0...7]	https://manual.gamemaker.io/monthly/en/GameMaker_Language/GML_Reference/Cameras_And_Display/Cameras_And_Viewports/view_surface_id.htm
Cameras_And_Display.Cameras_And_Viewports.view_visible	view_visible	variable	view_visible[0 ... 7]	https://manual.gamemaker.io/monthly/en/GameMaker_Language/GML_Reference/Cameras_And_Display/Cameras_And_Viewports/view_visible.htm
Cameras_And_Display.Cameras_And_Viewports.view_wport	view_wport	variable	view_wport[0 ... 7]	https://manual.gamemaker.io/monthly/en/GameMaker_Language/GML_Reference/Cameras_And_Display/Cameras_And_Viewports/view_wport.htm
Cameras_And_Display.Cameras_And_Viewports.view_xport	view_xport	variable	view_xport[0 .. 7]	https://manual.gamemaker.io/monthly/en/GameMaker_Language/GML_Reference/Cameras_And_Display/Cameras_And_Viewports/view_xport.htm
Cameras_And_Display.Cameras_And_Viewports.view_yport	view_yport	variable	view_yport[0 .. 7]	https://manual.gamemaker.io/monthly/en/GameMaker_Language/GML_Reference/Cameras_And_Display/Cameras_And_Viewports/view_yport.htm
Cameras_And_Display.The_Game_Window.window_center	window_center	function	window_center();	https://manual.gamemaker.io/monthly/en/GameMaker_Language/GML_Reference/Cameras_And_Display/The_Game_Window/window_center.htm
Cameras_And_Display.The_Game_Window.window_device	window_device	function	window_device();	https://manual.gamemaker.io/monthly/en/GameMaker_Language/GML_Reference/Cameras_And_Display/The_Game_Window/window_device.htm
Cameras_And_Display.The_Game_Window.window_enable_borderless_fullscreen	window_enable_borderless_fullscreen	function	window_enable_borderless_fullscreen(enable);	https://manual.gamemaker.io/monthly/en/GameMaker_Language/GML_Reference/Cameras_And_Display/The_Game_Window/window_enable_borderless_fullscreen.htm
Cameras_And_Display.The_Game_Window.window_get_borderless_fullscreen	window_get_borderless_fullscreen	function	window_get_borderless_fullscreen();	https://manual.gamemaker.io/monthly/en/GameMaker_Language/GML_Reference/Cameras_And_Display/The_Game_Window/window_get_borderless_fullscreen.htm
Cameras_And_Display.The_Game_Window.window_get_caption	window_get_caption	function	window_get_caption();	https://manual.gamemaker.io/monthly/en/GameMaker_Language/GML_Reference/Cameras_And_Display/The_Game_Window/window_get_caption.htm
Cameras_And_Display.The_Game_Window.window_get_color	window_get_color	unknown	undefined	https://manual.gamemaker.io/monthly/en/GameMaker_Language/GML_Reference/Cameras_And_Display/The_Game_Window/window_get_colour.htm
Cameras_And_Display.The_Game_Window.window_get_colour	window_get_colour	function	window_get_colour();	https://manual.gamemaker.io/monthly/en/GameMaker_Language/GML_Reference/Cameras_And_Display/The_Game_Window/window_get_colour.htm
Cameras_And_Display.The_Game_Window.window_get_cursor	window_get_cursor	function	window_get_cursor();	https://manual.gamemaker.io/monthly/en/GameMaker_Language/GML_Reference/Cameras_And_Display/The_Game_Window/window_get_cursor.htm
Cameras_And_Display.The_Game_Window.window_get_cursor	window_get_cursor	function	window_get_cursor();	https://manual.gamemaker.io/monthly/en/GameMaker_Language/GML_Reference/Cameras_And_Display/The_Game_Window/window_get_cursor.htm
Cameras_And_Display.The_Game_Window.window_get_cursor	window_get_cursor	function	window_get_cursor();	https://manual.gamemaker.io/monthly/en/GameMaker_Language/GML_Reference/Cameras_And_Display/The_Game_Window/window_get_cursor.htm
Cameras_And_Display.The_Game_Window.window_get_cursor	window_get_cursor	function	window_get_cursor();	https://manual.gamemaker.io/monthly/en/GameMaker_Language/GML_Reference/Cameras_And_Display/The_Game_Window/window_get_cursor.htm
Cameras_And_Display.The_Game_Window.window_get_cursor	window_get_cursor	function	window_get_cursor();	https://manual.gamemaker.io/monthly/en/GameMaker_Language/GML_Reference/Cameras_And_Display/The_Game_Window/window_get_cursor.htm
Cameras_And_Display.The_Game_Window.window_get_cursor	window_get_cursor	function	window_get_cursor();	https://manual.gamemaker.io/monthly/en/GameMaker_Language/GML_Reference/Cameras_And_Display/The_Game_Window/window_get_cursor.htm
Cameras_And_Display.The_Game_Window.window_get_cursor	window_get_cursor	function	window_get_cursor();	https://manual.gamemaker.io/monthly/en/GameMaker_Language/GML_Reference/Cameras_And_Display/The_Game_Window/window_get_cursor.htm
Cameras_And_Display.The_Game_Window.window_get_cursor	window_get_cursor	function	window_get_cursor();	https://manual.gamemaker.io/monthly/en/GameMaker_Language/GML_Reference/Cameras_And_Display/The_Game_Window/window_get_cursor.htm
Cameras_And_Display.The_Game_Window.window_get_cursor	window_get_cursor	function	window_get_cursor();	https://manual.gamemaker.io/monthly/en/GameMaker_Language/GML_Reference/Cameras_And_Display/The_Game_Window/window_get_cursor.htm
Cameras_And_Display.The_Game_Window.window_get_cursor	window_get_cursor	function	window_get_cursor();	https://manual.gamemaker.io/monthly/en/GameMaker_Language/GML_Reference/Cameras_And_Display/The_Game_Window/window_get_cursor.htm
Cameras_And_Display.The_Game_Window.window_get_cursor	window_get_cursor	function	window_get_cursor();	https://manual.gamemaker.io/monthly/en/GameMaker_Language/GML_Reference/Cameras_And_Display/The_Game_Window/window_get_cursor.htm
Cameras_And_Display.The_Game_Window.window_get_cursor	window_get_cursor	function	window_get_cursor();	https://manual.gamemaker.io/monthly/en/GameMaker_Language/GML_Reference/Cameras_And_Display/The_Game_Window/window_get_cursor.htm
Cameras_And_Display.The_Game_Window.window_get_cursor	window_get_cursor	function	window_get_cursor();	https://manual.gamemaker.io/monthly/en/GameMaker_Language/GML_Reference/Cameras_And_Display/The_Game_Window/window_get_cursor.htm
Cameras_And_Display.The_Game_Window.window_get_cursor	window_get_cursor	function	window_get_cursor();	https://manual.gamemaker.io/monthly/en/GameMaker_Language/GML_Reference/Cameras_And_Display/The_Game_Window/window_get_cursor.htm
Cameras_And_Display.The_Game_Window.window_get_cursor	window_get_cursor	function	window_get_cursor();	https://manual.gamemaker.io/monthly/en/GameMaker_Language/GML_Reference/Cameras_And_Display/The_Game_Window/window_get_cursor.htm
Cameras_And_Display.The_Game_Window.window_get_cursor	window_get_cursor	function	window_get_cursor();	https://manual.gamemaker.io/monthly/en/GameMaker_Language/GML_Reference/Cameras_And_Display/The_Game_Window/window_get_cursor.htm
Cameras_And_Display.The_Game_Window.window_get_fullscreen	window_get_fullscreen	function	window_get_fullscreen();	https://manual.gamemaker.io/monthly/en/GameMaker_Language/GML_Reference/Cameras_And_Display/The_Game_Window/window_get_fullscreen.htm
Cameras_And_Display.The_Game_Window.window_get_height	window_get_height	function	window_get_height();	https://manual.gamemaker.io/monthly/en/GameMaker_Language/GML_Reference/Cameras_And_Display/The_Game_Window/window_get_height.htm
Cameras_And_Display.The_Game_Window.window_get_showborder	window_get_showborder	function	window_get_showborder();	https://manual.gamemaker.io/monthly/en/GameMaker_Language/GML_Reference/Cameras_And_Display/The_Game_Window/window_get_showborder.htm
Cameras_And_Display.The_Game_Window.window_get_visible_rects	window_get_visible_rects	function	window_get_visible_rects(x1, y1, x2, y2);	https://manual.gamemaker.io/monthly/en/GameMaker_Language/GML_Reference/Cameras_And_Display/The_Game_Window/window_get_visible_rects.htm
Cameras_And_Display.The_Game_Window.window_get_width	window_get_width	function	window_get_width();	https://manual.gamemaker.io/monthly/en/GameMaker_Language/GML_Reference/Cameras_And_Display/The_Game_Window/window_get_width.htm
Cameras_And_Display.The_Game_Window.window_get_x	window_get_x	function	window_get_x();	https://manual.gamemaker.io/monthly/en/GameMaker_Language/GML_Reference/Cameras_And_Display/The_Game_Window/window_get_x.htm
Cameras_And_Display.The_Game_Window.window_get_y	window_get_y	function	window_get_y();	https://manual.gamemaker.io/monthly/en/GameMaker_Language/GML_Reference/Cameras_And_Display/The_Game_Window/window_get_y.htm
Cameras_And_Display.The_Game_Window.window_handle	window_handle	function	window_handle();	https://manual.gamemaker.io/monthly/en/GameMaker_Language/GML_Reference/Cameras_And_Display/The_Game_Window/window_handle.htm
Cameras_And_Display.The_Game_Window.window_has_focus	window_has_focus	function	window_has_focus();	https://manual.gamemaker.io/monthly/en/GameMaker_Language/GML_Reference/Cameras_And_Display/The_Game_Window/window_has_focus.htm
Cameras_And_Display.The_Game_Window.window_mouse_get_delta_x	window_mouse_get_delta_x	function	window_mouse_get_delta_x();	https://manual.gamemaker.io/monthly/en/GameMaker_Language/GML_Reference/Cameras_And_Display/The_Game_Window/window_mouse_get_delta_x.htm
Cameras_And_Display.The_Game_Window.window_mouse_get_delta_y	window_mouse_get_delta_y	function	window_mouse_get_delta_y();	https://manual.gamemaker.io/monthly/en/GameMaker_Language/GML_Reference/Cameras_And_Display/The_Game_Window/window_mouse_get_delta_y.htm
Cameras_And_Display.The_Game_Window.window_mouse_get_locked	window_mouse_get_locked	function	window_mouse_get_locked();	https://manual.gamemaker.io/monthly/en/GameMaker_Language/GML_Reference/Cameras_And_Display/The_Game_Window/window_mouse_get_locked.htm
Cameras_And_Display.The_Game_Window.window_mouse_get_x	window_mouse_get_x	function	window_mouse_get_x();	https://manual.gamemaker.io/monthly/en/GameMaker_Language/GML_Reference/Cameras_And_Display/The_Game_Window/window_mouse_get_x.htm
Cameras_And_Display.The_Game_Window.window_mouse_get_y	window_mouse_get_y	function	window_mouse_get_y();	https://manual.gamemaker.io/monthly/en/GameMaker_Language/GML_Reference/Cameras_And_Display/The_Game_Window/window_mouse_get_y.htm
Cameras_And_Display.The_Game_Window.window_mouse_set	window_mouse_set	function	window_mouse_set(x, y);	https://manual.gamemaker.io/monthly/en/GameMaker_Language/GML_Reference/Cameras_And_Display/The_Game_Window/window_mouse_set.htm
Cameras_And_Display.The_Game_Window.window_mouse_set_locked	window_mouse_set_locked	function	window_mouse_set_locked(enable);	https://manual.gamemaker.io/monthly/en/GameMaker_Language/GML_Reference/Cameras_And_Display/The_Game_Window/window_mouse_set_locked.htm
Cameras_And_Display.The_Game_Window.window_set_caption	window_set_caption	function	window_set_caption(caption);	https://manual.gamemaker.io/monthly/en/GameMaker_Language/GML_Reference/Cameras_And_Display/The_Game_Window/window_set_caption.htm
Cameras_And_Display.The_Game_Window.window_set_color	window_set_color	unknown	undefined	https://manual.gamemaker.io/monthly/en/GameMaker_Language/GML_Reference/Cameras_And_Display/The_Game_Window/window_set_colour.htm
Cameras_And_Display.The_Game_Window.window_set_colour	window_set_colour	function	window_set_colour(colour);	https://manual.gamemaker.io/monthly/en/GameMaker_Language/GML_Reference/Cameras_And_Display/The_Game_Window/window_set_colour.htm
Cameras_And_Display.The_Game_Window.window_set_cursor	window_set_cursor	function	window_set_cursor(cursor);	https://manual.gamemaker.io/monthly/en/GameMaker_Language/GML_Reference/Cameras_And_Display/The_Game_Window/window_set_cursor.htm
Cameras_And_Display.The_Game_Window.window_set_cursor	window_set_cursor	function	window_set_cursor(cursor);	https://manual.gamemaker.io/monthly/en/GameMaker_Language/GML_Reference/Cameras_And_Display/The_Game_Window/window_set_cursor.htm
Cameras_And_Display.The_Game_Window.window_set_cursor	window_set_cursor	function	window_set_cursor(cursor);	https://manual.gamemaker.io/monthly/en/GameMaker_Language/GML_Reference/Cameras_And_Display/The_Game_Window/window_set_cursor.htm
Cameras_And_Display.The_Game_Window.window_set_cursor	window_set_cursor	function	window_set_cursor(cursor);	https://manual.gamemaker.io/monthly/en/GameMaker_Language/GML_Reference/Cameras_And_Display/The_Game_Window/window_set_cursor.htm
Cameras_And_Display.The_Game_Window.window_set_cursor	window_set_cursor	function	window_set_cursor(cursor);	https://manual.gamemaker.io/monthly/en/GameMaker_Language/GML_Reference/Cameras_And_Display/The_Game_Window/window_set_cursor.htm
Cameras_And_Display.The_Game_Window.window_set_cursor	window_set_cursor	function	window_set_cursor(cursor);	https://manual.gamemaker.io/monthly/en/GameMaker_Language/GML_Reference/Cameras_And_Display/The_Game_Window/window_set_cursor.htm
Cameras_And_Display.The_Game_Window.window_set_cursor	window_set_cursor	function	window_set_cursor(cursor);	https://manual.gamemaker.io/monthly/en/GameMaker_Language/GML_Reference/Cameras_And_Display/The_Game_Window/window_set_cursor.htm
Cameras_And_Display.The_Game_Window.window_set_cursor	window_set_cursor	function	window_set_cursor(cursor);	https://manual.gamemaker.io/monthly/en/GameMaker_Language/GML_Reference/Cameras_And_Display/The_Game_Window/window_set_cursor.htm
Cameras_And_Display.The_Game_Window.window_set_cursor	window_set_cursor	function	window_set_cursor(cursor);	https://manual.gamemaker.io/monthly/en/GameMaker_Language/GML_Reference/Cameras_And_Display/The_Game_Window/window_set_cursor.htm
Cameras_And_Display.The_Game_Window.window_set_cursor	window_set_cursor	function	window_set_cursor(cursor);	https://manual.gamemaker.io/monthly/en/GameMaker_Language/GML_Reference/Cameras_And_Display/The_Game_Window/window_set_cursor.htm
Cameras_And_Display.The_Game_Window.window_set_cursor	window_set_cursor	function	window_set_cursor(cursor);	https://manual.gamemaker.io/monthly/en/GameMaker_Language/GML_Reference/Cameras_And_Display/The_Game_Window/window_set_cursor.htm
Cameras_And_Display.The_Game_Window.window_set_cursor	window_set_cursor	function	window_set_cursor(cursor);	https://manual.gamemaker.io/monthly/en/GameMaker_Language/GML_Reference/Cameras_And_Display/The_Game_Window/window_set_cursor.htm
Cameras_And_Display.The_Game_Window.window_set_cursor	window_set_cursor	function	window_set_cursor(cursor);	https://manual.gamemaker.io/monthly/en/GameMaker_Language/GML_Reference/Cameras_And_Display/The_Game_Window/window_set_cursor.htm
Cameras_And_Display.The_Game_Window.window_set_cursor	window_set_cursor	function	window_set_cursor(cursor);	https://manual.gamemaker.io/monthly/en/GameMaker_Language/GML_Reference/Cameras_And_Display/The_Game_Window/window_set_cursor.htm
Cameras_And_Display.The_Game_Window.window_set_cursor	window_set_cursor	function	window_set_cursor(cursor);	https://manual.gamemaker.io/monthly/en/GameMaker_Language/GML_Reference/Cameras_And_Display/The_Game_Window/window_set_cursor.htm
Cameras_And_Display.The_Game_Window.window_set_cursor	window_set_cursor	function	window_set_cursor(cursor);	https://manual.gamemaker.io/monthly/en/GameMaker_Language/GML_Reference/Cameras_And_Display/The_Game_Window/window_set_cursor.htm
Cameras_And_Display.The_Game_Window.window_set_fullscreen	window_set_fullscreen	function	window_set_fullscreen(full);	https://manual.gamemaker.io/monthly/en/GameMaker_Language/GML_Reference/Cameras_And_Display/The_Game_Window/window_set_fullscreen.htm
Cameras_And_Display.The_Game_Window.window_set_max_width	window_set_max_width	function	window_set_max_width(width);	https://manual.gamemaker.io/monthly/en/GameMaker_Language/GML_Reference/Cameras_And_Display/The_Game_Window/window_set_max_width.htm
Cameras_And_Display.The_Game_Window.window_set_min_height	window_set_min_height	function	window_set_min_height(height);	https://manual.gamemaker.io/monthly/en/GameMaker_Language/GML_Reference/Cameras_And_Display/The_Game_Window/window_set_min_height.htm
Cameras_And_Display.The_Game_Window.window_set_min_width	window_set_min_width	function	window_set_min_width(width);	https://manual.gamemaker.io/monthly/en/GameMaker_Language/GML_Reference/Cameras_And_Display/The_Game_Window/window_set_min_width.htm
Cameras_And_Display.The_Game_Window.window_set_position	window_set_position	function	window_set_position(x, y);	https://manual.gamemaker.io/monthly/en/GameMaker_Language/GML_Reference/Cameras_And_Display/The_Game_Window/window_set_position.htm
Cameras_And_Display.The_Game_Window.window_set_rectangle	window_set_rectangle	function	window_set_rectangle(x, y, w, h);	https://manual.gamemaker.io/monthly/en/GameMaker_Language/GML_Reference/Cameras_And_Display/The_Game_Window/window_set_rectangle.htm
Cameras_And_Display.The_Game_Window.window_set_showborder	window_set_showborder	function	window_set_showborder(show);	https://manual.gamemaker.io/monthly/en/GameMaker_Language/GML_Reference/Cameras_And_Display/The_Game_Window/window_set_showborder.htm
Cameras_And_Display.The_Game_Window.window_set_size	window_set_size	function	window_set_size( w, h );	https://manual.gamemaker.io/monthly/en/GameMaker_Language/GML_Reference/Cameras_And_Display/The_Game_Window/window_set_size.htm
Cameras_And_Display.The_Game_Window.window_view_mouse_get_x	window_view_mouse_get_x	function	window_view_mouse_get_x( id );	https://manual.gamemaker.io/monthly/en/GameMaker_Language/GML_Reference/Cameras_And_Display/The_Game_Window/window_view_mouse_get_x.htm
Cameras_And_Display.The_Game_Window.window_view_mouse_get_y	window_view_mouse_get_y	function	window_view_mouse_get_y( id );	https://manual.gamemaker.io/monthly/en/GameMaker_Language/GML_Reference/Cameras_And_Display/The_Game_Window/window_view_mouse_get_y.htm
Cameras_And_Display.The_Game_Window.window_views_mouse_get_x	window_views_mouse_get_x	function	window_views_mouse_get_x();	https://manual.gamemaker.io/monthly/en/GameMaker_Language/GML_Reference/Cameras_And_Display/The_Game_Window/window_views_mouse_get_x.htm
Cameras_And_Display.The_Game_Window.window_views_mouse_get_y	window_views_mouse_get_y	function	window_views_mouse_get_y();	https://manual.gamemaker.io/monthly/en/GameMaker_Language/GML_Reference/Cameras_And_Display/The_Game_Window/window_views_mouse_get_y.htm
Cameras_And_Display.display_aa	display_aa	variable	display_aa	https://manual.gamemaker.io/monthly/en/GameMaker_Language/GML_Reference/Cameras_And_Display/display_reset.htm
Cameras_And_Display.display_get_dpi_x	display_get_dpi_x	function	display_get_dpi_x();	https://manual.gamemaker.io/monthly/en/GameMaker_Language/GML_Reference/Cameras_And_Display/display_get_dpi_x.htm
Cameras_And_Display.display_get_dpi_y	display_get_dpi_y	function	display_get_dpi_y();	https://manual.gamemaker.io/monthly/en/GameMaker_Language/GML_Reference/Cameras_And_Display/display_get_dpi_y.htm
Cameras_And_Display.display_get_frequency	display_get_frequency	function	display_get_frequency();	https://manual.gamemaker.io/monthly/en/GameMaker_Language/GML_Reference/Cameras_And_Display/display_get_frequency.htm
Cameras_And_Display.display_get_gui_height	display_get_gui_height	function	display_get_gui_height();	https://manual.gamemaker.io/monthly/en/GameMaker_Language/GML_Reference/Cameras_And_Display/display_get_gui_height.htm
Cameras_And_Display.display_get_gui_width	display_get_gui_width	function	display_get_gui_width();	https://manual.gamemaker.io/monthly/en/GameMaker_Language/GML_Reference/Cameras_And_Display/display_get_gui_width.htm
Cameras_And_Display.display_get_height	display_get_height	function	display_get_height();	https://manual.gamemaker.io/monthly/en/GameMaker_Language/GML_Reference/Cameras_And_Display/display_get_height.htm
Cameras_And_Display.display_get_orientation	display_get_orientation	function	display_get_orientation()	https://manual.gamemaker.io/monthly/en/GameMaker_Language/GML_Reference/Cameras_And_Display/display_get_orientation.htm
Cameras_And_Display.display_get_sleep_margin	display_get_sleep_margin	function	display_get_sleep_margin();	https://manual.gamemaker.io/monthly/en/GameMaker_Language/GML_Reference/Cameras_And_Display/display_get_sleep_margin.htm
Cameras_And_Display.display_get_timing_method	display_get_timing_method	function	display_get_timing_method();	https://manual.gamemaker.io/monthly/en/GameMaker_Language/GML_Reference/Cameras_And_Display/display_get_timing_method.htm
Cameras_And_Display.display_get_width	display_get_width	function	display_get_width();	https://manual.gamemaker.io/monthly/en/GameMaker_Language/GML_Reference/Cameras_And_Display/display_get_width.htm
Cameras_And_Display.display_landscape	display_landscape	constant	display_landscape	https://manual.gamemaker.io/monthly/en/GameMaker_Language/GML_Reference/Cameras_And_Display/display_get_orientation.htm
Cameras_And_Display.display_landscape_flipped	display_landscape_flipped	constant	display_landscape_flipped	https://manual.gamemaker.io/monthly/en/GameMaker_Language/GML_Reference/Cameras_And_Display/display_get_orientation.htm
Cameras_And_Display.display_mouse_get_x	display_mouse_get_x	function	display_mouse_get_x();	https://manual.gamemaker.io/monthly/en/GameMaker_Language/GML_Reference/Cameras_And_Display/display_mouse_get_x.htm
Cameras_And_Display.display_mouse_get_y	display_mouse_get_y	function	display_mouse_get_y();	https://manual.gamemaker.io/monthly/en/GameMaker_Language/GML_Reference/Cameras_And_Display/display_mouse_get_y.htm
Cameras_And_Display.display_mouse_set	display_mouse_set	function	display_mouse_set(x, y);	https://manual.gamemaker.io/monthly/en/GameMaker_Language/GML_Reference/Cameras_And_Display/display_mouse_set.htm
Cameras_And_Display.display_portrait	display_portrait	constant	display_portrait	https://manual.gamemaker.io/monthly/en/GameMaker_Language/GML_Reference/Cameras_And_Display/display_get_orientation.htm
Cameras_And_Display.display_portrait_flipped	display_portrait_flipped	constant	display_portrait_flipped	https://manual.gamemaker.io/monthly/en/GameMaker_Language/GML_Reference/Cameras_And_Display/display_get_orientation.htm
Cameras_And_Display.display_reset	display_reset	function	display_reset(aa, vsync);	https://manual.gamemaker.io/monthly/en/GameMaker_Language/GML_Reference/Cameras_And_Display/display_reset.htm
Cameras_And_Display.display_set_gui_maximise	display_set_gui_maximise	function	display_set_gui_maximise();	https://manual.gamemaker.io/monthly/en/GameMaker_Language/GML_Reference/Cameras_And_Display/display_set_gui_maximise.htm
Cameras_And_Display.display_set_gui_maximize	display_set_gui_maximize	unknown	undefined	https://manual.gamemaker.io/monthly/en/GameMaker_Language/GML_Reference/Cameras_And_Display/display_set_gui_maximise.htm
Cameras_And_Display.display_set_gui_size	display_set_gui_size	function	display_set_gui_size(width, height);	https://manual.gamemaker.io/monthly/en/GameMaker_Language/GML_Reference/Cameras_And_Display/display_set_gui_size.htm
Cameras_And_Display.display_set_sleep_margin	display_set_sleep_margin	function	display_set_sleep_margin(milliseconds);	https://manual.gamemaker.io/monthly/en/GameMaker_Language/GML_Reference/Cameras_And_Display/display_set_sleep_margin.htm
Cameras_And_Display.display_set_timing_method	display_set_timing_method	function	display_set_timing_method(method);	https://manual.gamemaker.io/monthly/en/GameMaker_Language/GML_Reference/Cameras_And_Display/display_set_timing_method.htm
Cameras_And_Display.display_set_ui_visibility	display_set_ui_visibility	function	display_set_ui_visibility(flags);	https://manual.gamemaker.io/monthly/en/GameMaker_Language/GML_Reference/Cameras_And_Display/display_set_ui_visibility.htm
Cameras_And_Display.gif_add_surface	gif_add_surface	function	gif_add_surface(gif_index, surface, delay_time, [xoffset], [yoffset], [quantization]);	https://manual.gamemaker.io/monthly/en/GameMaker_Language/GML_Reference/Cameras_And_Display/gif_add_surface.htm
Cameras_And_Display.gif_open	gif_open	function	gif_open(width, height, [clear_colour]);	https://manual.gamemaker.io/monthly/en/GameMaker_Language/GML_Reference/Cameras_And_Display/gif_open.htm
Cameras_And_Display.gif_save	gif_save	function	gif_save(gif_index, fname);	https://manual.gamemaker.io/monthly/en/GameMaker_Language/GML_Reference/Cameras_And_Display/gif_save.htm
Cameras_And_Display.gif_save_buffer	gif_save_buffer	function	gif_save_buffer(gif_index);	https://manual.gamemaker.io/monthly/en/GameMaker_Language/GML_Reference/Cameras_And_Display/gif_save_buffer.htm
Cameras_And_Display.screen_save	screen_save	function	screen_save(fname);	https://manual.gamemaker.io/monthly/en/GameMaker_Language/GML_Reference/Cameras_And_Display/screen_save.htm
Cameras_And_Display.screen_save_part	screen_save_part	function	screen_save_part(fname,x,y,w,h);	https://manual.gamemaker.io/monthly/en/GameMaker_Language/GML_Reference/Cameras_And_Display/screen_save_part.htm
Cameras_And_Display.tm_countvsyncs	tm_countvsyncs	constant	tm_countvsyncs	https://manual.gamemaker.io/monthly/en/GameMaker_Language/GML_Reference/Cameras_And_Display/display_set_timing_method.htm
Cameras_And_Display.tm_sleep	tm_sleep	constant	tm_sleep	https://manual.gamemaker.io/monthly/en/GameMaker_Language/GML_Reference/Cameras_And_Display/display_set_timing_method.htm
Cameras_And_Display.tm_systemtiming	tm_systemtiming	constant	tm_systemtiming	https://manual.gamemaker.io/monthly/en/GameMaker_Language/GML_Reference/Cameras_And_Display/display_set_timing_method.htm
Data_Structures.DS_Grids.ds_grid_add	ds_grid_add	function	ds_grid_add(index, x, y, val);	https://manual.gamemaker.io/monthly/en/GameMaker_Language/GML_Reference/Data_Structures/DS_Grids/ds_grid_add.htm
Data_Structures.DS_Grids.ds_grid_add_disk	ds_grid_add_disk	function	ds_grid_add_disk(index, xm, ym, r, val);	https://manual.gamemaker.io/monthly/en/GameMaker_Language/GML_Reference/Data_Structures/DS_Grids/ds_grid_add_disk.htm
Data_Structures.DS_Grids.ds_grid_add_grid_region	ds_grid_add_grid_region	function	ds_grid_add_grid_region(index, source, x1, y1, x2, y2, xpos, ypos);	https://manual.gamemaker.io/monthly/en/GameMaker_Language/GML_Reference/Data_Structures/DS_Grids/ds_grid_add_grid_region.htm
Data_Structures.DS_Grids.ds_grid_add_region	ds_grid_add_region	function	ds_grid_add_region(index, x1, y1, x2, y2, val);	https://manual.gamemaker.io/monthly/en/GameMaker_Language/GML_Reference/Data_Structures/DS_Grids/ds_grid_add_region.htm
Data_Structures.DS_Grids.ds_grid_clear	ds_grid_clear	function	ds_grid_clear(index, val);	https://manual.gamemaker.io/monthly/en/GameMaker_Language/GML_Reference/Data_Structures/DS_Grids/ds_grid_clear.htm
Data_Structures.DS_Grids.ds_grid_copy	ds_grid_copy	function	ds_grid_copy(destination, source);	https://manual.gamemaker.io/monthly/en/GameMaker_Language/GML_Reference/Data_Structures/DS_Grids/ds_grid_copy.htm
Data_Structures.DS_Grids.ds_grid_create	ds_grid_create	function	ds_grid_create(w, h);	https://manual.gamemaker.io/monthly/en/GameMaker_Language/GML_Reference/Data_Structures/DS_Grids/ds_grid_create.htm
Data_Structures.DS_Grids.ds_grid_destroy	ds_grid_destroy	function	ds_grid_destroy(index);	https://manual.gamemaker.io/monthly/en/GameMaker_Language/GML_Reference/Data_Structures/DS_Grids/ds_grid_destroy.htm
Data_Structures.DS_Grids.ds_grid_get	ds_grid_get	function	ds_grid_get(index, x, y);	https://manual.gamemaker.io/monthly/en/GameMaker_Language/GML_Reference/Data_Structures/DS_Grids/ds_grid_get.htm
Data_Structures.DS_Grids.ds_grid_get_disk_max	ds_grid_get_disk_max	function	ds_grid_get_disk_max(index, xm, ym, r);	https://manual.gamemaker.io/monthly/en/GameMaker_Language/GML_Reference/Data_Structures/DS_Grids/ds_grid_get_disk_max.htm
Data_Structures.DS_Grids.ds_grid_get_disk_mean	ds_grid_get_disk_mean	function	ds_grid_get_disk_mean(index, xm, ym, r);	https://manual.gamemaker.io/monthly/en/GameMaker_Language/GML_Reference/Data_Structures/DS_Grids/ds_grid_get_disk_mean.htm
Data_Structures.DS_Grids.ds_grid_get_disk_min	ds_grid_get_disk_min	function	ds_grid_get_disk_min(index, xm, ym, r);	https://manual.gamemaker.io/monthly/en/GameMaker_Language/GML_Reference/Data_Structures/DS_Grids/ds_grid_get_disk_min.htm
Data_Structures.DS_Grids.ds_grid_get_disk_sum	ds_grid_get_disk_sum	function	ds_grid_get_disk_sum(index, xm, ym, r);	https://manual.gamemaker.io/monthly/en/GameMaker_Language/GML_Reference/Data_Structures/DS_Grids/ds_grid_get_disk_sum.htm
Data_Structures.DS_Grids.ds_grid_get_max	ds_grid_get_max	function	ds_grid_get_max(index, x1, y1, x2, y2);	https://manual.gamemaker.io/monthly/en/GameMaker_Language/GML_Reference/Data_Structures/DS_Grids/ds_grid_get_max.htm
Data_Structures.DS_Grids.ds_grid_get_mean	ds_grid_get_mean	function	ds_grid_get_mean(index, x1, y1, x2, y2);	https://manual.gamemaker.io/monthly/en/GameMaker_Language/GML_Reference/Data_Structures/DS_Grids/ds_grid_get_mean.htm
Data_Structures.DS_Grids.ds_grid_get_min	ds_grid_get_min	function	ds_grid_get_min(index, x1, y1, x2, y2);	https://manual.gamemaker.io/monthly/en/GameMaker_Language/GML_Reference/Data_Structures/DS_Grids/ds_grid_get_min.htm
Data_Structures.DS_Grids.ds_grid_get_sum	ds_grid_get_sum	function	ds_grid_get_sum(index, x1, y1, x2, y2);	https://manual.gamemaker.io/monthly/en/GameMaker_Language/GML_Reference/Data_Structures/DS_Grids/ds_grid_get_sum.htm
Data_Structures.DS_Grids.ds_grid_height	ds_grid_height	function	ds_grid_height(index);	https://manual.gamemaker.io/monthly/en/GameMaker_Language/GML_Reference/Data_Structures/DS_Grids/ds_grid_height.htm
Data_Structures.DS_Grids.ds_grid_multiply	ds_grid_multiply	function	ds_grid_multiply(index, x, y, val);	https://manual.gamemaker.io/monthly/en/GameMaker_Language/GML_Reference/Data_Structures/DS_Grids/ds_grid_multiply.htm
Data_Structures.DS_Grids.ds_grid_multiply_disk	ds_grid_multiply_disk	function	ds_grid_multiply_disk(index, xm, ym, r, val);	https://manual.gamemaker.io/monthly/en/GameMaker_Language/GML_Reference/Data_Structures/DS_Grids/ds_grid_multiply_disk.htm
Data_Structures.DS_Grids.ds_grid_multiply_grid_region	ds_grid_multiply_grid_region	function	ds_grid_multiply_grid_region(index, source, x1, y1, x2, y2, xpos, ypos);	https://manual.gamemaker.io/monthly/en/GameMaker_Language/GML_Reference/Data_Structures/DS_Grids/ds_grid_multiply_grid_region.htm
Data_Structures.DS_Grids.ds_grid_multiply_region	ds_grid_multiply_region	function	ds_grid_multiply_region(index, x1, y1, x2, y2, val);	https://manual.gamemaker.io/monthly/en/GameMaker_Language/GML_Reference/Data_Structures/DS_Grids/ds_grid_multiply_region.htm
Data_Structures.DS_Grids.ds_grid_read	ds_grid_read	function	ds_grid_read(index, string [, legacy]);	https://manual.gamemaker.io/monthly/en/GameMaker_Language/GML_Reference/Data_Structures/DS_Grids/ds_grid_read.htm
Data_Structures.DS_Grids.ds_grid_resize	ds_grid_resize	function	ds_grid_resize(index, w, h);	https://manual.gamemaker.io/monthly/en/GameMaker_Language/GML_Reference/Data_Structures/DS_Grids/ds_grid_resize.htm
Data_Structures.DS_Grids.ds_grid_set	ds_grid_set	function	ds_grid_set(index, x, y, value);	https://manual.gamemaker.io/monthly/en/GameMaker_Language/GML_Reference/Data_Structures/DS_Grids/ds_grid_set.htm
Data_Structures.DS_Grids.ds_grid_set_disk	ds_grid_set_disk	function	ds_grid_set_disk(index, xm, ym, r, val);	https://manual.gamemaker.io/monthly/en/GameMaker_Language/GML_Reference/Data_Structures/DS_Grids/ds_grid_set_disk.htm
Data_Structures.DS_Grids.ds_grid_set_grid_region	ds_grid_set_grid_region	function	ds_grid_set_grid_region(index, source, x1, y1, x2, y2, xpos, ypos);	https://manual.gamemaker.io/monthly/en/GameMaker_Language/GML_Reference/Data_Structures/DS_Grids/ds_grid_set_grid_region.htm
Data_Structures.DS_Grids.ds_grid_set_region	ds_grid_set_region	function	ds_grid_set_region(index, x1, y1, x2, y2, val);	https://manual.gamemaker.io/monthly/en/GameMaker_Language/GML_Reference/Data_Structures/DS_Grids/ds_grid_set_region.htm
Data_Structures.DS_Grids.ds_grid_shuffle	ds_grid_shuffle	function	ds_grid_shuffle(index);	https://manual.gamemaker.io/monthly/en/GameMaker_Language/GML_Reference/Data_Structures/DS_Grids/ds_grid_shuffle.htm
Data_Structures.DS_Grids.ds_grid_sort	ds_grid_sort	function	ds_grid_sort(index, column, ascending);	https://manual.gamemaker.io/monthly/en/GameMaker_Language/GML_Reference/Data_Structures/DS_Grids/ds_grid_sort.htm
Data_Structures.DS_Grids.ds_grid_to_mp_grid	ds_grid_to_mp_grid	function	ds_grid_to_mp_grid(ds_grid, mp_grid[, func]);	https://manual.gamemaker.io/monthly/en/GameMaker_Language/GML_Reference/Data_Structures/DS_Grids/ds_grid_to_mp_grid.htm
Data_Structures.DS_Grids.ds_grid_value_disk_exists	ds_grid_value_disk_exists	function	ds_grid_value_disk_exists(index, xm, ym, r, val);	https://manual.gamemaker.io/monthly/en/GameMaker_Language/GML_Reference/Data_Structures/DS_Grids/ds_grid_value_disk_exists.htm
Data_Structures.DS_Grids.ds_grid_value_disk_x	ds_grid_value_disk_x	function	ds_grid_value_disk_x(index, xm, ym, r, val);	https://manual.gamemaker.io/monthly/en/GameMaker_Language/GML_Reference/Data_Structures/DS_Grids/ds_grid_value_disk_x.htm
Data_Structures.DS_Grids.ds_grid_value_disk_y	ds_grid_value_disk_y	function	ds_grid_value_disk_y(index, xm, ym, r, val);	https://manual.gamemaker.io/monthly/en/GameMaker_Language/GML_Reference/Data_Structures/DS_Grids/ds_grid_value_disk_y.htm
Data_Structures.DS_Grids.ds_grid_value_exists	ds_grid_value_exists	function	ds_grid_value_exists(index, x1, y1, x2, y2, val);	https://manual.gamemaker.io/monthly/en/GameMaker_Language/GML_Reference/Data_Structures/DS_Grids/ds_grid_value_exists.htm
Data_Structures.DS_Grids.ds_grid_value_x	ds_grid_value_x	function	ds_grid_value_x(index, x1, y1, x2, y2, val);	https://manual.gamemaker.io/monthly/en/GameMaker_Language/GML_Reference/Data_Structures/DS_Grids/ds_grid_value_x.htm
Data_Structures.DS_Grids.ds_grid_value_y	ds_grid_value_y	function	ds_grid_value_y(index, x1, y1, x2, y2, val);	https://manual.gamemaker.io/monthly/en/GameMaker_Language/GML_Reference/Data_Structures/DS_Grids/ds_grid_value_y.htm
Data_Structures.DS_Grids.ds_grid_width	ds_grid_width	function	ds_grid_width(index);	https://manual.gamemaker.io/monthly/en/GameMaker_Language/GML_Reference/Data_Structures/DS_Grids/ds_grid_width.htm
Data_Structures.DS_Grids.ds_grid_write	ds_grid_write	function	ds_grid_write(index);	https://manual.gamemaker.io/monthly/en/GameMaker_Language/GML_Reference/Data_Structures/DS_Grids/ds_grid_write.htm
Data_Structures.DS_Lists.ds_list_add	ds_list_add	function	ds_list_add(id, val1 [, val2, ... max_val]);	https://manual.gamemaker.io/monthly/en/GameMaker_Language/GML_Reference/Data_Structures/DS_Lists/ds_list_add.htm
Data_Structures.DS_Lists.ds_list_clear	ds_list_clear	function	ds_list_clear(id);	https://manual.gamemaker.io/monthly/en/GameMaker_Language/GML_Reference/Data_Structures/DS_Lists/ds_list_clear.htm
Data_Structures.DS_Lists.ds_list_copy	ds_list_copy	function	ds_list_copy( id, source );	https://manual.gamemaker.io/monthly/en/GameMaker_Language/GML_Reference/Data_Structures/DS_Lists/ds_list_copy.htm
Data_Structures.DS_Lists.ds_list_create	ds_list_create	function	ds_list_create();	https://manual.gamemaker.io/monthly/en/GameMaker_Language/GML_Reference/Data_Structures/DS_Lists/ds_list_create.htm
Data_Structures.DS_Lists.ds_list_delete	ds_list_delete	function	ds_list_delete(id, pos);	https://manual.gamemaker.io/monthly/en/GameMaker_Language/GML_Reference/Data_Structures/DS_Lists/ds_list_delete.htm
Data_Structures.DS_Lists.ds_list_destroy	ds_list_destroy	function	ds_list_destroy(id);	https://manual.gamemaker.io/monthly/en/GameMaker_Language/GML_Reference/Data_Structures/DS_Lists/ds_list_destroy.htm
Data_Structures.DS_Lists.ds_list_empty	ds_list_empty	function	ds_list_empty(id);	https://manual.gamemaker.io/monthly/en/GameMaker_Language/GML_Reference/Data_Structures/DS_Lists/ds_list_empty.htm
Data_Structures.DS_Lists.ds_list_find_index	ds_list_find_index	function	ds_list_find_index(id, val);	https://manual.gamemaker.io/monthly/en/GameMaker_Language/GML_Reference/Data_Structures/DS_Lists/ds_list_find_index.htm
Data_Structures.DS_Lists.ds_list_find_value	ds_list_find_value	function	ds_list_find_value(id, pos);	https://manual.gamemaker.io/monthly/en/GameMaker_Language/GML_Reference/Data_Structures/DS_Lists/ds_list_find_value.htm
Data_Structures.DS_Lists.ds_list_insert	ds_list_insert	function	ds_list_insert(id, pos, val);	https://manual.gamemaker.io/monthly/en/GameMaker_Language/GML_Reference/Data_Structures/DS_Lists/ds_list_insert.htm
Data_Structures.DS_Lists.ds_list_is_list	ds_list_is_list	function	ds_list_is_list(id, pos);	https://manual.gamemaker.io/monthly/en/GameMaker_Language/GML_Reference/Data_Structures/DS_Lists/ds_list_is_list.htm
Data_Structures.DS_Lists.ds_list_is_map	ds_list_is_map	function	ds_list_is_map(id, pos);	https://manual.gamemaker.io/monthly/en/GameMaker_Language/GML_Reference/Data_Structures/DS_Lists/ds_list_is_map.htm
Data_Structures.DS_Lists.ds_list_mark_as_list	ds_list_mark_as_list	function	ds_list_mark_as_list(id, pos);	https://manual.gamemaker.io/monthly/en/GameMaker_Language/GML_Reference/Data_Structures/DS_Lists/ds_list_mark_as_list.htm
Data_Structures.DS_Lists.ds_list_mark_as_map	ds_list_mark_as_map	function	ds_list_mark_as_map(id, pos);	https://manual.gamemaker.io/monthly/en/GameMaker_Language/GML_Reference/Data_Structures/DS_Lists/ds_list_mark_as_map.htm
Data_Structures.DS_Lists.ds_list_read	ds_list_read	function	ds_list_read(id, str [, legacy]);	https://manual.gamemaker.io/monthly/en/GameMaker_Language/GML_Reference/Data_Structures/DS_Lists/ds_list_read.htm
Data_Structures.DS_Lists.ds_list_replace	ds_list_replace	function	ds_list_replace(id, pos, val);	https://manual.gamemaker.io/monthly/en/GameMaker_Language/GML_Reference/Data_Structures/DS_Lists/ds_list_replace.htm
Data_Structures.DS_Lists.ds_list_set	ds_list_set	function	ds_list_set(id, pos, val);	https://manual.gamemaker.io/monthly/en/GameMaker_Language/GML_Reference/Data_Structures/DS_Lists/ds_list_set.htm
Data_Structures.DS_Lists.ds_list_shuffle	ds_list_shuffle	function	ds_list_shuffle(id);	https://manual.gamemaker.io/monthly/en/GameMaker_Language/GML_Reference/Data_Structures/DS_Lists/ds_list_shuffle.htm
Data_Structures.DS_Lists.ds_list_size	ds_list_size	function	ds_list_size(id);	https://manual.gamemaker.io/monthly/en/GameMaker_Language/GML_Reference/Data_Structures/DS_Lists/ds_list_size.htm
Data_Structures.DS_Lists.ds_list_sort	ds_list_sort	function	ds_list_sort(id, ascend);	https://manual.gamemaker.io/monthly/en/GameMaker_Language/GML_Reference/Data_Structures/DS_Lists/ds_list_sort.htm
Data_Structures.DS_Lists.ds_list_write	ds_list_write	function	ds_list_write(id);	https://manual.gamemaker.io/monthly/en/GameMaker_Language/GML_Reference/Data_Structures/DS_Lists/ds_list_write.htm
Data_Structures.DS_Maps.ds_map_add	ds_map_add	function	ds_map_add(map, 5, undefined); ds_map_add(map, "level", 1); ds_map_add(map, 89.6, "hello world"); ds_map_add(map, 5, buffer_get_address(buff)); // This will return false and fail, as the key 5 already exists in the map	https://manual.gamemaker.io/monthly/en/GameMaker_Language/GML_Reference/Data_Structures/DS_Maps/ds_map_add.htm
Data_Structures.DS_Maps.ds_map_add_list	ds_map_add_list	function	ds_map_add_list(id, key, value)	https://manual.gamemaker.io/monthly/en/GameMaker_Language/GML_Reference/Data_Structures/DS_Maps/ds_map_add_list.htm
Data_Structures.DS_Maps.ds_map_add_map	ds_map_add_map	function	ds_map_add_map(id, key, value)	https://manual.gamemaker.io/monthly/en/GameMaker_Language/GML_Reference/Data_Structures/DS_Maps/ds_map_add_map.htm
Data_Structures.DS_Maps.ds_map_clear	ds_map_clear	function	ds_map_clear(id);	https://manual.gamemaker.io/monthly/en/GameMaker_Language/GML_Reference/Data_Structures/DS_Maps/ds_map_clear.htm
Data_Structures.DS_Maps.ds_map_copy	ds_map_copy	function	ds_map_copy(id, source);	https://manual.gamemaker.io/monthly/en/GameMaker_Language/GML_Reference/Data_Structures/DS_Maps/ds_map_copy.htm
Data_Structures.DS_Maps.ds_map_create	ds_map_create	function	ds_map_create();	https://manual.gamemaker.io/monthly/en/GameMaker_Language/GML_Reference/Data_Structures/DS_Maps/ds_map_create.htm
Data_Structures.DS_Maps.ds_map_delete	ds_map_delete	function	ds_map_delete(id, key);	https://manual.gamemaker.io/monthly/en/GameMaker_Language/GML_Reference/Data_Structures/DS_Maps/ds_map_delete.htm
Data_Structures.DS_Maps.ds_map_destroy	ds_map_destroy	function	ds_map_destroy(id);	https://manual.gamemaker.io/monthly/en/GameMaker_Language/GML_Reference/Data_Structures/DS_Maps/ds_map_destroy.htm
Data_Structures.DS_Maps.ds_map_empty	ds_map_empty	function	ds_map_empty(id);	https://manual.gamemaker.io/monthly/en/GameMaker_Language/GML_Reference/Data_Structures/DS_Maps/ds_map_empty.htm
Data_Structures.DS_Maps.ds_map_exists	ds_map_exists	function	ds_map_exists(id, key);	https://manual.gamemaker.io/monthly/en/GameMaker_Language/GML_Reference/Data_Structures/DS_Maps/ds_map_exists.htm
Data_Structures.DS_Maps.ds_map_find_first	ds_map_find_first	function	ds_map_find_first(id);	https://manual.gamemaker.io/monthly/en/GameMaker_Language/GML_Reference/Data_Structures/DS_Maps/ds_map_find_first.htm
Data_Structures.DS_Maps.ds_map_find_last	ds_map_find_last	function	ds_map_find_last(id);	https://manual.gamemaker.io/monthly/en/GameMaker_Language/GML_Reference/Data_Structures/DS_Maps/ds_map_find_last.htm
Data_Structures.DS_Maps.ds_map_find_next	ds_map_find_next	function	ds_map_find_next(id, key);	https://manual.gamemaker.io/monthly/en/GameMaker_Language/GML_Reference/Data_Structures/DS_Maps/ds_map_find_next.htm
Data_Structures.DS_Maps.ds_map_find_previous	ds_map_find_previous	function	ds_map_find_previous(id, key);	https://manual.gamemaker.io/monthly/en/GameMaker_Language/GML_Reference/Data_Structures/DS_Maps/ds_map_find_previous.htm
Data_Structures.DS_Maps.ds_map_find_value	ds_map_find_value	function	ds_map_find_value(id, key)	https://manual.gamemaker.io/monthly/en/GameMaker_Language/GML_Reference/Data_Structures/DS_Maps/ds_map_find_value.htm
Data_Structures.DS_Maps.ds_map_is_list	ds_map_is_list	function	ds_map_is_list(id, key)	https://manual.gamemaker.io/monthly/en/GameMaker_Language/GML_Reference/Data_Structures/DS_Maps/ds_map_is_list.htm
Data_Structures.DS_Maps.ds_map_is_map	ds_map_is_map	function	ds_map_is_map(id, key)	https://manual.gamemaker.io/monthly/en/GameMaker_Language/GML_Reference/Data_Structures/DS_Maps/ds_map_is_map.htm
Data_Structures.DS_Maps.ds_map_keys_to_array	ds_map_keys_to_array	function	ds_map_keys_to_array(id, [array])	https://manual.gamemaker.io/monthly/en/GameMaker_Language/GML_Reference/Data_Structures/DS_Maps/ds_map_keys_to_array.htm
Data_Structures.DS_Maps.ds_map_read	ds_map_read	function	ds_map_read(id, str, [legacy]);	https://manual.gamemaker.io/monthly/en/GameMaker_Language/GML_Reference/Data_Structures/DS_Maps/ds_map_read.htm
Data_Structures.DS_Maps.ds_map_replace	ds_map_replace	function	ds_map_replace( id, key, val );	https://manual.gamemaker.io/monthly/en/GameMaker_Language/GML_Reference/Data_Structures/DS_Maps/ds_map_replace.htm
Data_Structures.DS_Maps.ds_map_replace_list	ds_map_replace_list	function	ds_map_replace_list(id, key, value)	https://manual.gamemaker.io/monthly/en/GameMaker_Language/GML_Reference/Data_Structures/DS_Maps/ds_map_replace_list.htm
Data_Structures.DS_Maps.ds_map_replace_map	ds_map_replace_map	function	ds_map_replace_map(id, key, value)	https://manual.gamemaker.io/monthly/en/GameMaker_Language/GML_Reference/Data_Structures/DS_Maps/ds_map_replace_map.htm
Data_Structures.DS_Maps.ds_map_secure_load	ds_map_secure_load	function	ds_map_secure_load(filename);	https://manual.gamemaker.io/monthly/en/GameMaker_Language/GML_Reference/Data_Structures/DS_Maps/ds_map_secure_load.htm
Data_Structures.DS_Maps.ds_map_secure_load_buffer	ds_map_secure_load_buffer	function	ds_map_secure_load_buffer(buffer);	https://manual.gamemaker.io/monthly/en/GameMaker_Language/GML_Reference/Data_Structures/DS_Maps/ds_map_secure_load_buffer.htm
Data_Structures.DS_Maps.ds_map_secure_save	ds_map_secure_save	function	ds_map_secure_save(map, filename);	https://manual.gamemaker.io/monthly/en/GameMaker_Language/GML_Reference/Data_Structures/DS_Maps/ds_map_secure_save.htm
Data_Structures.DS_Maps.ds_map_secure_save_buffer	ds_map_secure_save_buffer	function	ds_map_secure_save_buffer(filename);	https://manual.gamemaker.io/monthly/en/GameMaker_Language/GML_Reference/Data_Structures/DS_Maps/ds_map_secure_save_buffer.htm
Data_Structures.DS_Maps.ds_map_set	ds_map_set	function	ds_map_set(id, key, value)	https://manual.gamemaker.io/monthly/en/GameMaker_Language/GML_Reference/Data_Structures/DS_Maps/ds_map_set.htm
Data_Structures.DS_Maps.ds_map_size	ds_map_size	function	ds_map_size(id);	https://manual.gamemaker.io/monthly/en/GameMaker_Language/GML_Reference/Data_Structures/DS_Maps/ds_map_size.htm
Data_Structures.DS_Maps.ds_map_values_to_array	ds_map_values_to_array	function	ds_map_values_to_array(id, [array])	https://manual.gamemaker.io/monthly/en/GameMaker_Language/GML_Reference/Data_Structures/DS_Maps/ds_map_values_to_array.htm
Data_Structures.DS_Maps.ds_map_write	ds_map_write	function	ds_map_write(id);	https://manual.gamemaker.io/monthly/en/GameMaker_Language/GML_Reference/Data_Structures/DS_Maps/ds_map_write.htm
Data_Structures.DS_Priority_Queues.ds_priority_add	ds_priority_add	function	ds_priority_add(id, val, priority);	https://manual.gamemaker.io/monthly/en/GameMaker_Language/GML_Reference/Data_Structures/DS_Priority_Queues/ds_priority_add.htm
Data_Structures.DS_Priority_Queues.ds_priority_change_priority	ds_priority_change_priority	function	ds_priority_change_priority(id, val, priority);	https://manual.gamemaker.io/monthly/en/GameMaker_Language/GML_Reference/Data_Structures/DS_Priority_Queues/ds_priority_change_priority.htm
Data_Structures.DS_Priority_Queues.ds_priority_clear	ds_priority_clear	function	ds_priority_clear(id);	https://manual.gamemaker.io/monthly/en/GameMaker_Language/GML_Reference/Data_Structures/DS_Priority_Queues/ds_priority_clear.htm
Data_Structures.DS_Priority_Queues.ds_priority_copy	ds_priority_copy	function	ds_priority_copy(id, source);	https://manual.gamemaker.io/monthly/en/GameMaker_Language/GML_Reference/Data_Structures/DS_Priority_Queues/ds_priority_copy.htm
Data_Structures.DS_Priority_Queues.ds_priority_create	ds_priority_create	function	ds_priority_create();	https://manual.gamemaker.io/monthly/en/GameMaker_Language/GML_Reference/Data_Structures/DS_Priority_Queues/ds_priority_create.htm
Data_Structures.DS_Priority_Queues.ds_priority_delete_max	ds_priority_delete_max	function	ds_priority_delete_max(id);	https://manual.gamemaker.io/monthly/en/GameMaker_Language/GML_Reference/Data_Structures/DS_Priority_Queues/ds_priority_delete_max.htm
Data_Structures.DS_Priority_Queues.ds_priority_delete_min	ds_priority_delete_min	function	ds_priority_delete_min(id);	https://manual.gamemaker.io/monthly/en/GameMaker_Language/GML_Reference/Data_Structures/DS_Priority_Queues/ds_priority_delete_min.htm
Data_Structures.DS_Priority_Queues.ds_priority_delete_value	ds_priority_delete_value	function	ds_priority_delete_value(id,val);	https://manual.gamemaker.io/monthly/en/GameMaker_Language/GML_Reference/Data_Structures/DS_Priority_Queues/ds_priority_delete_value.htm
Data_Structures.DS_Priority_Queues.ds_priority_destroy	ds_priority_destroy	function	ds_priority_destroy(id);	https://manual.gamemaker.io/monthly/en/GameMaker_Language/GML_Reference/Data_Structures/DS_Priority_Queues/ds_priority_destroy.htm
Data_Structures.DS_Priority_Queues.ds_priority_empty	ds_priority_empty	function	ds_priority_empty(id);	https://manual.gamemaker.io/monthly/en/GameMaker_Language/GML_Reference/Data_Structures/DS_Priority_Queues/ds_priority_empty.htm
Data_Structures.DS_Priority_Queues.ds_priority_find_max	ds_priority_find_max	function	ds_priority_find_max(id);	https://manual.gamemaker.io/monthly/en/GameMaker_Language/GML_Reference/Data_Structures/DS_Priority_Queues/ds_priority_find_max.htm
Data_Structures.DS_Priority_Queues.ds_priority_find_min	ds_priority_find_min	function	ds_priority_find_min(id);	https://manual.gamemaker.io/monthly/en/GameMaker_Language/GML_Reference/Data_Structures/DS_Priority_Queues/ds_priority_find_min.htm
Data_Structures.DS_Priority_Queues.ds_priority_find_priority	ds_priority_find_priority	function	ds_priority_find_priority(id, val);	https://manual.gamemaker.io/monthly/en/GameMaker_Language/GML_Reference/Data_Structures/DS_Priority_Queues/ds_priority_find_priority.htm
Data_Structures.DS_Priority_Queues.ds_priority_read	ds_priority_read	function	ds_priority_read(id, str, [legacy]);	https://manual.gamemaker.io/monthly/en/GameMaker_Language/GML_Reference/Data_Structures/DS_Priority_Queues/ds_priority_read.htm
Data_Structures.DS_Priority_Queues.ds_priority_size	ds_priority_size	function	ds_priority_size(id);	https://manual.gamemaker.io/monthly/en/GameMaker_Language/GML_Reference/Data_Structures/DS_Priority_Queues/ds_priority_size.htm
Data_Structures.DS_Priority_Queues.ds_priority_write	ds_priority_write	function	ds_priority_write(id);	https://manual.gamemaker.io/monthly/en/GameMaker_Language/GML_Reference/Data_Structures/DS_Priority_Queues/ds_priority_write.htm
Data_Structures.DS_Queues.ds_queue_clear	ds_queue_clear	function	ds_queue_clear(id);	https://manual.gamemaker.io/monthly/en/GameMaker_Language/GML_Reference/Data_Structures/DS_Queues/ds_queue_clear.htm
Data_Structures.DS_Queues.ds_queue_copy	ds_queue_copy	function	ds_queue_copy(id, source);	https://manual.gamemaker.io/monthly/en/GameMaker_Language/GML_Reference/Data_Structures/DS_Queues/ds_queue_copy.htm
Data_Structures.DS_Queues.ds_queue_create	ds_queue_create	function	ds_queue_create();	https://manual.gamemaker.io/monthly/en/GameMaker_Language/GML_Reference/Data_Structures/DS_Queues/ds_queue_create.htm
Data_Structures.DS_Queues.ds_queue_dequeue	ds_queue_dequeue	function	ds_queue_dequeue(id);	https://manual.gamemaker.io/monthly/en/GameMaker_Language/GML_Reference/Data_Structures/DS_Queues/ds_queue_dequeue.htm
Data_Structures.DS_Queues.ds_queue_destroy	ds_queue_destroy	function	ds_queue_destroy(id);	https://manual.gamemaker.io/monthly/en/GameMaker_Language/GML_Reference/Data_Structures/DS_Queues/ds_queue_destroy.htm
Data_Structures.DS_Queues.ds_queue_empty	ds_queue_empty	function	ds_queue_empty(id);	https://manual.gamemaker.io/monthly/en/GameMaker_Language/GML_Reference/Data_Structures/DS_Queues/ds_queue_empty.htm
Data_Structures.DS_Queues.ds_queue_enqueue	ds_queue_enqueue	function	ds_queue_enqueue(id, val [, val2, ... val15]);	https://manual.gamemaker.io/monthly/en/GameMaker_Language/GML_Reference/Data_Structures/DS_Queues/ds_queue_enqueue.htm
Data_Structures.DS_Queues.ds_queue_head	ds_queue_head	function	ds_queue_head(id);	https://manual.gamemaker.io/monthly/en/GameMaker_Language/GML_Reference/Data_Structures/DS_Queues/ds_queue_head.htm
Data_Structures.DS_Queues.ds_queue_read	ds_queue_read	function	ds_queue_read(id, str [, legacy]);	https://manual.gamemaker.io/monthly/en/GameMaker_Language/GML_Reference/Data_Structures/DS_Queues/ds_queue_read.htm
Data_Structures.DS_Queues.ds_queue_size	ds_queue_size	function	ds_queue_size(id);	https://manual.gamemaker.io/monthly/en/GameMaker_Language/GML_Reference/Data_Structures/DS_Queues/ds_queue_size.htm
Data_Structures.DS_Queues.ds_queue_tail	ds_queue_tail	function	ds_queue_tail(id);	https://manual.gamemaker.io/monthly/en/GameMaker_Language/GML_Reference/Data_Structures/DS_Queues/ds_queue_tail.htm
Data_Structures.DS_Queues.ds_queue_write	ds_queue_write	function	ds_queue_write(id);	https://manual.gamemaker.io/monthly/en/GameMaker_Language/GML_Reference/Data_Structures/DS_Queues/ds_queue_write.htm
Data_Structures.DS_Stacks.ds_stack_clear	ds_stack_clear	function	ds_stack_clear(id);	https://manual.gamemaker.io/monthly/en/GameMaker_Language/GML_Reference/Data_Structures/DS_Stacks/ds_stack_clear.htm
Data_Structures.DS_Stacks.ds_stack_copy	ds_stack_copy	function	ds_stack_copy(id, source);	https://manual.gamemaker.io/monthly/en/GameMaker_Language/GML_Reference/Data_Structures/DS_Stacks/ds_stack_copy.htm
Data_Structures.DS_Stacks.ds_stack_create	ds_stack_create	function	ds_stack_create();	https://manual.gamemaker.io/monthly/en/GameMaker_Language/GML_Reference/Data_Structures/DS_Stacks/ds_stack_create.htm
Data_Structures.DS_Stacks.ds_stack_destroy	ds_stack_destroy	function	ds_stack_destroy(id);	https://manual.gamemaker.io/monthly/en/GameMaker_Language/GML_Reference/Data_Structures/DS_Stacks/ds_stack_destroy.htm
Data_Structures.DS_Stacks.ds_stack_empty	ds_stack_empty	function	ds_stack_empty(id);	https://manual.gamemaker.io/monthly/en/GameMaker_Language/GML_Reference/Data_Structures/DS_Stacks/ds_stack_empty.htm
Data_Structures.DS_Stacks.ds_stack_pop	ds_stack_pop	function	ds_stack_pop(id);	https://manual.gamemaker.io/monthly/en/GameMaker_Language/GML_Reference/Data_Structures/DS_Stacks/ds_stack_pop.htm
Data_Structures.DS_Stacks.ds_stack_push	ds_stack_push	function	ds_stack_push(id, val [, val2, ...]);	https://manual.gamemaker.io/monthly/en/GameMaker_Language/GML_Reference/Data_Structures/DS_Stacks/ds_stack_push.htm
Data_Structures.DS_Stacks.ds_stack_read	ds_stack_read	function	ds_stack_read(id, str [, legacy]);	https://manual.gamemaker.io/monthly/en/GameMaker_Language/GML_Reference/Data_Structures/DS_Stacks/ds_stack_read.htm
Data_Structures.DS_Stacks.ds_stack_size	ds_stack_size	function	ds_stack_size(id);	https://manual.gamemaker.io/monthly/en/GameMaker_Language/GML_Reference/Data_Structures/DS_Stacks/ds_stack_size.htm
Data_Structures.DS_Stacks.ds_stack_top	ds_stack_top	function	ds_stack_top(id);	https://manual.gamemaker.io/monthly/en/GameMaker_Language/GML_Reference/Data_Structures/DS_Stacks/ds_stack_top.htm
Data_Structures.DS_Stacks.ds_stack_write	ds_stack_write	function	ds_stack_write(id);	https://manual.gamemaker.io/monthly/en/GameMaker_Language/GML_Reference/Data_Structures/DS_Stacks/ds_stack_write.htm
Data_Structures.ds_exists	ds_exists	function	ds_exists(ind, type)	https://manual.gamemaker.io/monthly/en/GameMaker_Language/GML_Reference/Data_Structures/ds_exists.htm
Data_Structures.ds_set_precision	ds_set_precision	function	ds_set_precision(prec);	https://manual.gamemaker.io/monthly/en/GameMaker_Language/GML_Reference/Data_Structures/ds_set_precision.htm
Data_Structures.ds_type_grid	ds_type_grid	constant	ds_type_grid	https://manual.gamemaker.io/monthly/en/GameMaker_Language/GML_Reference/Data_Structures/ds_exists.htm
Data_Structures.ds_type_list	ds_type_list	constant	ds_type_list	https://manual.gamemaker.io/monthly/en/GameMaker_Language/GML_Reference/Data_Structures/ds_exists.htm
Data_Structures.ds_type_map	ds_type_map	constant	ds_type_map	https://manual.gamemaker.io/monthly/en/GameMaker_Language/GML_Reference/Data_Structures/ds_exists.htm
Data_Structures.ds_type_priority	ds_type_priority	constant	ds_type_priority	https://manual.gamemaker.io/monthly/en/GameMaker_Language/GML_Reference/Data_Structures/ds_exists.htm
Data_Structures.ds_type_queue	ds_type_queue	constant	ds_type_queue	https://manual.gamemaker.io/monthly/en/GameMaker_Language/GML_Reference/Data_Structures/ds_exists.htm
Data_Structures.ds_type_stack	ds_type_stack	constant	ds_type_stack	https://manual.gamemaker.io/monthly/en/GameMaker_Language/GML_Reference/Data_Structures/ds_exists.htm
Debugging.code_is_compiled	code_is_compiled	function	code_is_compiled();	https://manual.gamemaker.io/monthly/en/GameMaker_Language/GML_Reference/Debugging/code_is_compiled.htm
Debugging.dbg_add_font_glyphs	dbg_add_font_glyphs	function	dbg_add_font_glyphs(filename, [size], [font_range]);	https://manual.gamemaker.io/monthly/en/GameMaker_Language/GML_Reference/Debugging/dbg_add_font_glyphs.htm
Debugging.dbg_button	dbg_button	function	dbg_button(label, ref[, width, height]);	https://manual.gamemaker.io/monthly/en/GameMaker_Language/GML_Reference/Debugging/dbg_button.htm
Debugging.dbg_checkbox	dbg_checkbox	function	dbg_checkbox(ref_or_array, [label]);	https://manual.gamemaker.io/monthly/en/GameMaker_Language/GML_Reference/Debugging/dbg_checkbox.htm
Debugging.dbg_drop_down	dbg_drop_down	function	dbg_drop_down(ref_or_array, specifier[, label]);	https://manual.gamemaker.io/monthly/en/GameMaker_Language/GML_Reference/Debugging/dbg_drop_down.htm
Debugging.dbg_same_line	dbg_same_line	function	dbg_same_line();	https://manual.gamemaker.io/monthly/en/GameMaker_Language/GML_Reference/Debugging/dbg_same_line.htm
Debugging.dbg_section	dbg_section	function	dbg_section(name [, open]);	https://manual.gamemaker.io/monthly/en/GameMaker_Language/GML_Reference/Debugging/dbg_section.htm
Debugging.dbg_section_delete	dbg_section_delete	function	dbg_section_delete(section);	https://manual.gamemaker.io/monthly/en/GameMaker_Language/GML_Reference/Debugging/dbg_section_delete.htm
Debugging.dbg_section_exists	dbg_section_exists	function	dbg_section_exists(section)	https://manual.gamemaker.io/monthly/en/GameMaker_Language/GML_Reference/Debugging/dbg_section_exists.htm
Debugging.dbg_slider	dbg_slider	function	dbg_slider(ref_or_array, [minimum, maximum, label, step]);	https://manual.gamemaker.io/monthly/en/GameMaker_Language/GML_Reference/Debugging/dbg_slider.htm
Debugging.dbg_slider_int	dbg_slider_int	function	dbg_slider_int(ref_or_array, [minimum, maximum, label, step]);	https://manual.gamemaker.io/monthly/en/GameMaker_Language/GML_Reference/Debugging/dbg_slider_int.htm
Debugging.dbg_sprite	dbg_sprite	function	dbg_sprite(sprite_ref_or_array, image_index_ref_or_array, [label, width, height]);	https://manual.gamemaker.io/monthly/en/GameMaker_Language/GML_Reference/Debugging/dbg_sprite.htm
Debugging.dbg_sprite_button	dbg_sprite_button	function	dbg_sprite_button(ref, ref_sprite, ref_sprite_index[, width, height, xoffset, yoffset, width_sprite, height_sprite]);	https://manual.gamemaker.io/monthly/en/GameMaker_Language/GML_Reference/Debugging/dbg_sprite_button.htm
Debugging.dbg_text	dbg_text	function	dbg_text(ref_or_string_or_array);	https://manual.gamemaker.io/monthly/en/GameMaker_Language/GML_Reference/Debugging/dbg_text.htm
Debugging.dbg_text_input	dbg_text_input	function	dbg_text_input(ref_or_array, [label, type]);	https://manual.gamemaker.io/monthly/en/GameMaker_Language/GML_Reference/Debugging/dbg_text_input.htm
Debugging.dbg_view	dbg_view	function	dbg_view(name, visible[, x, y, width, height]);	https://manual.gamemaker.io/monthly/en/GameMaker_Language/GML_Reference/Debugging/dbg_view.htm
Debugging.dbg_view_delete	dbg_view_delete	function	dbg_view_delete(view);	https://manual.gamemaker.io/monthly/en/GameMaker_Language/GML_Reference/Debugging/dbg_view_delete.htm
Debugging.dbg_view_exists	dbg_view_exists	function	dbg_view_exists(view)	https://manual.gamemaker.io/monthly/en/GameMaker_Language/GML_Reference/Debugging/dbg_view_exists.htm
Debugging.dbg_watch	dbg_watch	function	dbg_watch(ref_or_array, [label]);	https://manual.gamemaker.io/monthly/en/GameMaker_Language/GML_Reference/Debugging/dbg_watch.htm
Debugging.debug_event	debug_event	function	debug_event(string, [silent]);	https://manual.gamemaker.io/monthly/en/GameMaker_Language/GML_Reference/Debugging/debug_event.htm
Debugging.debug_get_callstack	debug_get_callstack	function	debug_get_callstack([maxdepth])	https://manual.gamemaker.io/monthly/en/GameMaker_Language/GML_Reference/Debugging/debug_get_callstack.htm
Debugging.debug_mode	debug_mode	variable	debug_mode	https://manual.gamemaker.io/monthly/en/GameMaker_Language/GML_Reference/Debugging/debug_mode.htm
Debugging.exception_unhandled_handler	exception_unhandled_handler	function	exception_unhandled_handler(user_handler);	https://manual.gamemaker.io/monthly/en/GameMaker_Language/GML_Reference/Debugging/exception_unhandled_handler.htm
Debugging.fps	fps	variable	fps	https://manual.gamemaker.io/monthly/en/GameMaker_Language/GML_Reference/Debugging/fps.htm
Debugging.fps_real	fps_real	variable	fps_real	https://manual.gamemaker.io/monthly/en/GameMaker_Language/GML_Reference/Debugging/fps_real.htm
Debugging.get_integer	get_integer	function	get_integer(str, def);	https://manual.gamemaker.io/monthly/en/GameMaker_Language/GML_Reference/Debugging/get_integer.htm
Debugging.get_string	get_string	function	get_string(str, def);	https://manual.gamemaker.io/monthly/en/GameMaker_Language/GML_Reference/Debugging/get_string.htm
Debugging.is_debug_overlay_open	is_debug_overlay_open	function	is_debug_overlay_open();	https://manual.gamemaker.io/monthly/en/GameMaker_Language/GML_Reference/Debugging/is_debug_overlay_open.htm
Debugging.is_keyboard_used_debug_overlay	is_keyboard_used_debug_overlay	function	is_keyboard_used_debug_overlay();	https://manual.gamemaker.io/monthly/en/GameMaker_Language/GML_Reference/Debugging/is_keyboard_used_debug_overlay.htm
Debugging.is_mouse_over_debug_overlay	is_mouse_over_debug_overlay	function	is_mouse_over_debug_overlay();	https://manual.gamemaker.io/monthly/en/GameMaker_Language/GML_Reference/Debugging/is_mouse_over_debug_overlay.htm
Debugging.show_debug_log	show_debug_log	function	show_debug_log(enable);	https://manual.gamemaker.io/monthly/en/GameMaker_Language/GML_Reference/Debugging/show_debug_log.htm
Debugging.show_debug_message	show_debug_message	function	show_debug_message(value_or_format [, value1, value2, ... max_val]);	https://manual.gamemaker.io/monthly/en/GameMaker_Language/GML_Reference/Debugging/show_debug_message.htm
Debugging.show_debug_overlay	show_debug_overlay	function	show_debug_overlay(enable[, minimised, scale, alpha]);	https://manual.gamemaker.io/monthly/en/GameMaker_Language/GML_Reference/Debugging/show_debug_overlay.htm
Debugging.show_error	show_error	function	show_error(str, abort);	https://manual.gamemaker.io/monthly/en/GameMaker_Language/GML_Reference/Debugging/show_error.htm
Debugging.show_message	show_message	function	show_message(str);	https://manual.gamemaker.io/monthly/en/GameMaker_Language/GML_Reference/Debugging/show_message.htm
Debugging.show_question	show_question	function	show_question(str);	https://manual.gamemaker.io/monthly/en/GameMaker_Language/GML_Reference/Debugging/show_question.htm
Drawing.Basic_Forms.draw_arrow	draw_arrow	function	draw_arrow(x1, y1, x2, y2, size);	https://manual.gamemaker.io/monthly/en/GameMaker_Language/GML_Reference/Drawing/Basic_Forms/draw_arrow.htm
Drawing.Basic_Forms.draw_button	draw_button	function	draw_button(x1, y1, x2, y2, up);	https://manual.gamemaker.io/monthly/en/GameMaker_Language/GML_Reference/Drawing/Basic_Forms/draw_button.htm
Drawing.Basic_Forms.draw_circle	draw_circle	function	draw_circle(x, y, r, outline);	https://manual.gamemaker.io/monthly/en/GameMaker_Language/GML_Reference/Drawing/Basic_Forms/draw_circle.htm
Drawing.Basic_Forms.draw_circle_color	draw_circle_color	unknown	undefined	https://manual.gamemaker.io/monthly/en/GameMaker_Language/GML_Reference/Drawing/Basic_Forms/draw_circle_colour.htm
Drawing.Basic_Forms.draw_circle_colour	draw_circle_colour	function	draw_circle_colour(x, y, r, col1, col2, outline);	https://manual.gamemaker.io/monthly/en/GameMaker_Language/GML_Reference/Drawing/Basic_Forms/draw_circle_colour.htm
Drawing.Basic_Forms.draw_ellipse	draw_ellipse	function	draw_ellipse(x1, y1, x2, y2, outline);	https://manual.gamemaker.io/monthly/en/GameMaker_Language/GML_Reference/Drawing/Basic_Forms/draw_ellipse.htm
Drawing.Basic_Forms.draw_ellipse_color	draw_ellipse_color	unknown	undefined	https://manual.gamemaker.io/monthly/en/GameMaker_Language/GML_Reference/Drawing/Basic_Forms/draw_ellipse_colour.htm
Drawing.Basic_Forms.draw_ellipse_colour	draw_ellipse_colour	function	draw_ellipse_colour(x1, y1, x2, y2, col1, col2, outline);	https://manual.gamemaker.io/monthly/en/GameMaker_Language/GML_Reference/Drawing/Basic_Forms/draw_ellipse_colour.htm
Drawing.Basic_Forms.draw_healthbar	draw_healthbar	function	draw_healthbar(x1, y1, x2, y2, amount, backcol, mincol, maxcol, direction, showback, showborder);	https://manual.gamemaker.io/monthly/en/GameMaker_Language/GML_Reference/Drawing/Basic_Forms/draw_healthbar.htm
Drawing.Basic_Forms.draw_line	draw_line	function	draw_line(x1, y1, x2, y2);	https://manual.gamemaker.io/monthly/en/GameMaker_Language/GML_Reference/Drawing/Basic_Forms/draw_line.htm
Drawing.Basic_Forms.draw_line_color	draw_line_color	unknown	undefined	https://manual.gamemaker.io/monthly/en/GameMaker_Language/GML_Reference/Drawing/Basic_Forms/draw_line_colour.htm
Drawing.Basic_Forms.draw_line_colour	draw_line_colour	function	draw_line_colour(x1, y1, x2, y2, col1, col2);	https://manual.gamemaker.io/monthly/en/GameMaker_Language/GML_Reference/Drawing/Basic_Forms/draw_line_colour.htm
Drawing.Basic_Forms.draw_line_width	draw_line_width	function	draw_line_width(x1, y1, x2, y2, w);	https://manual.gamemaker.io/monthly/en/GameMaker_Language/GML_Reference/Drawing/Basic_Forms/draw_line_width.htm
Drawing.Basic_Forms.draw_line_width_color	draw_line_width_color	unknown	undefined	https://manual.gamemaker.io/monthly/en/GameMaker_Language/GML_Reference/Drawing/Basic_Forms/draw_line_width_colour.htm
Drawing.Basic_Forms.draw_line_width_colour	draw_line_width_colour	function	draw_line_width_colour(x1, y1, x2, y2, w, col1, col2);	https://manual.gamemaker.io/monthly/en/GameMaker_Language/GML_Reference/Drawing/Basic_Forms/draw_line_width_colour.htm
Drawing.Basic_Forms.draw_path	draw_path	function	draw_path(path, x, y, absolute);	https://manual.gamemaker.io/monthly/en/GameMaker_Language/GML_Reference/Drawing/Basic_Forms/draw_path.htm
Drawing.Basic_Forms.draw_point	draw_point	function	draw_point(x, y);	https://manual.gamemaker.io/monthly/en/GameMaker_Language/GML_Reference/Drawing/Basic_Forms/draw_point.htm
Drawing.Basic_Forms.draw_point_color	draw_point_color	unknown	undefined	https://manual.gamemaker.io/monthly/en/GameMaker_Language/GML_Reference/Drawing/Basic_Forms/draw_point_colour.htm
Drawing.Basic_Forms.draw_point_colour	draw_point_colour	function	draw_point_colour(x, y, col1);	https://manual.gamemaker.io/monthly/en/GameMaker_Language/GML_Reference/Drawing/Basic_Forms/draw_point_colour.htm
Drawing.Basic_Forms.draw_rectangle	draw_rectangle	function	draw_rectangle(x1, y1, x2, y2, outline);	https://manual.gamemaker.io/monthly/en/GameMaker_Language/GML_Reference/Drawing/Basic_Forms/draw_rectangle.htm
Drawing.Basic_Forms.draw_rectangle_color	draw_rectangle_color	unknown	undefined	https://manual.gamemaker.io/monthly/en/GameMaker_Language/GML_Reference/Drawing/Basic_Forms/draw_rectangle_colour.htm
Drawing.Basic_Forms.draw_rectangle_colour	draw_rectangle_colour	function	draw_rectangle_colour(x1, y1, x2, y2, col1, col2, col3, col4, outline);	https://manual.gamemaker.io/monthly/en/GameMaker_Language/GML_Reference/Drawing/Basic_Forms/draw_rectangle_colour.htm
Drawing.Basic_Forms.draw_roundrect	draw_roundrect	function	draw_roundrect(x1, y1, x2, y2, outline);	https://manual.gamemaker.io/monthly/en/GameMaker_Language/GML_Reference/Drawing/Basic_Forms/draw_roundrect.htm
Drawing.Basic_Forms.draw_roundrect_color	draw_roundrect_color	unknown	undefined	https://manual.gamemaker.io/monthly/en/GameMaker_Language/GML_Reference/Drawing/Basic_Forms/draw_roundrect_colour.htm
Drawing.Basic_Forms.draw_roundrect_colour	draw_roundrect_colour	function	draw_roundrect_colour(x1, y1, x2, y2, col1, col2, outline);	https://manual.gamemaker.io/monthly/en/GameMaker_Language/GML_Reference/Drawing/Basic_Forms/draw_roundrect_colour.htm
Drawing.Basic_Forms.draw_roundrect_colour_ext	draw_roundrect_colour_ext	function	draw_roundrect_colour_ext(x1, y1, x2, y2, xrad, yrad, col1, col2, outline);	https://manual.gamemaker.io/monthly/en/GameMaker_Language/GML_Reference/Drawing/Basic_Forms/draw_roundrect_colour_ext.htm
Drawing.Basic_Forms.draw_roundrect_ext	draw_roundrect_ext	function	draw_roundrect_ext(x1, y1, x2, y2, xrad, yrad, outline);	https://manual.gamemaker.io/monthly/en/GameMaker_Language/GML_Reference/Drawing/Basic_Forms/draw_roundrect_ext.htm
Drawing.Basic_Forms.draw_set_circle_precision	draw_set_circle_precision	function	draw_set_circle_precision(precision);	https://manual.gamemaker.io/monthly/en/GameMaker_Language/GML_Reference/Drawing/Basic_Forms/draw_set_circle_precision.htm
Drawing.Basic_Forms.draw_triangle	draw_triangle	function	draw_triangle(x1, y1, x2, y2, x3, y3, outline);	https://manual.gamemaker.io/monthly/en/GameMaker_Language/GML_Reference/Drawing/Basic_Forms/draw_triangle.htm
Drawing.Basic_Forms.draw_triangle_color	draw_triangle_color	unknown	undefined	https://manual.gamemaker.io/monthly/en/GameMaker_Language/GML_Reference/Drawing/Basic_Forms/draw_triangle_colour.htm
Drawing.Basic_Forms.draw_triangle_colour	draw_triangle_colour	function	draw_triangle_colour(x1, y1, x2, y2, x3, y3, col1, col2, col3, outline);	https://manual.gamemaker.io/monthly/en/GameMaker_Language/GML_Reference/Drawing/Basic_Forms/draw_triangle_colour.htm
Drawing.Colour_And_Alpha.c_aqua	c_aqua	constant	c_aqua	https://manual.gamemaker.io/monthly/en/GameMaker_Language/GML_Reference/Drawing/Colour_And_Alpha/Colour_And_Alpha.htm
Drawing.Colour_And_Alpha.c_black	c_black	constant	c_black	https://manual.gamemaker.io/monthly/en/GameMaker_Language/GML_Reference/Drawing/Colour_And_Alpha/Colour_And_Alpha.htm
Drawing.Colour_And_Alpha.c_blue	c_blue	constant	c_blue	https://manual.gamemaker.io/monthly/en/GameMaker_Language/GML_Reference/Drawing/Colour_And_Alpha/Colour_And_Alpha.htm
Drawing.Colour_And_Alpha.c_dkgray	c_dkgray	constant	c_dkgray	https://manual.gamemaker.io/monthly/en/GameMaker_Language/GML_Reference/Drawing/Colour_And_Alpha/Colour_And_Alpha.htm
Drawing.Colour_And_Alpha.c_dkgrey	c_dkgrey	unknown	undefined	https://manual.gamemaker.io/monthly/en/GameMaker_Language/GML_Reference/Drawing/Colour_And_Alpha/Colour_And_Alpha.htm
Drawing.Colour_And_Alpha.c_fuchsia	c_fuchsia	constant	c_fuchsia	https://manual.gamemaker.io/monthly/en/GameMaker_Language/GML_Reference/Drawing/Colour_And_Alpha/Colour_And_Alpha.htm
Drawing.Colour_And_Alpha.c_gray	c_gray	constant	c_gray	https://manual.gamemaker.io/monthly/en/GameMaker_Language/GML_Reference/Drawing/Colour_And_Alpha/Colour_And_Alpha.htm
Drawing.Colour_And_Alpha.c_green	c_green	constant	c_green	https://manual.gamemaker.io/monthly/en/GameMaker_Language/GML_Reference/Drawing/Colour_And_Alpha/Colour_And_Alpha.htm
Drawing.Colour_And_Alpha.c_grey	c_grey	unknown	undefined	https://manual.gamemaker.io/monthly/en/GameMaker_Language/GML_Reference/Drawing/Colour_And_Alpha/Colour_And_Alpha.htm
Drawing.Colour_And_Alpha.c_lime	c_lime	constant	c_lime	https://manual.gamemaker.io/monthly/en/GameMaker_Language/GML_Reference/Drawing/Colour_And_Alpha/Colour_And_Alpha.htm
Drawing.Colour_And_Alpha.c_ltgray	c_ltgray	constant	c_ltgray	https://manual.gamemaker.io/monthly/en/GameMaker_Language/GML_Reference/Drawing/Colour_And_Alpha/Colour_And_Alpha.htm
Drawing.Colour_And_Alpha.c_ltgrey	c_ltgrey	unknown	undefined	https://manual.gamemaker.io/monthly/en/GameMaker_Language/GML_Reference/Drawing/Colour_And_Alpha/Colour_And_Alpha.htm
Drawing.Colour_And_Alpha.c_maroon	c_maroon	constant	c_maroon	https://manual.gamemaker.io/monthly/en/GameMaker_Language/GML_Reference/Drawing/Colour_And_Alpha/Colour_And_Alpha.htm
Drawing.Colour_And_Alpha.c_navy	c_navy	constant	c_navy	https://manual.gamemaker.io/monthly/en/GameMaker_Language/GML_Reference/Drawing/Colour_And_Alpha/Colour_And_Alpha.htm
Drawing.Colour_And_Alpha.c_olive	c_olive	constant	c_olive	https://manual.gamemaker.io/monthly/en/GameMaker_Language/GML_Reference/Drawing/Colour_And_Alpha/Colour_And_Alpha.htm
Drawing.Colour_And_Alpha.c_orange	c_orange	constant	c_orange	https://manual.gamemaker.io/monthly/en/GameMaker_Language/GML_Reference/Drawing/Colour_And_Alpha/Colour_And_Alpha.htm
Drawing.Colour_And_Alpha.c_purple	c_purple	constant	c_purple	https://manual.gamemaker.io/monthly/en/GameMaker_Language/GML_Reference/Drawing/Colour_And_Alpha/Colour_And_Alpha.htm
Drawing.Colour_And_Alpha.c_red	c_red	constant	c_red	https://manual.gamemaker.io/monthly/en/GameMaker_Language/GML_Reference/Drawing/Colour_And_Alpha/Colour_And_Alpha.htm
Drawing.Colour_And_Alpha.c_silver	c_silver	constant	c_silver	https://manual.gamemaker.io/monthly/en/GameMaker_Language/GML_Reference/Drawing/Colour_And_Alpha/Colour_And_Alpha.htm
Drawing.Colour_And_Alpha.c_teal	c_teal	constant	c_teal	https://manual.gamemaker.io/monthly/en/GameMaker_Language/GML_Reference/Drawing/Colour_And_Alpha/Colour_And_Alpha.htm
Drawing.Colour_And_Alpha.c_white	c_white	constant	c_white	https://manual.gamemaker.io/monthly/en/GameMaker_Language/GML_Reference/Drawing/Colour_And_Alpha/Colour_And_Alpha.htm
Drawing.Colour_And_Alpha.c_yellow	c_yellow	constant	c_yellow	https://manual.gamemaker.io/monthly/en/GameMaker_Language/GML_Reference/Drawing/Colour_And_Alpha/Colour_And_Alpha.htm
Drawing.Colour_And_Alpha.color_get_blue	color_get_blue	unknown	undefined	https://manual.gamemaker.io/monthly/en/GameMaker_Language/GML_Reference/Drawing/Colour_And_Alpha/colour_get_blue.htm
Drawing.Colour_And_Alpha.color_get_green	color_get_green	unknown	undefined	https://manual.gamemaker.io/monthly/en/GameMaker_Language/GML_Reference/Drawing/Colour_And_Alpha/colour_get_green.htm
Drawing.Colour_And_Alpha.color_get_hue	color_get_hue	unknown	undefined	https://manual.gamemaker.io/monthly/en/GameMaker_Language/GML_Reference/Drawing/Colour_And_Alpha/colour_get_hue.htm
Drawing.Colour_And_Alpha.color_get_red	color_get_red	unknown	undefined	https://manual.gamemaker.io/monthly/en/GameMaker_Language/GML_Reference/Drawing/Colour_And_Alpha/colour_get_red.htm
Drawing.Colour_And_Alpha.color_get_saturation	color_get_saturation	unknown	undefined	https://manual.gamemaker.io/monthly/en/GameMaker_Language/GML_Reference/Drawing/Colour_And_Alpha/colour_get_saturation.htm
Drawing.Colour_And_Alpha.color_get_value	color_get_value	unknown	undefined	https://manual.gamemaker.io/monthly/en/GameMaker_Language/GML_Reference/Drawing/Colour_And_Alpha/colour_get_value.htm
Drawing.Colour_And_Alpha.colour_get_blue	colour_get_blue	function	colour_get_blue(col);	https://manual.gamemaker.io/monthly/en/GameMaker_Language/GML_Reference/Drawing/Colour_And_Alpha/colour_get_blue.htm
Drawing.Colour_And_Alpha.colour_get_green	colour_get_green	function	colour_get_green(col);	https://manual.gamemaker.io/monthly/en/GameMaker_Language/GML_Reference/Drawing/Colour_And_Alpha/colour_get_green.htm
Drawing.Colour_And_Alpha.colour_get_hue	colour_get_hue	function	colour_get_hue(col);	https://manual.gamemaker.io/monthly/en/GameMaker_Language/GML_Reference/Drawing/Colour_And_Alpha/colour_get_hue.htm
Drawing.Colour_And_Alpha.colour_get_red	colour_get_red	function	colour_get_red(col);	https://manual.gamemaker.io/monthly/en/GameMaker_Language/GML_Reference/Drawing/Colour_And_Alpha/colour_get_red.htm
Drawing.Colour_And_Alpha.colour_get_saturation	colour_get_saturation	function	colour_get_saturation(col);	https://manual.gamemaker.io/monthly/en/GameMaker_Language/GML_Reference/Drawing/Colour_And_Alpha/colour_get_saturation.htm
Drawing.Colour_And_Alpha.colour_get_value	colour_get_value	function	colour_get_value(col);	https://manual.gamemaker.io/monthly/en/GameMaker_Language/GML_Reference/Drawing/Colour_And_Alpha/colour_get_value.htm
Drawing.Colour_And_Alpha.draw_clear	draw_clear	function	draw_clear(col);	https://manual.gamemaker.io/monthly/en/GameMaker_Language/GML_Reference/Drawing/Colour_And_Alpha/draw_clear.htm
Drawing.Colour_And_Alpha.draw_clear_alpha	draw_clear_alpha	function	draw_clear_alpha(col, alpha);	https://manual.gamemaker.io/monthly/en/GameMaker_Language/GML_Reference/Drawing/Colour_And_Alpha/draw_clear_alpha.htm
Drawing.Colour_And_Alpha.draw_get_alpha	draw_get_alpha	function	draw_get_alpha()	https://manual.gamemaker.io/monthly/en/GameMaker_Language/GML_Reference/Drawing/Colour_And_Alpha/draw_get_alpha.htm
Drawing.Colour_And_Alpha.draw_get_color	draw_get_color	unknown	undefined	https://manual.gamemaker.io/monthly/en/GameMaker_Language/GML_Reference/Drawing/Colour_And_Alpha/draw_get_colour.htm
Drawing.Colour_And_Alpha.draw_get_colour	draw_get_colour	function	draw_get_colour()	https://manual.gamemaker.io/monthly/en/GameMaker_Language/GML_Reference/Drawing/Colour_And_Alpha/draw_get_colour.htm
Drawing.Colour_And_Alpha.draw_getpixel	draw_getpixel	function	draw_getpixel(x, y);	https://manual.gamemaker.io/monthly/en/GameMaker_Language/GML_Reference/Drawing/Colour_And_Alpha/draw_getpixel.htm
Drawing.Colour_And_Alpha.draw_getpixel_ext	draw_getpixel_ext	function	draw_getpixel_ext(x, y);	https://manual.gamemaker.io/monthly/en/GameMaker_Language/GML_Reference/Drawing/Colour_And_Alpha/draw_getpixel_ext.htm
Drawing.Colour_And_Alpha.draw_set_alpha	draw_set_alpha	function	draw_set_alpha(alpha);	https://manual.gamemaker.io/monthly/en/GameMaker_Language/GML_Reference/Drawing/Colour_And_Alpha/draw_set_alpha.htm
Drawing.Colour_And_Alpha.draw_set_color	draw_set_color	unknown	undefined	https://manual.gamemaker.io/monthly/en/GameMaker_Language/GML_Reference/Drawing/Colour_And_Alpha/draw_set_colour.htm
Drawing.Colour_And_Alpha.draw_set_colour	draw_set_colour	function	draw_set_colour(col);	https://manual.gamemaker.io/monthly/en/GameMaker_Language/GML_Reference/Drawing/Colour_And_Alpha/draw_set_colour.htm
Drawing.Colour_And_Alpha.make_color_hsv	make_color_hsv	unknown	undefined	https://manual.gamemaker.io/monthly/en/GameMaker_Language/GML_Reference/Drawing/Colour_And_Alpha/make_colour_hsv.htm
Drawing.Colour_And_Alpha.make_color_rgb	make_color_rgb	unknown	undefined	https://manual.gamemaker.io/monthly/en/GameMaker_Language/GML_Reference/Drawing/Colour_And_Alpha/make_colour_rgb.htm
Drawing.Colour_And_Alpha.make_colour_hsv	make_colour_hsv	function	make_colour_hsv(hue, sat, val);	https://manual.gamemaker.io/monthly/en/GameMaker_Language/GML_Reference/Drawing/Colour_And_Alpha/make_colour_hsv.htm
Drawing.Colour_And_Alpha.make_colour_rgb	make_colour_rgb	function	make_colour_rgb(red, green, blue);	https://manual.gamemaker.io/monthly/en/GameMaker_Language/GML_Reference/Drawing/Colour_And_Alpha/make_colour_rgb.htm
Drawing.Colour_And_Alpha.merge_color	merge_color	unknown	undefined	https://manual.gamemaker.io/monthly/en/GameMaker_Language/GML_Reference/Drawing/Colour_And_Alpha/merge_colour.htm
Drawing.Colour_And_Alpha.merge_colour	merge_colour	function	merge_colour(col1, col2, amount);	https://manual.gamemaker.io/monthly/en/GameMaker_Language/GML_Reference/Drawing/Colour_And_Alpha/merge_colour.htm
Drawing.GPU_Control.bm_min	bm_min	constant	bm_min	https://manual.gamemaker.io/monthly/en/GameMaker_Language/GML_Reference/Drawing/GPU_Control/gpu_set_blendmode.htm
Drawing.GPU_Control.bm_reverse_subtract	bm_reverse_subtract	constant	bm_reverse_subtract	https://manual.gamemaker.io/monthly/en/GameMaker_Language/GML_Reference/Drawing/GPU_Control/gpu_set_blendmode.htm
Drawing.GPU_Control.gpu_get_alphatestenable	gpu_get_alphatestenable	function	gpu_get_alphatestenable();	https://manual.gamemaker.io/monthly/en/GameMaker_Language/GML_Reference/Drawing/GPU_Control/gpu_get_alphatestenable.htm
Drawing.GPU_Control.gpu_get_alphatestref	gpu_get_alphatestref	function	gpu_get_alphatestref();	https://manual.gamemaker.io/monthly/en/GameMaker_Language/GML_Reference/Drawing/GPU_Control/gpu_get_alphatestref.htm
Drawing.GPU_Control.gpu_get_blendenable	gpu_get_blendenable	function	gpu_get_blendenable();	https://manual.gamemaker.io/monthly/en/GameMaker_Language/GML_Reference/Drawing/GPU_Control/gpu_get_blendenable.htm
Drawing.GPU_Control.gpu_get_blendequation	gpu_get_blendequation	function	gpu_get_blendequation();	https://manual.gamemaker.io/monthly/en/GameMaker_Language/GML_Reference/Drawing/GPU_Control/gpu_get_blendequation.htm
Drawing.GPU_Control.gpu_get_blendmode	gpu_get_blendmode	function	gpu_get_blendmode();	https://manual.gamemaker.io/monthly/en/GameMaker_Language/GML_Reference/Drawing/GPU_Control/gpu_get_blendmode.htm
Drawing.GPU_Control.gpu_get_blendmode	gpu_get_blendmode	function	gpu_get_blendmode();	https://manual.gamemaker.io/monthly/en/GameMaker_Language/GML_Reference/Drawing/GPU_Control/gpu_get_blendmode.htm
Drawing.GPU_Control.gpu_get_blendmode	gpu_get_blendmode	function	gpu_get_blendmode();	https://manual.gamemaker.io/monthly/en/GameMaker_Language/GML_Reference/Drawing/GPU_Control/gpu_get_blendmode.htm
Drawing.GPU_Control.gpu_get_blendmode	gpu_get_blendmode	function	gpu_get_blendmode();	https://manual.gamemaker.io/monthly/en/GameMaker_Language/GML_Reference/Drawing/GPU_Control/gpu_get_blendmode.htm
Drawing.GPU_Control.gpu_get_blendmode	gpu_get_blendmode	function	gpu_get_blendmode();	https://manual.gamemaker.io/monthly/en/GameMaker_Language/GML_Reference/Drawing/GPU_Control/gpu_get_blendmode.htm
Drawing.GPU_Control.gpu_get_blendmode_dest	gpu_get_blendmode_dest	function	gpu_get_blendmode_dest();	https://manual.gamemaker.io/monthly/en/GameMaker_Language/GML_Reference/Drawing/GPU_Control/gpu_get_blendmode_dest.htm
Drawing.GPU_Control.gpu_get_blendmode_dest	gpu_get_blendmode_dest	function	gpu_get_blendmode_dest();	https://manual.gamemaker.io/monthly/en/GameMaker_Language/GML_Reference/Drawing/GPU_Control/gpu_get_blendmode_dest.htm
Drawing.GPU_Control.gpu_get_blendmode_dest	gpu_get_blendmode_dest	function	gpu_get_blendmode_dest();	https://manual.gamemaker.io/monthly/en/GameMaker_Language/GML_Reference/Drawing/GPU_Control/gpu_get_blendmode_dest.htm
Drawing.GPU_Control.gpu_get_blendmode_dest	gpu_get_blendmode_dest	function	gpu_get_blendmode_dest();	https://manual.gamemaker.io/monthly/en/GameMaker_Language/GML_Reference/Drawing/GPU_Control/gpu_get_blendmode_dest.htm
Drawing.GPU_Control.gpu_get_blendmode_dest	gpu_get_blendmode_dest	function	gpu_get_blendmode_dest();	https://manual.gamemaker.io/monthly/en/GameMaker_Language/GML_Reference/Drawing/GPU_Control/gpu_get_blendmode_dest.htm
Drawing.GPU_Control.gpu_get_blendmode_dest	gpu_get_blendmode_dest	function	gpu_get_blendmode_dest();	https://manual.gamemaker.io/monthly/en/GameMaker_Language/GML_Reference/Drawing/GPU_Control/gpu_get_blendmode_dest.htm
Drawing.GPU_Control.gpu_get_blendmode_dest	gpu_get_blendmode_dest	function	gpu_get_blendmode_dest();	https://manual.gamemaker.io/monthly/en/GameMaker_Language/GML_Reference/Drawing/GPU_Control/gpu_get_blendmode_dest.htm
Drawing.GPU_Control.gpu_get_blendmode_dest	gpu_get_blendmode_dest	function	gpu_get_blendmode_dest();	https://manual.gamemaker.io/monthly/en/GameMaker_Language/GML_Reference/Drawing/GPU_Control/gpu_get_blendmode_dest.htm
Drawing.GPU_Control.gpu_get_blendmode_dest	gpu_get_blendmode_dest	function	gpu_get_blendmode_dest();	https://manual.gamemaker.io/monthly/en/GameMaker_Language/GML_Reference/Drawing/GPU_Control/gpu_get_blendmode_dest.htm
Drawing.GPU_Control.gpu_get_blendmode_dest	gpu_get_blendmode_dest	function	gpu_get_blendmode_dest();	https://manual.gamemaker.io/monthly/en/GameMaker_Language/GML_Reference/Drawing/GPU_Control/gpu_get_blendmode_dest.htm
Drawing.GPU_Control.gpu_get_blendmode_dest	gpu_get_blendmode_dest	function	gpu_get_blendmode_dest();	https://manual.gamemaker.io/monthly/en/GameMaker_Language/GML_Reference/Drawing/GPU_Control/gpu_get_blendmode_dest.htm
Drawing.GPU_Control.gpu_get_blendmode_dest	gpu_get_blendmode_dest	function	gpu_get_blendmode_dest();	https://manual.gamemaker.io/monthly/en/GameMaker_Language/GML_Reference/Drawing/GPU_Control/gpu_get_blendmode_dest.htm
Drawing.GPU_Control.gpu_get_blendmode_dest	gpu_get_blendmode_dest	function	gpu_get_blendmode_dest();	https://manual.gamemaker.io/monthly/en/GameMaker_Language/GML_Reference/Drawing/GPU_Control/gpu_get_blendmode_dest.htm
Drawing.GPU_Control.gpu_get_blendmode_dest	gpu_get_blendmode_dest	function	gpu_get_blendmode_dest();	https://manual.gamemaker.io/monthly/en/GameMaker_Language/GML_Reference/Drawing/GPU_Control/gpu_get_blendmode_dest.htm
Drawing.GPU_Control.gpu_get_blendmode_dest	gpu_get_blendmode_dest	function	gpu_get_blendmode_dest();	https://manual.gamemaker.io/monthly/en/GameMaker_Language/GML_Reference/Drawing/GPU_Control/gpu_get_blendmode_dest.htm
Drawing.GPU_Control.gpu_get_blendmode_destalpha	gpu_get_blendmode_destalpha	function	gpu_get_blendmode_destalpha();	https://manual.gamemaker.io/monthly/en/GameMaker_Language/GML_Reference/Drawing/GPU_Control/gpu_get_blendmode_destalpha.htm
Drawing.GPU_Control.gpu_get_blendmode_destalpha	gpu_get_blendmode_destalpha	function	gpu_get_blendmode_destalpha();	https://manual.gamemaker.io/monthly/en/GameMaker_Language/GML_Reference/Drawing/GPU_Control/gpu_get_blendmode_destalpha.htm
Drawing.GPU_Control.gpu_get_blendmode_destalpha	gpu_get_blendmode_destalpha	function	gpu_get_blendmode_destalpha();	https://manual.gamemaker.io/monthly/en/GameMaker_Language/GML_Reference/Drawing/GPU_Control/gpu_get_blendmode_destalpha.htm
Drawing.GPU_Control.gpu_get_blendmode_destalpha	gpu_get_blendmode_destalpha	function	gpu_get_blendmode_destalpha();	https://manual.gamemaker.io/monthly/en/GameMaker_Language/GML_Reference/Drawing/GPU_Control/gpu_get_blendmode_destalpha.htm
Drawing.GPU_Control.gpu_get_blendmode_destalpha	gpu_get_blendmode_destalpha	function	gpu_get_blendmode_destalpha();	https://manual.gamemaker.io/monthly/en/GameMaker_Language/GML_Reference/Drawing/GPU_Control/gpu_get_blendmode_destalpha.htm
Drawing.GPU_Control.gpu_get_blendmode_destalpha	gpu_get_blendmode_destalpha	function	gpu_get_blendmode_destalpha();	https://manual.gamemaker.io/monthly/en/GameMaker_Language/GML_Reference/Drawing/GPU_Control/gpu_get_blendmode_destalpha.htm
Drawing.GPU_Control.gpu_get_blendmode_destalpha	gpu_get_blendmode_destalpha	function	gpu_get_blendmode_destalpha();	https://manual.gamemaker.io/monthly/en/GameMaker_Language/GML_Reference/Drawing/GPU_Control/gpu_get_blendmode_destalpha.htm
Drawing.GPU_Control.gpu_get_blendmode_destalpha	gpu_get_blendmode_destalpha	function	gpu_get_blendmode_destalpha();	https://manual.gamemaker.io/monthly/en/GameMaker_Language/GML_Reference/Drawing/GPU_Control/gpu_get_blendmode_destalpha.htm
Drawing.GPU_Control.gpu_get_blendmode_destalpha	gpu_get_blendmode_destalpha	function	gpu_get_blendmode_destalpha();	https://manual.gamemaker.io/monthly/en/GameMaker_Language/GML_Reference/Drawing/GPU_Control/gpu_get_blendmode_destalpha.htm
Drawing.GPU_Control.gpu_get_blendmode_destalpha	gpu_get_blendmode_destalpha	function	gpu_get_blendmode_destalpha();	https://manual.gamemaker.io/monthly/en/GameMaker_Language/GML_Reference/Drawing/GPU_Control/gpu_get_blendmode_destalpha.htm
Drawing.GPU_Control.gpu_get_blendmode_destalpha	gpu_get_blendmode_destalpha	function	gpu_get_blendmode_destalpha();	https://manual.gamemaker.io/monthly/en/GameMaker_Language/GML_Reference/Drawing/GPU_Control/gpu_get_blendmode_destalpha.htm
Drawing.GPU_Control.gpu_get_blendmode_destalpha	gpu_get_blendmode_destalpha	function	gpu_get_blendmode_destalpha();	https://manual.gamemaker.io/monthly/en/GameMaker_Language/GML_Reference/Drawing/GPU_Control/gpu_get_blendmode_destalpha.htm
Drawing.GPU_Control.gpu_get_blendmode_destalpha	gpu_get_blendmode_destalpha	function	gpu_get_blendmode_destalpha();	https://manual.gamemaker.io/monthly/en/GameMaker_Language/GML_Reference/Drawing/GPU_Control/gpu_get_blendmode_destalpha.htm
Drawing.GPU_Control.gpu_get_blendmode_destalpha	gpu_get_blendmode_destalpha	function	gpu_get_blendmode_destalpha();	https://manual.gamemaker.io/monthly/en/GameMaker_Language/GML_Reference/Drawing/GPU_Control/gpu_get_blendmode_destalpha.htm
Drawing.GPU_Control.gpu_get_blendmode_destalpha	gpu_get_blendmode_destalpha	function	gpu_get_blendmode_destalpha();	https://manual.gamemaker.io/monthly/en/GameMaker_Language/GML_Reference/Drawing/GPU_Control/gpu_get_blendmode_destalpha.htm
Drawing.GPU_Control.gpu_get_blendmode_ext	gpu_get_blendmode_ext	function	gpu_get_blendmode_ext();	https://manual.gamemaker.io/monthly/en/GameMaker_Language/GML_Reference/Drawing/GPU_Control/gpu_get_blendmode_ext.htm
Drawing.GPU_Control.gpu_get_blendmode_ext	gpu_get_blendmode_ext	function	gpu_get_blendmode_ext();	https://manual.gamemaker.io/monthly/en/GameMaker_Language/GML_Reference/Drawing/GPU_Control/gpu_get_blendmode_ext.htm
Drawing.GPU_Control.gpu_get_blendmode_ext	gpu_get_blendmode_ext	function	gpu_get_blendmode_ext();	https://manual.gamemaker.io/monthly/en/GameMaker_Language/GML_Reference/Drawing/GPU_Control/gpu_get_blendmode_ext.htm
Drawing.GPU_Control.gpu_get_blendmode_ext	gpu_get_blendmode_ext	function	gpu_get_blendmode_ext();	https://manual.gamemaker.io/monthly/en/GameMaker_Language/GML_Reference/Drawing/GPU_Control/gpu_get_blendmode_ext.htm
Drawing.GPU_Control.gpu_get_blendmode_ext	gpu_get_blendmode_ext	function	gpu_get_blendmode_ext();	https://manual.gamemaker.io/monthly/en/GameMaker_Language/GML_Reference/Drawing/GPU_Control/gpu_get_blendmode_ext.htm
Drawing.GPU_Control.gpu_get_blendmode_ext	gpu_get_blendmode_ext	function	gpu_get_blendmode_ext();	https://manual.gamemaker.io/monthly/en/GameMaker_Language/GML_Reference/Drawing/GPU_Control/gpu_get_blendmode_ext.htm
Drawing.GPU_Control.gpu_get_blendmode_ext	gpu_get_blendmode_ext	function	gpu_get_blendmode_ext();	https://manual.gamemaker.io/monthly/en/GameMaker_Language/GML_Reference/Drawing/GPU_Control/gpu_get_blendmode_ext.htm
Drawing.GPU_Control.gpu_get_blendmode_ext	gpu_get_blendmode_ext	function	gpu_get_blendmode_ext();	https://manual.gamemaker.io/monthly/en/GameMaker_Language/GML_Reference/Drawing/GPU_Control/gpu_get_blendmode_ext.htm
Drawing.GPU_Control.gpu_get_blendmode_ext	gpu_get_blendmode_ext	function	gpu_get_blendmode_ext();	https://manual.gamemaker.io/monthly/en/GameMaker_Language/GML_Reference/Drawing/GPU_Control/gpu_get_blendmode_ext.htm
Drawing.GPU_Control.gpu_get_blendmode_ext	gpu_get_blendmode_ext	function	gpu_get_blendmode_ext();	https://manual.gamemaker.io/monthly/en/GameMaker_Language/GML_Reference/Drawing/GPU_Control/gpu_get_blendmode_ext.htm
Drawing.GPU_Control.gpu_get_blendmode_ext	gpu_get_blendmode_ext	function	gpu_get_blendmode_ext();	https://manual.gamemaker.io/monthly/en/GameMaker_Language/GML_Reference/Drawing/GPU_Control/gpu_get_blendmode_ext.htm
Drawing.GPU_Control.gpu_get_blendmode_ext	gpu_get_blendmode_ext	function	gpu_get_blendmode_ext();	https://manual.gamemaker.io/monthly/en/GameMaker_Language/GML_Reference/Drawing/GPU_Control/gpu_get_blendmode_ext.htm
Drawing.GPU_Control.gpu_get_blendmode_ext	gpu_get_blendmode_ext	function	gpu_get_blendmode_ext();	https://manual.gamemaker.io/monthly/en/GameMaker_Language/GML_Reference/Drawing/GPU_Control/gpu_get_blendmode_ext.htm
Drawing.GPU_Control.gpu_get_blendmode_ext	gpu_get_blendmode_ext	function	gpu_get_blendmode_ext();	https://manual.gamemaker.io/monthly/en/GameMaker_Language/GML_Reference/Drawing/GPU_Control/gpu_get_blendmode_ext.htm
Drawing.GPU_Control.gpu_get_blendmode_ext	gpu_get_blendmode_ext	function	gpu_get_blendmode_ext();	https://manual.gamemaker.io/monthly/en/GameMaker_Language/GML_Reference/Drawing/GPU_Control/gpu_get_blendmode_ext.htm
Drawing.GPU_Control.gpu_get_blendmode_ext_sepalpha	gpu_get_blendmode_ext_sepalpha	function	gpu_get_blendmode_ext_sepalpha();	https://manual.gamemaker.io/monthly/en/GameMaker_Language/GML_Reference/Drawing/GPU_Control/gpu_get_blendmode_ext_sepalpha.htm
Drawing.GPU_Control.gpu_get_blendmode_ext_sepalpha	gpu_get_blendmode_ext_sepalpha	function	gpu_get_blendmode_ext_sepalpha();	https://manual.gamemaker.io/monthly/en/GameMaker_Language/GML_Reference/Drawing/GPU_Control/gpu_get_blendmode_ext_sepalpha.htm
Drawing.GPU_Control.gpu_get_blendmode_ext_sepalpha	gpu_get_blendmode_ext_sepalpha	function	gpu_get_blendmode_ext_sepalpha();	https://manual.gamemaker.io/monthly/en/GameMaker_Language/GML_Reference/Drawing/GPU_Control/gpu_get_blendmode_ext_sepalpha.htm
Drawing.GPU_Control.gpu_get_blendmode_ext_sepalpha	gpu_get_blendmode_ext_sepalpha	function	gpu_get_blendmode_ext_sepalpha();	https://manual.gamemaker.io/monthly/en/GameMaker_Language/GML_Reference/Drawing/GPU_Control/gpu_get_blendmode_ext_sepalpha.htm
Drawing.GPU_Control.gpu_get_blendmode_ext_sepalpha	gpu_get_blendmode_ext_sepalpha	function	gpu_get_blendmode_ext_sepalpha();	https://manual.gamemaker.io/monthly/en/GameMaker_Language/GML_Reference/Drawing/GPU_Control/gpu_get_blendmode_ext_sepalpha.htm
Drawing.GPU_Control.gpu_get_blendmode_ext_sepalpha	gpu_get_blendmode_ext_sepalpha	function	gpu_get_blendmode_ext_sepalpha();	https://manual.gamemaker.io/monthly/en/GameMaker_Language/GML_Reference/Drawing/GPU_Control/gpu_get_blendmode_ext_sepalpha.htm
Drawing.GPU_Control.gpu_get_blendmode_ext_sepalpha	gpu_get_blendmode_ext_sepalpha	function	gpu_get_blendmode_ext_sepalpha();	https://manual.gamemaker.io/monthly/en/GameMaker_Language/GML_Reference/Drawing/GPU_Control/gpu_get_blendmode_ext_sepalpha.htm
Drawing.GPU_Control.gpu_get_blendmode_ext_sepalpha	gpu_get_blendmode_ext_sepalpha	function	gpu_get_blendmode_ext_sepalpha();	https://manual.gamemaker.io/monthly/en/GameMaker_Language/GML_Reference/Drawing/GPU_Control/gpu_get_blendmode_ext_sepalpha.htm
Drawing.GPU_Control.gpu_get_blendmode_ext_sepalpha	gpu_get_blendmode_ext_sepalpha	function	gpu_get_blendmode_ext_sepalpha();	https://manual.gamemaker.io/monthly/en/GameMaker_Language/GML_Reference/Drawing/GPU_Control/gpu_get_blendmode_ext_sepalpha.htm
Drawing.GPU_Control.gpu_get_blendmode_ext_sepalpha	gpu_get_blendmode_ext_sepalpha	function	gpu_get_blendmode_ext_sepalpha();	https://manual.gamemaker.io/monthly/en/GameMaker_Language/GML_Reference/Drawing/GPU_Control/gpu_get_blendmode_ext_sepalpha.htm
Drawing.GPU_Control.gpu_get_blendmode_ext_sepalpha	gpu_get_blendmode_ext_sepalpha	function	gpu_get_blendmode_ext_sepalpha();	https://manual.gamemaker.io/monthly/en/GameMaker_Language/GML_Reference/Drawing/GPU_Control/gpu_get_blendmode_ext_sepalpha.htm
Drawing.GPU_Control.gpu_get_blendmode_ext_sepalpha	gpu_get_blendmode_ext_sepalpha	function	gpu_get_blendmode_ext_sepalpha();	https://manual.gamemaker.io/monthly/en/GameMaker_Language/GML_Reference/Drawing/GPU_Control/gpu_get_blendmode_ext_sepalpha.htm
Drawing.GPU_Control.gpu_get_blendmode_ext_sepalpha	gpu_get_blendmode_ext_sepalpha	function	gpu_get_blendmode_ext_sepalpha();	https://manual.gamemaker.io/monthly/en/GameMaker_Language/GML_Reference/Drawing/GPU_Control/gpu_get_blendmode_ext_sepalpha.htm
Drawing.GPU_Control.gpu_get_blendmode_ext_sepalpha	gpu_get_blendmode_ext_sepalpha	function	gpu_get_blendmode_ext_sepalpha();	https://manual.gamemaker.io/monthly/en/GameMaker_Language/GML_Reference/Drawing/GPU_Control/gpu_get_blendmode_ext_sepalpha.htm
Drawing.GPU_Control.gpu_get_blendmode_ext_sepalpha	gpu_get_blendmode_ext_sepalpha	function	gpu_get_blendmode_ext_sepalpha();	https://manual.gamemaker.io/monthly/en/GameMaker_Language/GML_Reference/Drawing/GPU_Control/gpu_get_blendmode_ext_sepalpha.htm
Drawing.GPU_Control.gpu_get_blendmode_src	gpu_get_blendmode_src	function	gpu_get_blendmode_src();	https://manual.gamemaker.io/monthly/en/GameMaker_Language/GML_Reference/Drawing/GPU_Control/gpu_get_blendmode_src.htm
Drawing.GPU_Control.gpu_get_blendmode_src	gpu_get_blendmode_src	function	gpu_get_blendmode_src();	https://manual.gamemaker.io/monthly/en/GameMaker_Language/GML_Reference/Drawing/GPU_Control/gpu_get_blendmode_src.htm
Drawing.GPU_Control.gpu_get_blendmode_src	gpu_get_blendmode_src	function	gpu_get_blendmode_src();	https://manual.gamemaker.io/monthly/en/GameMaker_Language/GML_Reference/Drawing/GPU_Control/gpu_get_blendmode_src.htm
Drawing.GPU_Control.gpu_get_blendmode_src	gpu_get_blendmode_src	function	gpu_get_blendmode_src();	https://manual.gamemaker.io/monthly/en/GameMaker_Language/GML_Reference/Drawing/GPU_Control/gpu_get_blendmode_src.htm
Drawing.GPU_Control.gpu_get_blendmode_src	gpu_get_blendmode_src	function	gpu_get_blendmode_src();	https://manual.gamemaker.io/monthly/en/GameMaker_Language/GML_Reference/Drawing/GPU_Control/gpu_get_blendmode_src.htm
Drawing.GPU_Control.gpu_get_blendmode_src	gpu_get_blendmode_src	function	gpu_get_blendmode_src();	https://manual.gamemaker.io/monthly/en/GameMaker_Language/GML_Reference/Drawing/GPU_Control/gpu_get_blendmode_src.htm
Drawing.GPU_Control.gpu_get_blendmode_src	gpu_get_blendmode_src	function	gpu_get_blendmode_src();	https://manual.gamemaker.io/monthly/en/GameMaker_Language/GML_Reference/Drawing/GPU_Control/gpu_get_blendmode_src.htm
Drawing.GPU_Control.gpu_get_blendmode_src	gpu_get_blendmode_src	function	gpu_get_blendmode_src();	https://manual.gamemaker.io/monthly/en/GameMaker_Language/GML_Reference/Drawing/GPU_Control/gpu_get_blendmode_src.htm
Drawing.GPU_Control.gpu_get_blendmode_src	gpu_get_blendmode_src	function	gpu_get_blendmode_src();	https://manual.gamemaker.io/monthly/en/GameMaker_Language/GML_Reference/Drawing/GPU_Control/gpu_get_blendmode_src.htm
Drawing.GPU_Control.gpu_get_blendmode_src	gpu_get_blendmode_src	function	gpu_get_blendmode_src();	https://manual.gamemaker.io/monthly/en/GameMaker_Language/GML_Reference/Drawing/GPU_Control/gpu_get_blendmode_src.htm
Drawing.GPU_Control.gpu_get_blendmode_src	gpu_get_blendmode_src	function	gpu_get_blendmode_src();	https://manual.gamemaker.io/monthly/en/GameMaker_Language/GML_Reference/Drawing/GPU_Control/gpu_get_blendmode_src.htm
Drawing.GPU_Control.gpu_get_blendmode_src	gpu_get_blendmode_src	function	gpu_get_blendmode_src();	https://manual.gamemaker.io/monthly/en/GameMaker_Language/GML_Reference/Drawing/GPU_Control/gpu_get_blendmode_src.htm
Drawing.GPU_Control.gpu_get_blendmode_src	gpu_get_blendmode_src	function	gpu_get_blendmode_src();	https://manual.gamemaker.io/monthly/en/GameMaker_Language/GML_Reference/Drawing/GPU_Control/gpu_get_blendmode_src.htm
Drawing.GPU_Control.gpu_get_blendmode_src	gpu_get_blendmode_src	function	gpu_get_blendmode_src();	https://manual.gamemaker.io/monthly/en/GameMaker_Language/GML_Reference/Drawing/GPU_Control/gpu_get_blendmode_src.htm
Drawing.GPU_Control.gpu_get_blendmode_src	gpu_get_blendmode_src	function	gpu_get_blendmode_src();	https://manual.gamemaker.io/monthly/en/GameMaker_Language/GML_Reference/Drawing/GPU_Control/gpu_get_blendmode_src.htm
Drawing.GPU_Control.gpu_get_blendmode_srcalpha	gpu_get_blendmode_srcalpha	function	gpu_get_blendmode_srcalpha();	https://manual.gamemaker.io/monthly/en/GameMaker_Language/GML_Reference/Drawing/GPU_Control/gpu_get_blendmode_srcalpha.htm
Drawing.GPU_Control.gpu_get_blendmode_srcalpha	gpu_get_blendmode_srcalpha	function	gpu_get_blendmode_srcalpha();	https://manual.gamemaker.io/monthly/en/GameMaker_Language/GML_Reference/Drawing/GPU_Control/gpu_get_blendmode_srcalpha.htm
Drawing.GPU_Control.gpu_get_blendmode_srcalpha	gpu_get_blendmode_srcalpha	function	gpu_get_blendmode_srcalpha();	https://manual.gamemaker.io/monthly/en/GameMaker_Language/GML_Reference/Drawing/GPU_Control/gpu_get_blendmode_srcalpha.htm
Drawing.GPU_Control.gpu_get_blendmode_srcalpha	gpu_get_blendmode_srcalpha	function	gpu_get_blendmode_srcalpha();	https://manual.gamemaker.io/monthly/en/GameMaker_Language/GML_Reference/Drawing/GPU_Control/gpu_get_blendmode_srcalpha.htm
Drawing.GPU_Control.gpu_get_blendmode_srcalpha	gpu_get_blendmode_srcalpha	function	gpu_get_blendmode_srcalpha();	https://manual.gamemaker.io/monthly/en/GameMaker_Language/GML_Reference/Drawing/GPU_Control/gpu_get_blendmode_srcalpha.htm
Drawing.GPU_Control.gpu_get_blendmode_srcalpha	gpu_get_blendmode_srcalpha	function	gpu_get_blendmode_srcalpha();	https://manual.gamemaker.io/monthly/en/GameMaker_Language/GML_Reference/Drawing/GPU_Control/gpu_get_blendmode_srcalpha.htm
Drawing.GPU_Control.gpu_get_blendmode_srcalpha	gpu_get_blendmode_srcalpha	function	gpu_get_blendmode_srcalpha();	https://manual.gamemaker.io/monthly/en/GameMaker_Language/GML_Reference/Drawing/GPU_Control/gpu_get_blendmode_srcalpha.htm
Drawing.GPU_Control.gpu_get_blendmode_srcalpha	gpu_get_blendmode_srcalpha	function	gpu_get_blendmode_srcalpha();	https://manual.gamemaker.io/monthly/en/GameMaker_Language/GML_Reference/Drawing/GPU_Control/gpu_get_blendmode_srcalpha.htm
Drawing.GPU_Control.gpu_get_blendmode_srcalpha	gpu_get_blendmode_srcalpha	function	gpu_get_blendmode_srcalpha();	https://manual.gamemaker.io/monthly/en/GameMaker_Language/GML_Reference/Drawing/GPU_Control/gpu_get_blendmode_srcalpha.htm
Drawing.GPU_Control.gpu_get_blendmode_srcalpha	gpu_get_blendmode_srcalpha	function	gpu_get_blendmode_srcalpha();	https://manual.gamemaker.io/monthly/en/GameMaker_Language/GML_Reference/Drawing/GPU_Control/gpu_get_blendmode_srcalpha.htm
Drawing.GPU_Control.gpu_get_blendmode_srcalpha	gpu_get_blendmode_srcalpha	function	gpu_get_blendmode_srcalpha();	https://manual.gamemaker.io/monthly/en/GameMaker_Language/GML_Reference/Drawing/GPU_Control/gpu_get_blendmode_srcalpha.htm
Drawing.GPU_Control.gpu_get_blendmode_srcalpha	gpu_get_blendmode_srcalpha	function	gpu_get_blendmode_srcalpha();	https://manual.gamemaker.io/monthly/en/GameMaker_Language/GML_Reference/Drawing/GPU_Control/gpu_get_blendmode_srcalpha.htm
Drawing.GPU_Control.gpu_get_blendmode_srcalpha	gpu_get_blendmode_srcalpha	function	gpu_get_blendmode_srcalpha();	https://manual.gamemaker.io/monthly/en/GameMaker_Language/GML_Reference/Drawing/GPU_Control/gpu_get_blendmode_srcalpha.htm
Drawing.GPU_Control.gpu_get_blendmode_srcalpha	gpu_get_blendmode_srcalpha	function	gpu_get_blendmode_srcalpha();	https://manual.gamemaker.io/monthly/en/GameMaker_Language/GML_Reference/Drawing/GPU_Control/gpu_get_blendmode_srcalpha.htm
Drawing.GPU_Control.gpu_get_blendmode_srcalpha	gpu_get_blendmode_srcalpha	function	gpu_get_blendmode_srcalpha();	https://manual.gamemaker.io/monthly/en/GameMaker_Language/GML_Reference/Drawing/GPU_Control/gpu_get_blendmode_srcalpha.htm
Drawing.GPU_Control.gpu_get_colorwriteenable	gpu_get_colorwriteenable	unknown	undefined	https://manual.gamemaker.io/monthly/en/GameMaker_Language/GML_Reference/Drawing/GPU_Control/gpu_get_colourwriteenable.htm
Drawing.GPU_Control.gpu_get_colourwriteenable	gpu_get_colourwriteenable	function	gpu_get_colourwriteenable()	https://manual.gamemaker.io/monthly/en/GameMaker_Language/GML_Reference/Drawing/GPU_Control/gpu_get_colourwriteenable.htm
Drawing.GPU_Control.gpu_get_cullmode	gpu_get_cullmode	function	gpu_get_cullmode();	https://manual.gamemaker.io/monthly/en/GameMaker_Language/GML_Reference/Drawing/GPU_Control/gpu_get_cullmode.htm
Drawing.GPU_Control.gpu_get_cullmode	gpu_get_cullmode	function	gpu_get_cullmode();	https://manual.gamemaker.io/monthly/en/GameMaker_Language/GML_Reference/Drawing/GPU_Control/gpu_get_cullmode.htm
Drawing.GPU_Control.gpu_get_cullmode	gpu_get_cullmode	function	gpu_get_cullmode();	https://manual.gamemaker.io/monthly/en/GameMaker_Language/GML_Reference/Drawing/GPU_Control/gpu_get_cullmode.htm
Drawing.GPU_Control.gpu_get_cullmode	gpu_get_cullmode	function	gpu_get_cullmode();	https://manual.gamemaker.io/monthly/en/GameMaker_Language/GML_Reference/Drawing/GPU_Control/gpu_get_cullmode.htm
Drawing.GPU_Control.gpu_get_depth	gpu_get_depth	function	gpu_get_depth();	https://manual.gamemaker.io/monthly/en/GameMaker_Language/GML_Reference/Drawing/GPU_Control/gpu_get_depth.htm
Drawing.GPU_Control.gpu_get_fog	gpu_get_fog	function	gpu_get_fog();	https://manual.gamemaker.io/monthly/en/GameMaker_Language/GML_Reference/Drawing/GPU_Control/gpu_get_fog.htm
Drawing.GPU_Control.gpu_get_scissor	gpu_get_scissor	function	gpu_get_scissor();	https://manual.gamemaker.io/monthly/en/GameMaker_Language/GML_Reference/Drawing/GPU_Control/gpu_get_scissor.htm
Drawing.GPU_Control.gpu_get_sprite_cull	gpu_get_sprite_cull	function	gpu_get_sprite_cull()	https://manual.gamemaker.io/monthly/en/GameMaker_Language/GML_Reference/Drawing/GPU_Control/gpu_get_sprite_cull.htm
Drawing.GPU_Control.gpu_get_state	gpu_get_state	function	gpu_get_state()	https://manual.gamemaker.io/monthly/en/GameMaker_Language/GML_Reference/Drawing/GPU_Control/gpu_get_state.htm
Drawing.GPU_Control.gpu_get_stencil_depth_fail	gpu_get_stencil_depth_fail	function	gpu_get_stencil_depth_fail()	https://manual.gamemaker.io/monthly/en/GameMaker_Language/GML_Reference/Drawing/GPU_Control/gpu_get_stencil_depth_fail.htm
Drawing.GPU_Control.gpu_get_stencil_enable	gpu_get_stencil_enable	function	gpu_get_stencil_enable()	https://manual.gamemaker.io/monthly/en/GameMaker_Language/GML_Reference/Drawing/GPU_Control/gpu_get_stencil_enable.htm
Drawing.GPU_Control.gpu_get_stencil_fail	gpu_get_stencil_fail	function	gpu_get_stencil_fail()	https://manual.gamemaker.io/monthly/en/GameMaker_Language/GML_Reference/Drawing/GPU_Control/gpu_get_stencil_fail.htm
Drawing.GPU_Control.gpu_get_stencil_func	gpu_get_stencil_func	function	gpu_get_stencil_func()	https://manual.gamemaker.io/monthly/en/GameMaker_Language/GML_Reference/Drawing/GPU_Control/gpu_get_stencil_func.htm
Drawing.GPU_Control.gpu_get_stencil_pass	gpu_get_stencil_pass	function	gpu_get_stencil_pass()	https://manual.gamemaker.io/monthly/en/GameMaker_Language/GML_Reference/Drawing/GPU_Control/gpu_get_stencil_pass.htm
Drawing.GPU_Control.gpu_get_texfilter	gpu_get_texfilter	function	gpu_get_texfilter();	https://manual.gamemaker.io/monthly/en/GameMaker_Language/GML_Reference/Drawing/GPU_Control/gpu_get_texfilter.htm
Drawing.GPU_Control.gpu_get_texfilter_ext	gpu_get_texfilter_ext	function	gpu_get_texfilter_ext(sampler_id);	https://manual.gamemaker.io/monthly/en/GameMaker_Language/GML_Reference/Drawing/GPU_Control/gpu_get_texfilter_ext.htm
Drawing.GPU_Control.gpu_get_texrepeat	gpu_get_texrepeat	function	gpu_get_texrepeat();	https://manual.gamemaker.io/monthly/en/GameMaker_Language/GML_Reference/Drawing/GPU_Control/gpu_get_texrepeat.htm
Drawing.GPU_Control.gpu_get_texrepeat_ext	gpu_get_texrepeat_ext	function	gpu_get_texrepeat_ext(sampler_id);	https://manual.gamemaker.io/monthly/en/GameMaker_Language/GML_Reference/Drawing/GPU_Control/gpu_get_texrepeat_ext.htm
Drawing.GPU_Control.gpu_get_zfunc	gpu_get_zfunc	function	gpu_get_zfunc()	https://manual.gamemaker.io/monthly/en/GameMaker_Language/GML_Reference/Drawing/GPU_Control/gpu_get_zfunc.htm
Drawing.GPU_Control.gpu_get_zfunc	gpu_get_zfunc	function	gpu_get_zfunc()	https://manual.gamemaker.io/monthly/en/GameMaker_Language/GML_Reference/Drawing/GPU_Control/gpu_get_zfunc.htm
Drawing.GPU_Control.gpu_get_zfunc	gpu_get_zfunc	function	gpu_get_zfunc()	https://manual.gamemaker.io/monthly/en/GameMaker_Language/GML_Reference/Drawing/GPU_Control/gpu_get_zfunc.htm
Drawing.GPU_Control.gpu_get_zfunc	gpu_get_zfunc	function	gpu_get_zfunc()	https://manual.gamemaker.io/monthly/en/GameMaker_Language/GML_Reference/Drawing/GPU_Control/gpu_get_zfunc.htm
Drawing.GPU_Control.gpu_get_zfunc	gpu_get_zfunc	function	gpu_get_zfunc()	https://manual.gamemaker.io/monthly/en/GameMaker_Language/GML_Reference/Drawing/GPU_Control/gpu_get_zfunc.htm
Drawing.GPU_Control.gpu_get_zfunc	gpu_get_zfunc	function	gpu_get_zfunc()	https://manual.gamemaker.io/monthly/en/GameMaker_Language/GML_Reference/Drawing/GPU_Control/gpu_get_zfunc.htm
Drawing.GPU_Control.gpu_get_zfunc	gpu_get_zfunc	function	gpu_get_zfunc()	https://manual.gamemaker.io/monthly/en/GameMaker_Language/GML_Reference/Drawing/GPU_Control/gpu_get_zfunc.htm
Drawing.GPU_Control.gpu_get_zfunc	gpu_get_zfunc	function	gpu_get_zfunc()	https://manual.gamemaker.io/monthly/en/GameMaker_Language/GML_Reference/Drawing/GPU_Control/gpu_get_zfunc.htm
Drawing.GPU_Control.gpu_get_zfunc	gpu_get_zfunc	function	gpu_get_zfunc()	https://manual.gamemaker.io/monthly/en/GameMaker_Language/GML_Reference/Drawing/GPU_Control/gpu_get_zfunc.htm
Drawing.GPU_Control.gpu_get_ztestenable	gpu_get_ztestenable	function	gpu_get_ztestenable()	https://manual.gamemaker.io/monthly/en/GameMaker_Language/GML_Reference/Drawing/GPU_Control/gpu_get_ztestenable.htm
Drawing.GPU_Control.gpu_get_zwriteenable	gpu_get_zwriteenable	function	gpu_get_zwriteenable()	https://manual.gamemaker.io/monthly/en/GameMaker_Language/GML_Reference/Drawing/GPU_Control/gpu_get_zwriteenable.htm
Drawing.GPU_Control.gpu_pop_state	gpu_pop_state	function	gpu_pop_state();	https://manual.gamemaker.io/monthly/en/GameMaker_Language/GML_Reference/Drawing/GPU_Control/gpu_pop_state.htm
Drawing.GPU_Control.gpu_push_state	gpu_push_state	function	gpu_push_state();	https://manual.gamemaker.io/monthly/en/GameMaker_Language/GML_Reference/Drawing/GPU_Control/gpu_push_state.htm
Drawing.GPU_Control.gpu_set_alphatestenable	gpu_set_alphatestenable	function	gpu_set_alphatestenable(enable);	https://manual.gamemaker.io/monthly/en/GameMaker_Language/GML_Reference/Drawing/GPU_Control/gpu_set_alphatestenable.htm
Drawing.GPU_Control.gpu_set_alphatestref	gpu_set_alphatestref	function	gpu_set_alphatestref(val);	https://manual.gamemaker.io/monthly/en/GameMaker_Language/GML_Reference/Drawing/GPU_Control/gpu_set_alphatestref.htm
Drawing.GPU_Control.gpu_set_blendenable	gpu_set_blendenable	function	gpu_set_blendenable(enable);	https://manual.gamemaker.io/monthly/en/GameMaker_Language/GML_Reference/Drawing/GPU_Control/gpu_set_blendenable.htm
Drawing.GPU_Control.gpu_set_blendequation	gpu_set_blendequation	function	gpu_set_blendequation(equation);	https://manual.gamemaker.io/monthly/en/GameMaker_Language/GML_Reference/Drawing/GPU_Control/gpu_set_blendequation.htm
Drawing.GPU_Control.gpu_set_blendequation	gpu_set_blendequation	function	gpu_set_blendequation(equation);	https://manual.gamemaker.io/monthly/en/GameMaker_Language/GML_Reference/Drawing/GPU_Control/gpu_set_blendequation.htm
Drawing.GPU_Control.gpu_set_blendequation	gpu_set_blendequation	function	gpu_set_blendequation(equation);	https://manual.gamemaker.io/monthly/en/GameMaker_Language/GML_Reference/Drawing/GPU_Control/gpu_set_blendequation.htm
Drawing.GPU_Control.gpu_set_blendequation	gpu_set_blendequation	function	gpu_set_blendequation(equation);	https://manual.gamemaker.io/monthly/en/GameMaker_Language/GML_Reference/Drawing/GPU_Control/gpu_set_blendequation.htm
Drawing.GPU_Control.gpu_set_blendequation	gpu_set_blendequation	function	gpu_set_blendequation(equation);	https://manual.gamemaker.io/monthly/en/GameMaker_Language/GML_Reference/Drawing/GPU_Control/gpu_set_blendequation.htm
Drawing.GPU_Control.gpu_set_blendequation	gpu_set_blendequation	function	gpu_set_blendequation(equation);	https://manual.gamemaker.io/monthly/en/GameMaker_Language/GML_Reference/Drawing/GPU_Control/gpu_set_blendequation.htm
Drawing.GPU_Control.gpu_set_blendequation_sepalpha	gpu_set_blendequation_sepalpha	function	gpu_set_blendequation_sepalpha(equation, equation_alpha);	https://manual.gamemaker.io/monthly/en/GameMaker_Language/GML_Reference/Drawing/GPU_Control/gpu_set_blendequation_sepalpha.htm
Drawing.GPU_Control.gpu_set_blendequation_sepalpha	gpu_set_blendequation_sepalpha	function	gpu_set_blendequation_sepalpha(equation, equation_alpha);	https://manual.gamemaker.io/monthly/en/GameMaker_Language/GML_Reference/Drawing/GPU_Control/gpu_set_blendequation_sepalpha.htm
Drawing.GPU_Control.gpu_set_blendequation_sepalpha	gpu_set_blendequation_sepalpha	function	gpu_set_blendequation_sepalpha(equation, equation_alpha);	https://manual.gamemaker.io/monthly/en/GameMaker_Language/GML_Reference/Drawing/GPU_Control/gpu_set_blendequation_sepalpha.htm
Drawing.GPU_Control.gpu_set_blendequation_sepalpha	gpu_set_blendequation_sepalpha	function	gpu_set_blendequation_sepalpha(equation, equation_alpha);	https://manual.gamemaker.io/monthly/en/GameMaker_Language/GML_Reference/Drawing/GPU_Control/gpu_set_blendequation_sepalpha.htm
Drawing.GPU_Control.gpu_set_blendequation_sepalpha	gpu_set_blendequation_sepalpha	function	gpu_set_blendequation_sepalpha(equation, equation_alpha);	https://manual.gamemaker.io/monthly/en/GameMaker_Language/GML_Reference/Drawing/GPU_Control/gpu_set_blendequation_sepalpha.htm
Drawing.GPU_Control.gpu_set_blendequation_sepalpha	gpu_set_blendequation_sepalpha	function	gpu_set_blendequation_sepalpha(equation, equation_alpha);	https://manual.gamemaker.io/monthly/en/GameMaker_Language/GML_Reference/Drawing/GPU_Control/gpu_set_blendequation_sepalpha.htm
Drawing.GPU_Control.gpu_set_blendmode	gpu_set_blendmode	function	gpu_set_blendmode(mode);	https://manual.gamemaker.io/monthly/en/GameMaker_Language/GML_Reference/Drawing/GPU_Control/gpu_set_blendmode.htm
Drawing.GPU_Control.gpu_set_blendmode	gpu_set_blendmode	function	gpu_set_blendmode(mode);	https://manual.gamemaker.io/monthly/en/GameMaker_Language/GML_Reference/Drawing/GPU_Control/gpu_set_blendmode.htm
Drawing.GPU_Control.gpu_set_blendmode	gpu_set_blendmode	function	gpu_set_blendmode(mode);	https://manual.gamemaker.io/monthly/en/GameMaker_Language/GML_Reference/Drawing/GPU_Control/gpu_set_blendmode.htm
Drawing.GPU_Control.gpu_set_blendmode	gpu_set_blendmode	function	gpu_set_blendmode(mode);	https://manual.gamemaker.io/monthly/en/GameMaker_Language/GML_Reference/Drawing/GPU_Control/gpu_set_blendmode.htm
Drawing.GPU_Control.gpu_set_blendmode	gpu_set_blendmode	function	gpu_set_blendmode(mode);	https://manual.gamemaker.io/monthly/en/GameMaker_Language/GML_Reference/Drawing/GPU_Control/gpu_set_blendmode.htm
Drawing.GPU_Control.gpu_set_blendmode_ext	gpu_set_blendmode_ext	function	gpu_set_blendmode_ext(src, dest);	https://manual.gamemaker.io/monthly/en/GameMaker_Language/GML_Reference/Drawing/GPU_Control/gpu_set_blendmode_ext.htm
Drawing.GPU_Control.gpu_set_blendmode_ext	gpu_set_blendmode_ext	function	gpu_set_blendmode_ext(src, dest);	https://manual.gamemaker.io/monthly/en/GameMaker_Language/GML_Reference/Drawing/GPU_Control/gpu_set_blendmode_ext.htm
Drawing.GPU_Control.gpu_set_blendmode_ext	gpu_set_blendmode_ext	function	gpu_set_blendmode_ext(src, dest);	https://manual.gamemaker.io/monthly/en/GameMaker_Language/GML_Reference/Drawing/GPU_Control/gpu_set_blendmode_ext.htm
Drawing.GPU_Control.gpu_set_blendmode_ext	gpu_set_blendmode_ext	function	gpu_set_blendmode_ext(src, dest);	https://manual.gamemaker.io/monthly/en/GameMaker_Language/GML_Reference/Drawing/GPU_Control/gpu_set_blendmode_ext.htm
Drawing.GPU_Control.gpu_set_blendmode_ext	gpu_set_blendmode_ext	function	gpu_set_blendmode_ext(src, dest);	https://manual.gamemaker.io/monthly/en/GameMaker_Language/GML_Reference/Drawing/GPU_Control/gpu_set_blendmode_ext.htm
Drawing.GPU_Control.gpu_set_blendmode_ext	gpu_set_blendmode_ext	function	gpu_set_blendmode_ext(src, dest);	https://manual.gamemaker.io/monthly/en/GameMaker_Language/GML_Reference/Drawing/GPU_Control/gpu_set_blendmode_ext.htm
Drawing.GPU_Control.gpu_set_blendmode_ext	gpu_set_blendmode_ext	function	gpu_set_blendmode_ext(src, dest);	https://manual.gamemaker.io/monthly/en/GameMaker_Language/GML_Reference/Drawing/GPU_Control/gpu_set_blendmode_ext.htm
Drawing.GPU_Control.gpu_set_blendmode_ext	gpu_set_blendmode_ext	function	gpu_set_blendmode_ext(src, dest);	https://manual.gamemaker.io/monthly/en/GameMaker_Language/GML_Reference/Drawing/GPU_Control/gpu_set_blendmode_ext.htm
Drawing.GPU_Control.gpu_set_blendmode_ext	gpu_set_blendmode_ext	function	gpu_set_blendmode_ext(src, dest);	https://manual.gamemaker.io/monthly/en/GameMaker_Language/GML_Reference/Drawing/GPU_Control/gpu_set_blendmode_ext.htm
Drawing.GPU_Control.gpu_set_blendmode_ext	gpu_set_blendmode_ext	function	gpu_set_blendmode_ext(src, dest);	https://manual.gamemaker.io/monthly/en/GameMaker_Language/GML_Reference/Drawing/GPU_Control/gpu_set_blendmode_ext.htm
Drawing.GPU_Control.gpu_set_blendmode_ext	gpu_set_blendmode_ext	function	gpu_set_blendmode_ext(src, dest);	https://manual.gamemaker.io/monthly/en/GameMaker_Language/GML_Reference/Drawing/GPU_Control/gpu_set_blendmode_ext.htm
Drawing.GPU_Control.gpu_set_blendmode_ext	gpu_set_blendmode_ext	function	gpu_set_blendmode_ext(src, dest);	https://manual.gamemaker.io/monthly/en/GameMaker_Language/GML_Reference/Drawing/GPU_Control/gpu_set_blendmode_ext.htm
Drawing.GPU_Control.gpu_set_blendmode_ext	gpu_set_blendmode_ext	function	gpu_set_blendmode_ext(src, dest);	https://manual.gamemaker.io/monthly/en/GameMaker_Language/GML_Reference/Drawing/GPU_Control/gpu_set_blendmode_ext.htm
Drawing.GPU_Control.gpu_set_blendmode_ext	gpu_set_blendmode_ext	function	gpu_set_blendmode_ext(src, dest);	https://manual.gamemaker.io/monthly/en/GameMaker_Language/GML_Reference/Drawing/GPU_Control/gpu_set_blendmode_ext.htm
Drawing.GPU_Control.gpu_set_blendmode_ext	gpu_set_blendmode_ext	function	gpu_set_blendmode_ext(src, dest);	https://manual.gamemaker.io/monthly/en/GameMaker_Language/GML_Reference/Drawing/GPU_Control/gpu_set_blendmode_ext.htm
Drawing.GPU_Control.gpu_set_blendmode_ext_sepalpha	gpu_set_blendmode_ext_sepalpha	unknown	undefined	https://manual.gamemaker.io/monthly/en/GameMaker_Language/GML_Reference/Drawing/GPU_Control/gpu_set_blendmode_ext_sepalpha.htm
Drawing.GPU_Control.gpu_set_blendmode_ext_sepalpha	gpu_set_blendmode_ext_sepalpha	unknown	undefined	https://manual.gamemaker.io/monthly/en/GameMaker_Language/GML_Reference/Drawing/GPU_Control/gpu_set_blendmode_ext_sepalpha.htm
Drawing.GPU_Control.gpu_set_blendmode_ext_sepalpha	gpu_set_blendmode_ext_sepalpha	unknown	undefined	https://manual.gamemaker.io/monthly/en/GameMaker_Language/GML_Reference/Drawing/GPU_Control/gpu_set_blendmode_ext_sepalpha.htm
Drawing.GPU_Control.gpu_set_blendmode_ext_sepalpha	gpu_set_blendmode_ext_sepalpha	unknown	undefined	https://manual.gamemaker.io/monthly/en/GameMaker_Language/GML_Reference/Drawing/GPU_Control/gpu_set_blendmode_ext_sepalpha.htm
Drawing.GPU_Control.gpu_set_blendmode_ext_sepalpha	gpu_set_blendmode_ext_sepalpha	unknown	undefined	https://manual.gamemaker.io/monthly/en/GameMaker_Language/GML_Reference/Drawing/GPU_Control/gpu_set_blendmode_ext_sepalpha.htm
Drawing.GPU_Control.gpu_set_blendmode_ext_sepalpha	gpu_set_blendmode_ext_sepalpha	unknown	undefined	https://manual.gamemaker.io/monthly/en/GameMaker_Language/GML_Reference/Drawing/GPU_Control/gpu_set_blendmode_ext_sepalpha.htm
Drawing.GPU_Control.gpu_set_blendmode_ext_sepalpha	gpu_set_blendmode_ext_sepalpha	unknown	undefined	https://manual.gamemaker.io/monthly/en/GameMaker_Language/GML_Reference/Drawing/GPU_Control/gpu_set_blendmode_ext_sepalpha.htm
Drawing.GPU_Control.gpu_set_blendmode_ext_sepalpha	gpu_set_blendmode_ext_sepalpha	unknown	undefined	https://manual.gamemaker.io/monthly/en/GameMaker_Language/GML_Reference/Drawing/GPU_Control/gpu_set_blendmode_ext_sepalpha.htm
Drawing.GPU_Control.gpu_set_blendmode_ext_sepalpha	gpu_set_blendmode_ext_sepalpha	unknown	undefined	https://manual.gamemaker.io/monthly/en/GameMaker_Language/GML_Reference/Drawing/GPU_Control/gpu_set_blendmode_ext_sepalpha.htm
Drawing.GPU_Control.gpu_set_blendmode_ext_sepalpha	gpu_set_blendmode_ext_sepalpha	unknown	undefined	https://manual.gamemaker.io/monthly/en/GameMaker_Language/GML_Reference/Drawing/GPU_Control/gpu_set_blendmode_ext_sepalpha.htm
Drawing.GPU_Control.gpu_set_blendmode_ext_sepalpha	gpu_set_blendmode_ext_sepalpha	unknown	undefined	https://manual.gamemaker.io/monthly/en/GameMaker_Language/GML_Reference/Drawing/GPU_Control/gpu_set_blendmode_ext_sepalpha.htm
Drawing.GPU_Control.gpu_set_blendmode_ext_sepalpha	gpu_set_blendmode_ext_sepalpha	unknown	undefined	https://manual.gamemaker.io/monthly/en/GameMaker_Language/GML_Reference/Drawing/GPU_Control/gpu_set_blendmode_ext_sepalpha.htm
Drawing.GPU_Control.gpu_set_blendmode_ext_sepalpha	gpu_set_blendmode_ext_sepalpha	unknown	undefined	https://manual.gamemaker.io/monthly/en/GameMaker_Language/GML_Reference/Drawing/GPU_Control/gpu_set_blendmode_ext_sepalpha.htm
Drawing.GPU_Control.gpu_set_blendmode_ext_sepalpha	gpu_set_blendmode_ext_sepalpha	unknown	undefined	https://manual.gamemaker.io/monthly/en/GameMaker_Language/GML_Reference/Drawing/GPU_Control/gpu_set_blendmode_ext_sepalpha.htm
Drawing.GPU_Control.gpu_set_blendmode_ext_sepalpha	gpu_set_blendmode_ext_sepalpha	unknown	undefined	https://manual.gamemaker.io/monthly/en/GameMaker_Language/GML_Reference/Drawing/GPU_Control/gpu_set_blendmode_ext_sepalpha.htm
Drawing.GPU_Control.gpu_set_colorwriteenable	gpu_set_colorwriteenable	unknown	undefined	https://manual.gamemaker.io/monthly/en/GameMaker_Language/GML_Reference/Drawing/GPU_Control/gpu_set_colourwriteenable.htm
Drawing.GPU_Control.gpu_set_colourwriteenable	gpu_set_colourwriteenable	function	gpu_set_colourwriteenable(red_or_array, [green, blue, alpha]);	https://manual.gamemaker.io/monthly/en/GameMaker_Language/GML_Reference/Drawing/GPU_Control/gpu_set_colourwriteenable.htm
Drawing.GPU_Control.gpu_set_cullmode	gpu_set_cullmode	function	gpu_set_cullmode(cullmode);	https://manual.gamemaker.io/monthly/en/GameMaker_Language/GML_Reference/Drawing/GPU_Control/gpu_set_cullmode.htm
Drawing.GPU_Control.gpu_set_cullmode	gpu_set_cullmode	function	gpu_set_cullmode(cullmode);	https://manual.gamemaker.io/monthly/en/GameMaker_Language/GML_Reference/Drawing/GPU_Control/gpu_set_cullmode.htm
Drawing.GPU_Control.gpu_set_cullmode	gpu_set_cullmode	function	gpu_set_cullmode(cullmode);	https://manual.gamemaker.io/monthly/en/GameMaker_Language/GML_Reference/Drawing/GPU_Control/gpu_set_cullmode.htm
Drawing.GPU_Control.gpu_set_cullmode	gpu_set_cullmode	function	gpu_set_cullmode(cullmode);	https://manual.gamemaker.io/monthly/en/GameMaker_Language/GML_Reference/Drawing/GPU_Control/gpu_set_cullmode.htm
Drawing.GPU_Control.gpu_set_depth	gpu_set_depth	function	gpu_set_depth(depth);	https://manual.gamemaker.io/monthly/en/GameMaker_Language/GML_Reference/Drawing/GPU_Control/gpu_set_depth.htm
Drawing.GPU_Control.gpu_set_fog	gpu_set_fog	function	gpu_set_fog(enable, colour, start, end);	https://manual.gamemaker.io/monthly/en/GameMaker_Language/GML_Reference/Drawing/GPU_Control/gpu_set_fog.htm
Drawing.GPU_Control.gpu_set_scissor	gpu_set_scissor	function	gpu_set_scissor(x_or_struct, [y, w, h]);	https://manual.gamemaker.io/monthly/en/GameMaker_Language/GML_Reference/Drawing/GPU_Control/gpu_set_scissor.htm
Drawing.GPU_Control.gpu_set_sprite_cull	gpu_set_sprite_cull	function	gpu_set_sprite_cull(enable);	https://manual.gamemaker.io/monthly/en/GameMaker_Language/GML_Reference/Drawing/GPU_Control/gpu_set_sprite_cull.htm
Drawing.GPU_Control.gpu_set_state	gpu_set_state	function	gpu_set_state(ds_map);	https://manual.gamemaker.io/monthly/en/GameMaker_Language/GML_Reference/Drawing/GPU_Control/gpu_set_state.htm
Drawing.GPU_Control.gpu_set_stencil_depth_fail	gpu_set_stencil_depth_fail	function	gpu_set_stencil_depth_fail(stencil_op);	https://manual.gamemaker.io/monthly/en/GameMaker_Language/GML_Reference/Drawing/GPU_Control/gpu_set_stencil_depth_fail.htm
Drawing.GPU_Control.gpu_set_stencil_enable	gpu_set_stencil_enable	function	gpu_set_stencil_enable(enable);	https://manual.gamemaker.io/monthly/en/GameMaker_Language/GML_Reference/Drawing/GPU_Control/gpu_set_stencil_enable.htm
Drawing.GPU_Control.gpu_set_stencil_fail	gpu_set_stencil_fail	function	gpu_set_stencil_fail(stencil_op);	https://manual.gamemaker.io/monthly/en/GameMaker_Language/GML_Reference/Drawing/GPU_Control/gpu_set_stencil_fail.htm
Drawing.GPU_Control.gpu_set_stencil_func	gpu_set_stencil_func	function	gpu_set_stencil_func(cmp_func);	https://manual.gamemaker.io/monthly/en/GameMaker_Language/GML_Reference/Drawing/GPU_Control/gpu_set_stencil_func.htm
Drawing.GPU_Control.gpu_set_stencil_pass	gpu_set_stencil_pass	function	gpu_set_stencil_pass(stencil_op);	https://manual.gamemaker.io/monthly/en/GameMaker_Language/GML_Reference/Drawing/GPU_Control/gpu_set_stencil_pass.htm
Drawing.GPU_Control.gpu_set_stencil_read_mask	gpu_set_stencil_read_mask	function	gpu_set_stencil_read_mask(mask);	https://manual.gamemaker.io/monthly/en/GameMaker_Language/GML_Reference/Drawing/GPU_Control/gpu_set_stencil_read_mask.htm
Drawing.GPU_Control.gpu_set_stencil_ref	gpu_set_stencil_ref	function	gpu_set_stencil_ref(ref);	https://manual.gamemaker.io/monthly/en/GameMaker_Language/GML_Reference/Drawing/GPU_Control/gpu_set_stencil_ref.htm
Drawing.GPU_Control.gpu_set_stencil_write_mask	gpu_set_stencil_write_mask	function	gpu_set_stencil_write_mask(write_mask);	https://manual.gamemaker.io/monthly/en/GameMaker_Language/GML_Reference/Drawing/GPU_Control/gpu_set_stencil_write_mask.htm
Drawing.GPU_Control.gpu_set_tex_filter	gpu_set_tex_filter	unknown	undefined	https://manual.gamemaker.io/monthly/en/GameMaker_Language/GML_Reference/Drawing/GPU_Control/gpu_set_texfilter.htm
Drawing.GPU_Control.gpu_set_tex_filter_ext	gpu_set_tex_filter_ext	unknown	undefined	https://manual.gamemaker.io/monthly/en/GameMaker_Language/GML_Reference/Drawing/GPU_Control/gpu_set_texfilter_ext.htm
Drawing.GPU_Control.gpu_set_tex_repeat	gpu_set_tex_repeat	unknown	undefined	https://manual.gamemaker.io/monthly/en/GameMaker_Language/GML_Reference/Drawing/GPU_Control/gpu_set_texrepeat.htm
Drawing.GPU_Control.gpu_set_tex_repeat_ext	gpu_set_tex_repeat_ext	unknown	undefined	https://manual.gamemaker.io/monthly/en/GameMaker_Language/GML_Reference/Drawing/GPU_Control/gpu_set_texrepeat_ext.htm
Drawing.GPU_Control.gpu_set_texfilter	gpu_set_texfilter	function	gpu_set_texfilter(enable);	https://manual.gamemaker.io/monthly/en/GameMaker_Language/GML_Reference/Drawing/GPU_Control/gpu_set_texfilter.htm
Drawing.GPU_Control.gpu_set_texfilter_ext	gpu_set_texfilter_ext	function	gpu_set_texfilter_ext(sampler_id, enable);	https://manual.gamemaker.io/monthly/en/GameMaker_Language/GML_Reference/Drawing/GPU_Control/gpu_set_texfilter_ext.htm
Drawing.GPU_Control.gpu_set_texrepeat	gpu_set_texrepeat	function	gpu_set_texrepeat(enable);	https://manual.gamemaker.io/monthly/en/GameMaker_Language/GML_Reference/Drawing/GPU_Control/gpu_set_texrepeat.htm
Drawing.GPU_Control.gpu_set_texrepeat_ext	gpu_set_texrepeat_ext	function	gpu_set_texrepeat_ext(sampler_id, enable);	https://manual.gamemaker.io/monthly/en/GameMaker_Language/GML_Reference/Drawing/GPU_Control/gpu_set_texrepeat_ext.htm
Drawing.GPU_Control.gpu_set_zfunc	gpu_set_zfunc	function	gpu_set_zfunc(cmp_func);	https://manual.gamemaker.io/monthly/en/GameMaker_Language/GML_Reference/Drawing/GPU_Control/gpu_set_zfunc.htm
Drawing.GPU_Control.gpu_set_zfunc	gpu_set_zfunc	function	gpu_set_zfunc(cmp_func);	https://manual.gamemaker.io/monthly/en/GameMaker_Language/GML_Reference/Drawing/GPU_Control/gpu_set_zfunc.htm
Drawing.GPU_Control.gpu_set_zfunc	gpu_set_zfunc	function	gpu_set_zfunc(cmp_func);	https://manual.gamemaker.io/monthly/en/GameMaker_Language/GML_Reference/Drawing/GPU_Control/gpu_set_zfunc.htm
Drawing.GPU_Control.gpu_set_zfunc	gpu_set_zfunc	function	gpu_set_zfunc(cmp_func);	https://manual.gamemaker.io/monthly/en/GameMaker_Language/GML_Reference/Drawing/GPU_Control/gpu_set_zfunc.htm
Drawing.GPU_Control.gpu_set_zfunc	gpu_set_zfunc	function	gpu_set_zfunc(cmp_func);	https://manual.gamemaker.io/monthly/en/GameMaker_Language/GML_Reference/Drawing/GPU_Control/gpu_set_zfunc.htm
Drawing.GPU_Control.gpu_set_zfunc	gpu_set_zfunc	function	gpu_set_zfunc(cmp_func);	https://manual.gamemaker.io/monthly/en/GameMaker_Language/GML_Reference/Drawing/GPU_Control/gpu_set_zfunc.htm
Drawing.GPU_Control.gpu_set_zfunc	gpu_set_zfunc	function	gpu_set_zfunc(cmp_func);	https://manual.gamemaker.io/monthly/en/GameMaker_Language/GML_Reference/Drawing/GPU_Control/gpu_set_zfunc.htm
Drawing.GPU_Control.gpu_set_zfunc	gpu_set_zfunc	function	gpu_set_zfunc(cmp_func);	https://manual.gamemaker.io/monthly/en/GameMaker_Language/GML_Reference/Drawing/GPU_Control/gpu_set_zfunc.htm
Drawing.GPU_Control.gpu_set_zfunc	gpu_set_zfunc	function	gpu_set_zfunc(cmp_func);	https://manual.gamemaker.io/monthly/en/GameMaker_Language/GML_Reference/Drawing/GPU_Control/gpu_set_zfunc.htm
Drawing.GPU_Control.gpu_set_ztestenable	gpu_set_ztestenable	function	gpu_set_ztestenable(enable);	https://manual.gamemaker.io/monthly/en/GameMaker_Language/GML_Reference/Drawing/GPU_Control/gpu_set_ztestenable.htm
Drawing.GPU_Control.gpu_set_zwriteenable	gpu_set_zwriteenable	function	gpu_set_zwriteenable(enable);	https://manual.gamemaker.io/monthly/en/GameMaker_Language/GML_Reference/Drawing/GPU_Control/gpu_set_zwriteenable.htm
Drawing.Lighting.draw_get_lighting	draw_get_lighting	function	draw_get_lighting()	https://manual.gamemaker.io/monthly/en/GameMaker_Language/GML_Reference/Drawing/Lighting/draw_get_lighting.htm
Drawing.Lighting.draw_light_define_ambient	draw_light_define_ambient	function	draw_light_define_ambient(col);	https://manual.gamemaker.io/monthly/en/GameMaker_Language/GML_Reference/Drawing/Lighting/draw_light_define_ambient.htm
Drawing.Lighting.draw_light_define_direction	draw_light_define_direction	function	draw_light_define_direction(ind, x, y, z, col)	https://manual.gamemaker.io/monthly/en/GameMaker_Language/GML_Reference/Drawing/Lighting/draw_light_define_direction.htm
Drawing.Lighting.draw_light_define_point	draw_light_define_point	function	draw_light_define_point(ind, x, y, z, range, col)	https://manual.gamemaker.io/monthly/en/GameMaker_Language/GML_Reference/Drawing/Lighting/draw_light_define_point.htm
Drawing.Lighting.draw_light_enable	draw_light_enable	function	draw_light_enable(ind, enable);	https://manual.gamemaker.io/monthly/en/GameMaker_Language/GML_Reference/Drawing/Lighting/draw_light_enable.htm
Drawing.Lighting.draw_light_get	draw_light_get	function	draw_light_get(ind)	https://manual.gamemaker.io/monthly/en/GameMaker_Language/GML_Reference/Drawing/Lighting/draw_light_get.htm
Drawing.Lighting.draw_light_get_ambient	draw_light_get_ambient	function	draw_light_get_ambient()	https://manual.gamemaker.io/monthly/en/GameMaker_Language/GML_Reference/Drawing/Lighting/draw_light_get_ambient.htm
Drawing.Lighting.draw_set_lighting	draw_set_lighting	function	draw_set_lighting(enable);	https://manual.gamemaker.io/monthly/en/GameMaker_Language/GML_Reference/Drawing/Lighting/draw_set_lighting.htm
Drawing.Lighting.lighttype_dir	lighttype_dir	constant	lighttype_dir	https://manual.gamemaker.io/monthly/en/GameMaker_Language/GML_Reference/Drawing/Lighting/draw_light_get.htm
Drawing.Lighting.lighttype_point	lighttype_point	constant	lighttype_point	https://manual.gamemaker.io/monthly/en/GameMaker_Language/GML_Reference/Drawing/Lighting/draw_light_get.htm
Drawing.Mipmapping.gpu_get_tex_max_aniso	gpu_get_tex_max_aniso	function	gpu_get_tex_max_aniso();	https://manual.gamemaker.io/monthly/en/GameMaker_Language/GML_Reference/Drawing/Mipmapping/gpu_get_tex_max_aniso.htm
Drawing.Mipmapping.gpu_get_tex_max_aniso_ext	gpu_get_tex_max_aniso_ext	function	gpu_get_tex_max_aniso_ext(sampler_index);	https://manual.gamemaker.io/monthly/en/GameMaker_Language/GML_Reference/Drawing/Mipmapping/gpu_get_tex_max_aniso_ext.htm
Drawing.Mipmapping.gpu_get_tex_max_mip	gpu_get_tex_max_mip	function	gpu_get_tex_max_mip();	https://manual.gamemaker.io/monthly/en/GameMaker_Language/GML_Reference/Drawing/Mipmapping/gpu_get_tex_max_mip.htm
Drawing.Mipmapping.gpu_get_tex_max_mip_ext	gpu_get_tex_max_mip_ext	function	gpu_get_tex_max_mip_ext(sampler_index);	https://manual.gamemaker.io/monthly/en/GameMaker_Language/GML_Reference/Drawing/Mipmapping/gpu_get_tex_max_mip_ext.htm
Drawing.Mipmapping.gpu_get_tex_min_mip	gpu_get_tex_min_mip	function	gpu_get_tex_min_mip();	https://manual.gamemaker.io/monthly/en/GameMaker_Language/GML_Reference/Drawing/Mipmapping/gpu_get_tex_min_mip.htm
Drawing.Mipmapping.gpu_get_tex_min_mip_ext	gpu_get_tex_min_mip_ext	function	gpu_get_tex_min_mip_ext(sampler_index);	https://manual.gamemaker.io/monthly/en/GameMaker_Language/GML_Reference/Drawing/Mipmapping/gpu_get_tex_min_mip_ext.htm
Drawing.Mipmapping.gpu_get_tex_mip_bias	gpu_get_tex_mip_bias	function	gpu_get_tex_mip_bias();	https://manual.gamemaker.io/monthly/en/GameMaker_Language/GML_Reference/Drawing/Mipmapping/gpu_get_tex_mip_bias.htm
Drawing.Mipmapping.gpu_get_tex_mip_bias_ext	gpu_get_tex_mip_bias_ext	function	gpu_get_tex_mip_bias_ext(sampler_index);	https://manual.gamemaker.io/monthly/en/GameMaker_Language/GML_Reference/Drawing/Mipmapping/gpu_get_tex_mip_bias_ext.htm
Drawing.Mipmapping.gpu_get_tex_mip_enable	gpu_get_tex_mip_enable	function	gpu_get_tex_mip_enable()	https://manual.gamemaker.io/monthly/en/GameMaker_Language/GML_Reference/Drawing/Mipmapping/gpu_get_tex_mip_enable.htm
Drawing.Mipmapping.gpu_get_tex_mip_enable	gpu_get_tex_mip_enable	function	gpu_get_tex_mip_enable()	https://manual.gamemaker.io/monthly/en/GameMaker_Language/GML_Reference/Drawing/Mipmapping/gpu_get_tex_mip_enable.htm
Drawing.Mipmapping.gpu_get_tex_mip_enable	gpu_get_tex_mip_enable	function	gpu_get_tex_mip_enable()	https://manual.gamemaker.io/monthly/en/GameMaker_Language/GML_Reference/Drawing/Mipmapping/gpu_get_tex_mip_enable.htm
Drawing.Mipmapping.gpu_get_tex_mip_enable	gpu_get_tex_mip_enable	function	gpu_get_tex_mip_enable()	https://manual.gamemaker.io/monthly/en/GameMaker_Language/GML_Reference/Drawing/Mipmapping/gpu_get_tex_mip_enable.htm
Drawing.Mipmapping.gpu_get_tex_mip_enable_ext	gpu_get_tex_mip_enable_ext	function	gpu_get_tex_mip_enable_ext(sampler_index);	https://manual.gamemaker.io/monthly/en/GameMaker_Language/GML_Reference/Drawing/Mipmapping/gpu_get_tex_mip_enable_ext.htm
Drawing.Mipmapping.gpu_get_tex_mip_enable_ext	gpu_get_tex_mip_enable_ext	function	gpu_get_tex_mip_enable_ext(sampler_index);	https://manual.gamemaker.io/monthly/en/GameMaker_Language/GML_Reference/Drawing/Mipmapping/gpu_get_tex_mip_enable_ext.htm
Drawing.Mipmapping.gpu_get_tex_mip_enable_ext	gpu_get_tex_mip_enable_ext	function	gpu_get_tex_mip_enable_ext(sampler_index);	https://manual.gamemaker.io/monthly/en/GameMaker_Language/GML_Reference/Drawing/Mipmapping/gpu_get_tex_mip_enable_ext.htm
Drawing.Mipmapping.gpu_get_tex_mip_enable_ext	gpu_get_tex_mip_enable_ext	function	gpu_get_tex_mip_enable_ext(sampler_index);	https://manual.gamemaker.io/monthly/en/GameMaker_Language/GML_Reference/Drawing/Mipmapping/gpu_get_tex_mip_enable_ext.htm
Drawing.Mipmapping.gpu_get_tex_mip_filter	gpu_get_tex_mip_filter	function	gpu_get_tex_mip_filter();	https://manual.gamemaker.io/monthly/en/GameMaker_Language/GML_Reference/Drawing/Mipmapping/gpu_get_tex_mip_filter.htm
Drawing.Mipmapping.gpu_get_tex_mip_filter	gpu_get_tex_mip_filter	function	gpu_get_tex_mip_filter();	https://manual.gamemaker.io/monthly/en/GameMaker_Language/GML_Reference/Drawing/Mipmapping/gpu_get_tex_mip_filter.htm
Drawing.Mipmapping.gpu_get_tex_mip_filter	gpu_get_tex_mip_filter	function	gpu_get_tex_mip_filter();	https://manual.gamemaker.io/monthly/en/GameMaker_Language/GML_Reference/Drawing/Mipmapping/gpu_get_tex_mip_filter.htm
Drawing.Mipmapping.gpu_get_tex_mip_filter	gpu_get_tex_mip_filter	function	gpu_get_tex_mip_filter();	https://manual.gamemaker.io/monthly/en/GameMaker_Language/GML_Reference/Drawing/Mipmapping/gpu_get_tex_mip_filter.htm
Drawing.Mipmapping.gpu_get_tex_mip_filter_ext	gpu_get_tex_mip_filter_ext	function	gpu_get_tex_mip_filter_ext(sampler_index);	https://manual.gamemaker.io/monthly/en/GameMaker_Language/GML_Reference/Drawing/Mipmapping/gpu_get_tex_mip_filter_ext.htm
Drawing.Mipmapping.gpu_get_tex_mip_filter_ext	gpu_get_tex_mip_filter_ext	function	gpu_get_tex_mip_filter_ext(sampler_index);	https://manual.gamemaker.io/monthly/en/GameMaker_Language/GML_Reference/Drawing/Mipmapping/gpu_get_tex_mip_filter_ext.htm
Drawing.Mipmapping.gpu_get_tex_mip_filter_ext	gpu_get_tex_mip_filter_ext	function	gpu_get_tex_mip_filter_ext(sampler_index);	https://manual.gamemaker.io/monthly/en/GameMaker_Language/GML_Reference/Drawing/Mipmapping/gpu_get_tex_mip_filter_ext.htm
Drawing.Mipmapping.gpu_get_tex_mip_filter_ext	gpu_get_tex_mip_filter_ext	function	gpu_get_tex_mip_filter_ext(sampler_index);	https://manual.gamemaker.io/monthly/en/GameMaker_Language/GML_Reference/Drawing/Mipmapping/gpu_get_tex_mip_filter_ext.htm
Drawing.Mipmapping.gpu_set_tex_max_aniso	gpu_set_tex_max_aniso	function	gpu_set_tex_max_aniso(maxaniso);	https://manual.gamemaker.io/monthly/en/GameMaker_Language/GML_Reference/Drawing/Mipmapping/gpu_set_tex_max_aniso.htm
Drawing.Mipmapping.gpu_set_tex_max_aniso_ext	gpu_set_tex_max_aniso_ext	function	gpu_set_tex_max_aniso_ext(sampler_index, maxaniso);	https://manual.gamemaker.io/monthly/en/GameMaker_Language/GML_Reference/Drawing/Mipmapping/gpu_set_tex_max_aniso_ext.htm
Drawing.Mipmapping.gpu_set_tex_max_mip	gpu_set_tex_max_mip	function	gpu_set_tex_max_mip(maxmip);	https://manual.gamemaker.io/monthly/en/GameMaker_Language/GML_Reference/Drawing/Mipmapping/gpu_set_tex_max_mip.htm
Drawing.Mipmapping.gpu_set_tex_max_mip_ext	gpu_set_tex_max_mip_ext	function	gpu_set_tex_max_mip_ext(sampler_index, maxmip);	https://manual.gamemaker.io/monthly/en/GameMaker_Language/GML_Reference/Drawing/Mipmapping/gpu_set_tex_max_mip_ext.htm
Drawing.Mipmapping.gpu_set_tex_min_mip	gpu_set_tex_min_mip	function	gpu_set_tex_min_mip(minmip);	https://manual.gamemaker.io/monthly/en/GameMaker_Language/GML_Reference/Drawing/Mipmapping/gpu_set_tex_min_mip.htm
Drawing.Mipmapping.gpu_set_tex_min_mip_ext	gpu_set_tex_min_mip_ext	function	gpu_set_tex_min_mip_ext(sampler_index, minmip);	https://manual.gamemaker.io/monthly/en/GameMaker_Language/GML_Reference/Drawing/Mipmapping/gpu_set_tex_min_mip_ext.htm
Drawing.Mipmapping.gpu_set_tex_mip_bias	gpu_set_tex_mip_bias	function	gpu_set_tex_mip_bias(bias);	https://manual.gamemaker.io/monthly/en/GameMaker_Language/GML_Reference/Drawing/Mipmapping/gpu_set_tex_mip_bias.htm
Drawing.Mipmapping.gpu_set_tex_mip_bias_ext	gpu_set_tex_mip_bias_ext	function	gpu_set_tex_mip_bias_ext(sampler_index, bias);	https://manual.gamemaker.io/monthly/en/GameMaker_Language/GML_Reference/Drawing/Mipmapping/gpu_set_tex_mip_bias_ext.htm
Drawing.Mipmapping.gpu_set_tex_mip_enable	gpu_set_tex_mip_enable	function	gpu_set_tex_mip_enable(setting);	https://manual.gamemaker.io/monthly/en/GameMaker_Language/GML_Reference/Drawing/Mipmapping/gpu_set_tex_mip_enable.htm
Drawing.Mipmapping.gpu_set_tex_mip_enable	gpu_set_tex_mip_enable	function	gpu_set_tex_mip_enable(setting);	https://manual.gamemaker.io/monthly/en/GameMaker_Language/GML_Reference/Drawing/Mipmapping/gpu_set_tex_mip_enable.htm
Drawing.Mipmapping.gpu_set_tex_mip_enable	gpu_set_tex_mip_enable	function	gpu_set_tex_mip_enable(setting);	https://manual.gamemaker.io/monthly/en/GameMaker_Language/GML_Reference/Drawing/Mipmapping/gpu_set_tex_mip_enable.htm
Drawing.Mipmapping.gpu_set_tex_mip_enable	gpu_set_tex_mip_enable	function	gpu_set_tex_mip_enable(setting);	https://manual.gamemaker.io/monthly/en/GameMaker_Language/GML_Reference/Drawing/Mipmapping/gpu_set_tex_mip_enable.htm
Drawing.Mipmapping.gpu_set_tex_mip_enable_ext	gpu_set_tex_mip_enable_ext	function	gpu_set_tex_mip_enable_ext(sampler_index, setting);	https://manual.gamemaker.io/monthly/en/GameMaker_Language/GML_Reference/Drawing/Mipmapping/gpu_set_tex_mip_enable_ext.htm
Drawing.Mipmapping.gpu_set_tex_mip_enable_ext	gpu_set_tex_mip_enable_ext	function	gpu_set_tex_mip_enable_ext(sampler_index, setting);	https://manual.gamemaker.io/monthly/en/GameMaker_Language/GML_Reference/Drawing/Mipmapping/gpu_set_tex_mip_enable_ext.htm
Drawing.Mipmapping.gpu_set_tex_mip_enable_ext	gpu_set_tex_mip_enable_ext	function	gpu_set_tex_mip_enable_ext(sampler_index, setting);	https://manual.gamemaker.io/monthly/en/GameMaker_Language/GML_Reference/Drawing/Mipmapping/gpu_set_tex_mip_enable_ext.htm
Drawing.Mipmapping.gpu_set_tex_mip_enable_ext	gpu_set_tex_mip_enable_ext	function	gpu_set_tex_mip_enable_ext(sampler_index, setting);	https://manual.gamemaker.io/monthly/en/GameMaker_Language/GML_Reference/Drawing/Mipmapping/gpu_set_tex_mip_enable_ext.htm
Drawing.Mipmapping.gpu_set_tex_mip_filter	gpu_set_tex_mip_filter	function	gpu_set_tex_mip_filter(filter);	https://manual.gamemaker.io/monthly/en/GameMaker_Language/GML_Reference/Drawing/Mipmapping/gpu_set_tex_mip_filter.htm
Drawing.Mipmapping.gpu_set_tex_mip_filter	gpu_set_tex_mip_filter	function	gpu_set_tex_mip_filter(filter);	https://manual.gamemaker.io/monthly/en/GameMaker_Language/GML_Reference/Drawing/Mipmapping/gpu_set_tex_mip_filter.htm
Drawing.Mipmapping.gpu_set_tex_mip_filter	gpu_set_tex_mip_filter	function	gpu_set_tex_mip_filter(filter);	https://manual.gamemaker.io/monthly/en/GameMaker_Language/GML_Reference/Drawing/Mipmapping/gpu_set_tex_mip_filter.htm
Drawing.Mipmapping.gpu_set_tex_mip_filter	gpu_set_tex_mip_filter	function	gpu_set_tex_mip_filter(filter);	https://manual.gamemaker.io/monthly/en/GameMaker_Language/GML_Reference/Drawing/Mipmapping/gpu_set_tex_mip_filter.htm
Drawing.Mipmapping.gpu_set_tex_mip_filter_ext	gpu_set_tex_mip_filter_ext	function	gpu_set_tex_mip_filter_ext(sampler_index, filter);	https://manual.gamemaker.io/monthly/en/GameMaker_Language/GML_Reference/Drawing/Mipmapping/gpu_set_tex_mip_filter_ext.htm
Drawing.Mipmapping.gpu_set_tex_mip_filter_ext	gpu_set_tex_mip_filter_ext	function	gpu_set_tex_mip_filter_ext(sampler_index, filter);	https://manual.gamemaker.io/monthly/en/GameMaker_Language/GML_Reference/Drawing/Mipmapping/gpu_set_tex_mip_filter_ext.htm
Drawing.Mipmapping.gpu_set_tex_mip_filter_ext	gpu_set_tex_mip_filter_ext	function	gpu_set_tex_mip_filter_ext(sampler_index, filter);	https://manual.gamemaker.io/monthly/en/GameMaker_Language/GML_Reference/Drawing/Mipmapping/gpu_set_tex_mip_filter_ext.htm
Drawing.Mipmapping.gpu_set_tex_mip_filter_ext	gpu_set_tex_mip_filter_ext	function	gpu_set_tex_mip_filter_ext(sampler_index, filter);	https://manual.gamemaker.io/monthly/en/GameMaker_Language/GML_Reference/Drawing/Mipmapping/gpu_set_tex_mip_filter_ext.htm
Drawing.Particles.Particle_Emitters.part_emitter_burst	part_emitter_burst	function	part_emitter_burst(ps, ind, parttype, number);	https://manual.gamemaker.io/monthly/en/GameMaker_Language/GML_Reference/Drawing/Particles/Particle_Emitters/part_emitter_burst.htm
Drawing.Particles.Particle_Emitters.part_emitter_clear	part_emitter_clear	function	part_emitter_clear(ps, ind);	https://manual.gamemaker.io/monthly/en/GameMaker_Language/GML_Reference/Drawing/Particles/Particle_Emitters/part_emitter_clear.htm
Drawing.Particles.Particle_Emitters.part_emitter_create	part_emitter_create	function	part_emitter_create(ps);	https://manual.gamemaker.io/monthly/en/GameMaker_Language/GML_Reference/Drawing/Particles/Particle_Emitters/part_emitter_create.htm
Drawing.Particles.Particle_Emitters.part_emitter_destroy	part_emitter_destroy	function	part_emitter_destroy( ps, ind );	https://manual.gamemaker.io/monthly/en/GameMaker_Language/GML_Reference/Drawing/Particles/Particle_Emitters/part_emitter_destroy.htm
Drawing.Particles.Particle_Emitters.part_emitter_destroy_all	part_emitter_destroy_all	function	part_emitter_destroy_all( ps );	https://manual.gamemaker.io/monthly/en/GameMaker_Language/GML_Reference/Drawing/Particles/Particle_Emitters/part_emitter_destroy_all.htm
Drawing.Particles.Particle_Emitters.part_emitter_exists	part_emitter_exists	function	part_emitter_exists(ps, ind);	https://manual.gamemaker.io/monthly/en/GameMaker_Language/GML_Reference/Drawing/Particles/Particle_Emitters/part_emitter_exists.htm
Drawing.Particles.Particle_Emitters.part_emitter_interval	part_emitter_interval	function	part_emitter_interval(ps, ind, interval_min, interval_max, interval_unit);	https://manual.gamemaker.io/monthly/en/GameMaker_Language/GML_Reference/Drawing/Particles/Particle_Emitters/part_emitter_interval.htm
Drawing.Particles.Particle_Emitters.part_emitter_region	part_emitter_region	function	part_emitter_region(ps, ind, xmin, xmax, ymin, ymax, shape, distribution);	https://manual.gamemaker.io/monthly/en/GameMaker_Language/GML_Reference/Drawing/Particles/Particle_Emitters/part_emitter_region.htm
Drawing.Particles.Particle_Emitters.part_emitter_stream	part_emitter_stream	function	part_emitter_stream(ps, ind, parttype, number);	https://manual.gamemaker.io/monthly/en/GameMaker_Language/GML_Reference/Drawing/Particles/Particle_Emitters/part_emitter_stream.htm
Drawing.Particles.Particle_Emitters.ps_distr_gaussian	ps_distr_gaussian	constant	ps_distr_gaussian	https://manual.gamemaker.io/monthly/en/GameMaker_Language/GML_Reference/Drawing/Particles/Particle_Emitters/part_emitter_region.htm
Drawing.Particles.Particle_Emitters.ps_distr_invgaussian	ps_distr_invgaussian	constant	ps_distr_invgaussian	https://manual.gamemaker.io/monthly/en/GameMaker_Language/GML_Reference/Drawing/Particles/Particle_Emitters/part_emitter_region.htm
Drawing.Particles.Particle_Emitters.ps_distr_linear	ps_distr_linear	constant	ps_distr_linear	https://manual.gamemaker.io/monthly/en/GameMaker_Language/GML_Reference/Drawing/Particles/Particle_Emitters/part_emitter_region.htm
Drawing.Particles.Particle_Emitters.ps_shape_diamond	ps_shape_diamond	constant	ps_shape_diamond	https://manual.gamemaker.io/monthly/en/GameMaker_Language/GML_Reference/Drawing/Particles/Particle_Emitters/part_emitter_region.htm
Drawing.Particles.Particle_Emitters.ps_shape_ellipse	ps_shape_ellipse	constant	ps_shape_ellipse	https://manual.gamemaker.io/monthly/en/GameMaker_Language/GML_Reference/Drawing/Particles/Particle_Emitters/part_emitter_region.htm
Drawing.Particles.Particle_Emitters.ps_shape_line	ps_shape_line	constant	ps_shape_line	https://manual.gamemaker.io/monthly/en/GameMaker_Language/GML_Reference/Drawing/Particles/Particle_Emitters/part_emitter_region.htm
Drawing.Particles.Particle_Emitters.ps_shape_rectangle	ps_shape_rectangle	constant	ps_shape_rectangle	https://manual.gamemaker.io/monthly/en/GameMaker_Language/GML_Reference/Drawing/Particles/Particle_Emitters/part_emitter_region.htm
Drawing.Particles.Particle_Systems.part_particles_burst	part_particles_burst	function	part_particles_burst(ind, x, y, partsys);	https://manual.gamemaker.io/monthly/en/GameMaker_Language/GML_Reference/Drawing/Particles/Particle_Systems/part_particles_burst.htm
Drawing.Particles.Particle_Systems.part_particles_clear	part_particles_clear	function	part_particles_clear(ind);	https://manual.gamemaker.io/monthly/en/GameMaker_Language/GML_Reference/Drawing/Particles/Particle_Systems/part_particles_clear.htm
Drawing.Particles.Particle_Systems.part_particles_count	part_particles_count	function	part_particles_count(ind);	https://manual.gamemaker.io/monthly/en/GameMaker_Language/GML_Reference/Drawing/Particles/Particle_Systems/part_particles_count.htm
Drawing.Particles.Particle_Systems.part_particles_create	part_particles_create	function	part_particles_create(ind, x, y, parttype, number);	https://manual.gamemaker.io/monthly/en/GameMaker_Language/GML_Reference/Drawing/Particles/Particle_Systems/part_particles_create.htm
Drawing.Particles.Particle_Systems.part_particles_create_color	part_particles_create_color	unknown	undefined	https://manual.gamemaker.io/monthly/en/GameMaker_Language/GML_Reference/Drawing/Particles/Particle_Systems/part_particles_create_colour.htm
Drawing.Particles.Particle_Systems.part_particles_create_colour	part_particles_create_colour	function	part_particles_create_colour(ind, x, y, parttype, colour, number);	https://manual.gamemaker.io/monthly/en/GameMaker_Language/GML_Reference/Drawing/Particles/Particle_Systems/part_particles_create_colour.htm
Drawing.Particles.Particle_Systems.part_system_angle	part_system_angle	function	part_system_angle(ind, angle);	https://manual.gamemaker.io/monthly/en/GameMaker_Language/GML_Reference/Drawing/Particles/Particle_Systems/part_system_angle.htm
Drawing.Particles.Particle_Systems.part_system_automatic_draw	part_system_automatic_draw	function	part_system_automatic_draw(ind, automatic);	https://manual.gamemaker.io/monthly/en/GameMaker_Language/GML_Reference/Drawing/Particles/Particle_Systems/part_system_automatic_draw.htm
Drawing.Particles.Particle_Systems.part_system_automatic_update	part_system_automatic_update	function	part_system_automatic_update(ind, automatic);	https://manual.gamemaker.io/monthly/en/GameMaker_Language/GML_Reference/Drawing/Particles/Particle_Systems/part_system_automatic_update.htm
Drawing.Particles.Particle_Systems.part_system_clear	part_system_clear	function	part_system_clear(ind);	https://manual.gamemaker.io/monthly/en/GameMaker_Language/GML_Reference/Drawing/Particles/Particle_Systems/part_system_clear.htm
Drawing.Particles.Particle_Systems.part_system_create	part_system_create	function	part_system_create([partsys]);	https://manual.gamemaker.io/monthly/en/GameMaker_Language/GML_Reference/Drawing/Particles/Particle_Systems/part_system_create.htm
Drawing.Particles.Particle_Systems.part_system_create_layer	part_system_create_layer	function	part_system_create_layer(layer_id, persistent, [partsys]);	https://manual.gamemaker.io/monthly/en/GameMaker_Language/GML_Reference/Drawing/Particles/Particle_Systems/part_system_create_layer.htm
Drawing.Particles.Particle_Systems.part_system_depth	part_system_depth	function	part_system_depth(ind, depth);	https://manual.gamemaker.io/monthly/en/GameMaker_Language/GML_Reference/Drawing/Particles/Particle_Systems/part_system_depth.htm
Drawing.Particles.Particle_Systems.part_system_destroy	part_system_destroy	function	part_system_destroy(ind);	https://manual.gamemaker.io/monthly/en/GameMaker_Language/GML_Reference/Drawing/Particles/Particle_Systems/part_system_destroy.htm
Drawing.Particles.Particle_Systems.part_system_draw_order	part_system_draw_order	function	part_system_draw_order(ind, oldtonew);	https://manual.gamemaker.io/monthly/en/GameMaker_Language/GML_Reference/Drawing/Particles/Particle_Systems/part_system_draw_order.htm
Drawing.Particles.Particle_Systems.part_system_drawit	part_system_drawit	function	part_system_drawit(ind);	https://manual.gamemaker.io/monthly/en/GameMaker_Language/GML_Reference/Drawing/Particles/Particle_Systems/part_system_drawit.htm
Drawing.Particles.Particle_Systems.part_system_exists	part_system_exists	function	part_system_exists(ind);	https://manual.gamemaker.io/monthly/en/GameMaker_Language/GML_Reference/Drawing/Particles/Particle_Systems/part_system_exists.htm
Drawing.Particles.Particle_Systems.part_system_get_layer	part_system_get_layer	function	part_system_get_layer(ind);	https://manual.gamemaker.io/monthly/en/GameMaker_Language/GML_Reference/Drawing/Particles/Particle_Systems/part_system_get_layer.htm
Drawing.Particles.Particle_Systems.part_system_global_space	part_system_global_space	function	part_system_global_space(ind, enable);	https://manual.gamemaker.io/monthly/en/GameMaker_Language/GML_Reference/Drawing/Particles/Particle_Systems/part_system_global_space.htm
Drawing.Particles.Particle_Systems.part_system_layer	part_system_layer	function	part_system_layer(ps, layer);	https://manual.gamemaker.io/monthly/en/GameMaker_Language/GML_Reference/Drawing/Particles/Particle_Systems/part_system_layer.htm
Drawing.Particles.Particle_Systems.part_system_position	part_system_position	function	part_system_position(ind, x, y);	https://manual.gamemaker.io/monthly/en/GameMaker_Language/GML_Reference/Drawing/Particles/Particle_Systems/part_system_position.htm
Drawing.Particles.Particle_Systems.part_system_update	part_system_update	function	part_system_update(ind);	https://manual.gamemaker.io/monthly/en/GameMaker_Language/GML_Reference/Drawing/Particles/Particle_Systems/part_system_update.htm
Drawing.Particles.Particle_Types.part_type_alpha1	part_type_alpha1	function	part_type_alpha1(ind, alpha1);	https://manual.gamemaker.io/monthly/en/GameMaker_Language/GML_Reference/Drawing/Particles/Particle_Types/part_type_alpha1.htm
Drawing.Particles.Particle_Types.part_type_alpha2	part_type_alpha2	function	part_type_alpha2(ind, alpha1, alpha2);	https://manual.gamemaker.io/monthly/en/GameMaker_Language/GML_Reference/Drawing/Particles/Particle_Types/part_type_alpha2.htm
Drawing.Particles.Particle_Types.part_type_alpha3	part_type_alpha3	function	part_type_alpha3(ind, alpha1, alpha2, alpha3);	https://manual.gamemaker.io/monthly/en/GameMaker_Language/GML_Reference/Drawing/Particles/Particle_Types/part_type_alpha3.htm
Drawing.Particles.Particle_Types.part_type_blend	part_type_blend	function	part_type_blend(ind, additive);	https://manual.gamemaker.io/monthly/en/GameMaker_Language/GML_Reference/Drawing/Particles/Particle_Types/part_type_blend.htm
Drawing.Particles.Particle_Types.part_type_clear	part_type_clear	function	part_type_clear(ind);	https://manual.gamemaker.io/monthly/en/GameMaker_Language/GML_Reference/Drawing/Particles/Particle_Types/part_type_clear.htm
Drawing.Particles.Particle_Types.part_type_color1	part_type_color1	unknown	undefined	https://manual.gamemaker.io/monthly/en/GameMaker_Language/GML_Reference/Drawing/Particles/Particle_Types/part_type_colour1.htm
Drawing.Particles.Particle_Types.part_type_color2	part_type_color2	unknown	undefined	https://manual.gamemaker.io/monthly/en/GameMaker_Language/GML_Reference/Drawing/Particles/Particle_Types/part_type_colour2.htm
Drawing.Particles.Particle_Types.part_type_color3	part_type_color3	unknown	undefined	https://manual.gamemaker.io/monthly/en/GameMaker_Language/GML_Reference/Drawing/Particles/Particle_Types/part_type_colour3.htm
Drawing.Particles.Particle_Types.part_type_color_hsv	part_type_color_hsv	unknown	undefined	https://manual.gamemaker.io/monthly/en/GameMaker_Language/GML_Reference/Drawing/Particles/Particle_Types/part_type_colour_hsv.htm
Drawing.Particles.Particle_Types.part_type_color_mix	part_type_color_mix	unknown	undefined	https://manual.gamemaker.io/monthly/en/GameMaker_Language/GML_Reference/Drawing/Particles/Particle_Types/part_type_colour_mix.htm
Drawing.Particles.Particle_Types.part_type_color_rgb	part_type_color_rgb	unknown	undefined	https://manual.gamemaker.io/monthly/en/GameMaker_Language/GML_Reference/Drawing/Particles/Particle_Types/part_type_colour_rgb.htm
Drawing.Particles.Particle_Types.part_type_colour1	part_type_colour1	function	part_type_colour1(ind, colour1);	https://manual.gamemaker.io/monthly/en/GameMaker_Language/GML_Reference/Drawing/Particles/Particle_Types/part_type_colour1.htm
Drawing.Particles.Particle_Types.part_type_colour2	part_type_colour2	function	part_type_colour2(ind, colour1, colour2);	https://manual.gamemaker.io/monthly/en/GameMaker_Language/GML_Reference/Drawing/Particles/Particle_Types/part_type_colour2.htm
Drawing.Particles.Particle_Types.part_type_colour3	part_type_colour3	function	part_type_colour3( ind, colour1, colour2, colour3 );	https://manual.gamemaker.io/monthly/en/GameMaker_Language/GML_Reference/Drawing/Particles/Particle_Types/part_type_colour3.htm
Drawing.Particles.Particle_Types.part_type_colour_hsv	part_type_colour_hsv	function	part_type_colour_hsv(ind, hmin, hmax, smin, smax, vmin, vmax);	https://manual.gamemaker.io/monthly/en/GameMaker_Language/GML_Reference/Drawing/Particles/Particle_Types/part_type_colour_hsv.htm
Drawing.Particles.Particle_Types.part_type_colour_mix	part_type_colour_mix	function	part_type_colour_mix(ind, colour1, colour2);	https://manual.gamemaker.io/monthly/en/GameMaker_Language/GML_Reference/Drawing/Particles/Particle_Types/part_type_colour_mix.htm
Drawing.Particles.Particle_Types.part_type_colour_rgb	part_type_colour_rgb	function	part_type_colour_rgb(ind, rmin, rmax, gmin, gmax, bmin, bmax)	https://manual.gamemaker.io/monthly/en/GameMaker_Language/GML_Reference/Drawing/Particles/Particle_Types/part_type_colour_rgb.htm
Drawing.Particles.Particle_Types.part_type_create	part_type_create	function	part_type_create()	https://manual.gamemaker.io/monthly/en/GameMaker_Language/GML_Reference/Drawing/Particles/Particle_Types/part_type_create.htm
Drawing.Particles.Particle_Types.part_type_death	part_type_death	function	part_type_death(ind, death_number, death_type);	https://manual.gamemaker.io/monthly/en/GameMaker_Language/GML_Reference/Drawing/Particles/Particle_Types/part_type_death.htm
Drawing.Particles.Particle_Types.part_type_destroy	part_type_destroy	function	part_type_destroy(ind);	https://manual.gamemaker.io/monthly/en/GameMaker_Language/GML_Reference/Drawing/Particles/Particle_Types/part_type_destroy.htm
Drawing.Particles.Particle_Types.part_type_direction	part_type_direction	function	part_type_direction(ind, dir_min, dir_max, dir_incr, dir_wiggle);	https://manual.gamemaker.io/monthly/en/GameMaker_Language/GML_Reference/Drawing/Particles/Particle_Types/part_type_direction.htm
Drawing.Particles.Particle_Types.part_type_exists	part_type_exists	function	part_type_exists(ind);	https://manual.gamemaker.io/monthly/en/GameMaker_Language/GML_Reference/Drawing/Particles/Particle_Types/part_type_exists.htm
Drawing.Particles.Particle_Types.part_type_gravity	part_type_gravity	function	part_type_gravity(ind, grav_amount, grav_direction);	https://manual.gamemaker.io/monthly/en/GameMaker_Language/GML_Reference/Drawing/Particles/Particle_Types/part_type_gravity.htm
Drawing.Particles.Particle_Types.part_type_life	part_type_life	function	part_type_life(ind, life_min, life_max);	https://manual.gamemaker.io/monthly/en/GameMaker_Language/GML_Reference/Drawing/Particles/Particle_Types/part_type_life.htm
Drawing.Particles.Particle_Types.part_type_orientation	part_type_orientation	function	part_type_orientation( ind, ang_min, ang_max, ang_incr, ang_wiggle, ang_relative );	https://manual.gamemaker.io/monthly/en/GameMaker_Language/GML_Reference/Drawing/Particles/Particle_Types/part_type_orientation.htm
Drawing.Particles.Particle_Types.part_type_scale	part_type_scale	function	part_type_scale(ind, xscale, yscale);	https://manual.gamemaker.io/monthly/en/GameMaker_Language/GML_Reference/Drawing/Particles/Particle_Types/part_type_scale.htm
Drawing.Particles.Particle_Types.part_type_shape	part_type_shape	function	part_type_shape(ind, shape);	https://manual.gamemaker.io/monthly/en/GameMaker_Language/GML_Reference/Drawing/Particles/Particle_Types/part_type_shape.htm
Drawing.Particles.Particle_Types.part_type_size	part_type_size	function	part_type_size(ind, size_min, size_max, size_incr, size_wiggle);	https://manual.gamemaker.io/monthly/en/GameMaker_Language/GML_Reference/Drawing/Particles/Particle_Types/part_type_size.htm
Drawing.Particles.Particle_Types.part_type_size_x	part_type_size_x	function	part_type_size_x(ind, size_min_x, size_max_x, size_incr_x, size_wiggle_x);	https://manual.gamemaker.io/monthly/en/GameMaker_Language/GML_Reference/Drawing/Particles/Particle_Types/part_type_size_x.htm
Drawing.Particles.Particle_Types.part_type_size_y	part_type_size_y	function	part_type_size_y(ind, size_min_y, size_max_y, size_incr_y, size_wiggle_y);	https://manual.gamemaker.io/monthly/en/GameMaker_Language/GML_Reference/Drawing/Particles/Particle_Types/part_type_size_y.htm
Drawing.Particles.Particle_Types.part_type_speed	part_type_speed	function	part_type_speed(ind, speed_min, speed_max, speed_incr, speed_wiggle);	https://manual.gamemaker.io/monthly/en/GameMaker_Language/GML_Reference/Drawing/Particles/Particle_Types/part_type_speed.htm
Drawing.Particles.Particle_Types.part_type_sprite	part_type_sprite	function	part_type_sprite(ind, sprite, animate, stretch, random);	https://manual.gamemaker.io/monthly/en/GameMaker_Language/GML_Reference/Drawing/Particles/Particle_Types/part_type_sprite.htm
Drawing.Particles.Particle_Types.part_type_step	part_type_step	function	part_type_step(ind, step_number, step_type);	https://manual.gamemaker.io/monthly/en/GameMaker_Language/GML_Reference/Drawing/Particles/Particle_Types/part_type_step.htm
Drawing.Particles.Particle_Types.part_type_subimage	part_type_subimage	function	part_type_subimage(ind, subimg);	https://manual.gamemaker.io/monthly/en/GameMaker_Language/GML_Reference/Drawing/Particles/Particle_Types/part_type_subimage.htm
Drawing.Particles.Particle_Types.pt_shape_circle	pt_shape_circle	constant	pt_shape_circle	https://manual.gamemaker.io/monthly/en/GameMaker_Language/GML_Reference/Drawing/Particles/Particle_Types/part_type_shape.htm
Drawing.Particles.Particle_Types.pt_shape_cloud	pt_shape_cloud	constant	pt_shape_cloud	https://manual.gamemaker.io/monthly/en/GameMaker_Language/GML_Reference/Drawing/Particles/Particle_Types/part_type_shape.htm
Drawing.Particles.Particle_Types.pt_shape_disk	pt_shape_disk	constant	pt_shape_disk	https://manual.gamemaker.io/monthly/en/GameMaker_Language/GML_Reference/Drawing/Particles/Particle_Types/part_type_shape.htm
Drawing.Particles.Particle_Types.pt_shape_explosion	pt_shape_explosion	constant	pt_shape_explosion	https://manual.gamemaker.io/monthly/en/GameMaker_Language/GML_Reference/Drawing/Particles/Particle_Types/part_type_shape.htm
Drawing.Particles.Particle_Types.pt_shape_flare	pt_shape_flare	constant	pt_shape_flare	https://manual.gamemaker.io/monthly/en/GameMaker_Language/GML_Reference/Drawing/Particles/Particle_Types/part_type_shape.htm
Drawing.Particles.Particle_Types.pt_shape_line	pt_shape_line	constant	pt_shape_line	https://manual.gamemaker.io/monthly/en/GameMaker_Language/GML_Reference/Drawing/Particles/Particle_Types/part_type_shape.htm
Drawing.Particles.Particle_Types.pt_shape_pixel	pt_shape_pixel	constant	pt_shape_pixel	https://manual.gamemaker.io/monthly/en/GameMaker_Language/GML_Reference/Drawing/Particles/Particle_Types/part_type_shape.htm
Drawing.Particles.Particle_Types.pt_shape_ring	pt_shape_ring	constant	pt_shape_ring	https://manual.gamemaker.io/monthly/en/GameMaker_Language/GML_Reference/Drawing/Particles/Particle_Types/part_type_shape.htm
Drawing.Particles.Particle_Types.pt_shape_smoke	pt_shape_smoke	constant	pt_shape_smoke	https://manual.gamemaker.io/monthly/en/GameMaker_Language/GML_Reference/Drawing/Particles/Particle_Types/part_type_shape.htm
Drawing.Particles.Particle_Types.pt_shape_snow	pt_shape_snow	constant	pt_shape_snow	https://manual.gamemaker.io/monthly/en/GameMaker_Language/GML_Reference/Drawing/Particles/Particle_Types/part_type_shape.htm
Drawing.Particles.Particle_Types.pt_shape_spark	pt_shape_spark	constant	pt_shape_spark	https://manual.gamemaker.io/monthly/en/GameMaker_Language/GML_Reference/Drawing/Particles/Particle_Types/part_type_shape.htm
Drawing.Particles.Particle_Types.pt_shape_sphere	pt_shape_sphere	constant	pt_shape_sphere	https://manual.gamemaker.io/monthly/en/GameMaker_Language/GML_Reference/Drawing/Particles/Particle_Types/part_type_shape.htm
Drawing.Particles.Particle_Types.pt_shape_square	pt_shape_square	constant	pt_shape_square	https://manual.gamemaker.io/monthly/en/GameMaker_Language/GML_Reference/Drawing/Particles/Particle_Types/part_type_shape.htm
Drawing.Particles.Particle_Types.pt_shape_star	pt_shape_star	constant	pt_shape_star	https://manual.gamemaker.io/monthly/en/GameMaker_Language/GML_Reference/Drawing/Particles/Particle_Types/part_type_shape.htm
Drawing.Particles.effect_clear	effect_clear	function	effect_clear();	https://manual.gamemaker.io/monthly/en/GameMaker_Language/GML_Reference/Drawing/Particles/effect_clear.htm
Drawing.Particles.effect_create_above	effect_create_above	function	effect_create_above(kind, x, y, size, colour);	https://manual.gamemaker.io/monthly/en/GameMaker_Language/GML_Reference/Drawing/Particles/effect_create_above.htm
Drawing.Particles.effect_create_above	effect_create_above	function	effect_create_above(kind, x, y, size, colour);	https://manual.gamemaker.io/monthly/en/GameMaker_Language/GML_Reference/Drawing/Particles/effect_create_above.htm
Drawing.Particles.effect_create_above	effect_create_above	function	effect_create_above(kind, x, y, size, colour);	https://manual.gamemaker.io/monthly/en/GameMaker_Language/GML_Reference/Drawing/Particles/effect_create_above.htm
Drawing.Particles.effect_create_above	effect_create_above	function	effect_create_above(kind, x, y, size, colour);	https://manual.gamemaker.io/monthly/en/GameMaker_Language/GML_Reference/Drawing/Particles/effect_create_above.htm
Drawing.Particles.effect_create_above	effect_create_above	function	effect_create_above(kind, x, y, size, colour);	https://manual.gamemaker.io/monthly/en/GameMaker_Language/GML_Reference/Drawing/Particles/effect_create_above.htm
Drawing.Particles.effect_create_above	effect_create_above	function	effect_create_above(kind, x, y, size, colour);	https://manual.gamemaker.io/monthly/en/GameMaker_Language/GML_Reference/Drawing/Particles/effect_create_above.htm
Drawing.Particles.effect_create_above	effect_create_above	function	effect_create_above(kind, x, y, size, colour);	https://manual.gamemaker.io/monthly/en/GameMaker_Language/GML_Reference/Drawing/Particles/effect_create_above.htm
Drawing.Particles.effect_create_above	effect_create_above	function	effect_create_above(kind, x, y, size, colour);	https://manual.gamemaker.io/monthly/en/GameMaker_Language/GML_Reference/Drawing/Particles/effect_create_above.htm
Drawing.Particles.effect_create_above	effect_create_above	function	effect_create_above(kind, x, y, size, colour);	https://manual.gamemaker.io/monthly/en/GameMaker_Language/GML_Reference/Drawing/Particles/effect_create_above.htm
Drawing.Particles.effect_create_above	effect_create_above	function	effect_create_above(kind, x, y, size, colour);	https://manual.gamemaker.io/monthly/en/GameMaker_Language/GML_Reference/Drawing/Particles/effect_create_above.htm
Drawing.Particles.effect_create_above	effect_create_above	function	effect_create_above(kind, x, y, size, colour);	https://manual.gamemaker.io/monthly/en/GameMaker_Language/GML_Reference/Drawing/Particles/effect_create_above.htm
Drawing.Particles.effect_create_above	effect_create_above	function	effect_create_above(kind, x, y, size, colour);	https://manual.gamemaker.io/monthly/en/GameMaker_Language/GML_Reference/Drawing/Particles/effect_create_above.htm
Drawing.Particles.effect_create_above	effect_create_above	function	effect_create_above(kind, x, y, size, colour);	https://manual.gamemaker.io/monthly/en/GameMaker_Language/GML_Reference/Drawing/Particles/effect_create_above.htm
Drawing.Particles.effect_create_below	effect_create_below	function	effect_create_below(kind, x, y, size, colour);	https://manual.gamemaker.io/monthly/en/GameMaker_Language/GML_Reference/Drawing/Particles/effect_create_below.htm
Drawing.Particles.effect_create_below	effect_create_below	function	effect_create_below(kind, x, y, size, colour);	https://manual.gamemaker.io/monthly/en/GameMaker_Language/GML_Reference/Drawing/Particles/effect_create_below.htm
Drawing.Particles.effect_create_below	effect_create_below	function	effect_create_below(kind, x, y, size, colour);	https://manual.gamemaker.io/monthly/en/GameMaker_Language/GML_Reference/Drawing/Particles/effect_create_below.htm
Drawing.Particles.effect_create_below	effect_create_below	function	effect_create_below(kind, x, y, size, colour);	https://manual.gamemaker.io/monthly/en/GameMaker_Language/GML_Reference/Drawing/Particles/effect_create_below.htm
Drawing.Particles.effect_create_below	effect_create_below	function	effect_create_below(kind, x, y, size, colour);	https://manual.gamemaker.io/monthly/en/GameMaker_Language/GML_Reference/Drawing/Particles/effect_create_below.htm
Drawing.Particles.effect_create_below	effect_create_below	function	effect_create_below(kind, x, y, size, colour);	https://manual.gamemaker.io/monthly/en/GameMaker_Language/GML_Reference/Drawing/Particles/effect_create_below.htm
Drawing.Particles.effect_create_below	effect_create_below	function	effect_create_below(kind, x, y, size, colour);	https://manual.gamemaker.io/monthly/en/GameMaker_Language/GML_Reference/Drawing/Particles/effect_create_below.htm
Drawing.Particles.effect_create_below	effect_create_below	function	effect_create_below(kind, x, y, size, colour);	https://manual.gamemaker.io/monthly/en/GameMaker_Language/GML_Reference/Drawing/Particles/effect_create_below.htm
Drawing.Particles.effect_create_below	effect_create_below	function	effect_create_below(kind, x, y, size, colour);	https://manual.gamemaker.io/monthly/en/GameMaker_Language/GML_Reference/Drawing/Particles/effect_create_below.htm
Drawing.Particles.effect_create_below	effect_create_below	function	effect_create_below(kind, x, y, size, colour);	https://manual.gamemaker.io/monthly/en/GameMaker_Language/GML_Reference/Drawing/Particles/effect_create_below.htm
Drawing.Particles.effect_create_below	effect_create_below	function	effect_create_below(kind, x, y, size, colour);	https://manual.gamemaker.io/monthly/en/GameMaker_Language/GML_Reference/Drawing/Particles/effect_create_below.htm
Drawing.Particles.effect_create_below	effect_create_below	function	effect_create_below(kind, x, y, size, colour);	https://manual.gamemaker.io/monthly/en/GameMaker_Language/GML_Reference/Drawing/Particles/effect_create_below.htm
Drawing.Particles.effect_create_below	effect_create_below	function	effect_create_below(kind, x, y, size, colour);	https://manual.gamemaker.io/monthly/en/GameMaker_Language/GML_Reference/Drawing/Particles/effect_create_below.htm
Drawing.Particles.effect_create_depth	effect_create_depth	function	effect_create_depth(depth, kind, x, y, size, colour);	https://manual.gamemaker.io/monthly/en/GameMaker_Language/GML_Reference/Drawing/Particles/effect_create_depth.htm
Drawing.Particles.effect_create_layer	effect_create_layer	function	effect_create_layer(layer_id, kind, x, y, size, colour);	https://manual.gamemaker.io/monthly/en/GameMaker_Language/GML_Reference/Drawing/Particles/effect_create_layer.htm
Drawing.Particles.particle_get_info	particle_get_info	function	particle_get_info(partsys);	https://manual.gamemaker.io/monthly/en/GameMaker_Language/GML_Reference/Drawing/Particles/particle_get_info.htm
Drawing.Particles.ps_mode_burst	ps_mode_burst	constant	ps_mode_burst	https://manual.gamemaker.io/monthly/en/GameMaker_Language/GML_Reference/Drawing/Particles/particle_get_info.htm
Drawing.Particles.ps_mode_stream	ps_mode_stream	constant	ps_mode_stream	https://manual.gamemaker.io/monthly/en/GameMaker_Language/GML_Reference/Drawing/Particles/particle_get_info.htm
Drawing.Primitives.draw_primitive_begin	draw_primitive_begin	function	draw_primitive_begin(kind);	https://manual.gamemaker.io/monthly/en/GameMaker_Language/GML_Reference/Drawing/Primitives/draw_primitive_begin.htm
Drawing.Primitives.draw_primitive_begin	draw_primitive_begin	function	draw_primitive_begin(kind);	https://manual.gamemaker.io/monthly/en/GameMaker_Language/GML_Reference/Drawing/Primitives/draw_primitive_begin.htm
Drawing.Primitives.draw_primitive_begin	draw_primitive_begin	function	draw_primitive_begin(kind);	https://manual.gamemaker.io/monthly/en/GameMaker_Language/GML_Reference/Drawing/Primitives/draw_primitive_begin.htm
Drawing.Primitives.draw_primitive_begin	draw_primitive_begin	function	draw_primitive_begin(kind);	https://manual.gamemaker.io/monthly/en/GameMaker_Language/GML_Reference/Drawing/Primitives/draw_primitive_begin.htm
Drawing.Primitives.draw_primitive_begin	draw_primitive_begin	function	draw_primitive_begin(kind);	https://manual.gamemaker.io/monthly/en/GameMaker_Language/GML_Reference/Drawing/Primitives/draw_primitive_begin.htm
Drawing.Primitives.draw_primitive_begin	draw_primitive_begin	function	draw_primitive_begin(kind);	https://manual.gamemaker.io/monthly/en/GameMaker_Language/GML_Reference/Drawing/Primitives/draw_primitive_begin.htm
Drawing.Primitives.draw_primitive_begin_texture	draw_primitive_begin_texture	function	draw_primitive_begin_texture(kind, tex)	https://manual.gamemaker.io/monthly/en/GameMaker_Language/GML_Reference/Drawing/Primitives/draw_primitive_begin_texture.htm
Drawing.Primitives.draw_primitive_end	draw_primitive_end	function	draw_primitive_end();	https://manual.gamemaker.io/monthly/en/GameMaker_Language/GML_Reference/Drawing/Primitives/draw_primitive_end.htm
Drawing.Primitives.draw_vertex	draw_vertex	function	draw_vertex(x, y)	https://manual.gamemaker.io/monthly/en/GameMaker_Language/GML_Reference/Drawing/Primitives/draw_vertex.htm
Drawing.Primitives.draw_vertex_color	draw_vertex_color	unknown	undefined	https://manual.gamemaker.io/monthly/en/GameMaker_Language/GML_Reference/Drawing/Primitives/draw_vertex_colour.htm
Drawing.Primitives.draw_vertex_colour	draw_vertex_colour	function	draw_vertex_colour(x, y, col, alpha)	https://manual.gamemaker.io/monthly/en/GameMaker_Language/GML_Reference/Drawing/Primitives/draw_vertex_colour.htm
Drawing.Primitives.draw_vertex_texture	draw_vertex_texture	function	draw_vertex_texture(x, y, xtex, ytex)	https://manual.gamemaker.io/monthly/en/GameMaker_Language/GML_Reference/Drawing/Primitives/draw_vertex_texture.htm
Drawing.Primitives.draw_vertex_texture_color	draw_vertex_texture_color	unknown	undefined	https://manual.gamemaker.io/monthly/en/GameMaker_Language/GML_Reference/Drawing/Primitives/draw_vertex_texture_colour.htm
Drawing.Primitives.draw_vertex_texture_colour	draw_vertex_texture_colour	function	draw_vertex_texture_colour(x, y, xtex, ytex, col, alpha)	https://manual.gamemaker.io/monthly/en/GameMaker_Language/GML_Reference/Drawing/Primitives/draw_vertex_texture_colour.htm
Drawing.Primitives.pr_trianglefan	pr_trianglefan	constant	pr_trianglefan	https://manual.gamemaker.io/monthly/en/GameMaker_Language/GML_Reference/Drawing/Primitives/draw_primitive_begin.htm
Drawing.Primitives.vertex_argb	vertex_argb	function	vertex_argb(buffer, argb);	https://manual.gamemaker.io/monthly/en/GameMaker_Language/GML_Reference/Drawing/Primitives/vertex_argb.htm
Drawing.Primitives.vertex_begin	vertex_begin	function	vertex_begin(buffer, format);	https://manual.gamemaker.io/monthly/en/GameMaker_Language/GML_Reference/Drawing/Primitives/vertex_begin.htm
Drawing.Primitives.vertex_color	vertex_color	unknown	undefined	https://manual.gamemaker.io/monthly/en/GameMaker_Language/GML_Reference/Drawing/Primitives/vertex_colour.htm
Drawing.Primitives.vertex_colour	vertex_colour	function	vertex_colour(buffer, colour, alpha);	https://manual.gamemaker.io/monthly/en/GameMaker_Language/GML_Reference/Drawing/Primitives/vertex_colour.htm
Drawing.Primitives.vertex_create_buffer	vertex_create_buffer	function	vertex_create_buffer();	https://manual.gamemaker.io/monthly/en/GameMaker_Language/GML_Reference/Drawing/Primitives/vertex_create_buffer.htm
Drawing.Primitives.vertex_create_buffer_ext	vertex_create_buffer_ext	function	vertex_create_buffer_ext(size);	https://manual.gamemaker.io/monthly/en/GameMaker_Language/GML_Reference/Drawing/Primitives/vertex_create_buffer_ext.htm
Drawing.Primitives.vertex_create_buffer_from_buffer	vertex_create_buffer_from_buffer	function	vertex_create_buffer_from_buffer(buffer, format);	https://manual.gamemaker.io/monthly/en/GameMaker_Language/GML_Reference/Drawing/Primitives/vertex_create_buffer_from_buffer.htm
Drawing.Primitives.vertex_create_buffer_from_buffer_ext	vertex_create_buffer_from_buffer_ext	function	vertex_create_buffer_from_buffer_ext(buffer, format, src_offset, vert_num);	https://manual.gamemaker.io/monthly/en/GameMaker_Language/GML_Reference/Drawing/Primitives/vertex_create_buffer_from_buffer_ext.htm
Drawing.Primitives.vertex_delete_buffer	vertex_delete_buffer	function	vertex_delete_buffer(buffer);	https://manual.gamemaker.io/monthly/en/GameMaker_Language/GML_Reference/Drawing/Primitives/vertex_delete_buffer.htm
Drawing.Primitives.vertex_end	vertex_end	function	vertex_end(buffer);	https://manual.gamemaker.io/monthly/en/GameMaker_Language/GML_Reference/Drawing/Primitives/vertex_end.htm
Drawing.Primitives.vertex_float1	vertex_float1	function	vertex_float1(buffer, float);	https://manual.gamemaker.io/monthly/en/GameMaker_Language/GML_Reference/Drawing/Primitives/vertex_float1.htm
Drawing.Primitives.vertex_float2	vertex_float2	function	vertex_float2(buffer, float, float);	https://manual.gamemaker.io/monthly/en/GameMaker_Language/GML_Reference/Drawing/Primitives/vertex_float2.htm
Drawing.Primitives.vertex_float3	vertex_float3	function	vertex_float3(buffer, float, float, float);	https://manual.gamemaker.io/monthly/en/GameMaker_Language/GML_Reference/Drawing/Primitives/vertex_float3.htm
Drawing.Primitives.vertex_float4	vertex_float4	function	vertex_float4(buffer, float, float, float, float);	https://manual.gamemaker.io/monthly/en/GameMaker_Language/GML_Reference/Drawing/Primitives/vertex_float4.htm
Drawing.Primitives.vertex_format_add_color	vertex_format_add_color	unknown	undefined	https://manual.gamemaker.io/monthly/en/GameMaker_Language/GML_Reference/Drawing/Primitives/vertex_format_add_colour.htm
Drawing.Primitives.vertex_format_add_colour	vertex_format_add_colour	function	vertex_format_add_colour();	https://manual.gamemaker.io/monthly/en/GameMaker_Language/GML_Reference/Drawing/Primitives/vertex_format_add_colour.htm
Drawing.Primitives.vertex_format_add_custom	vertex_format_add_custom	function	vertex_format_add_custom(type, usage);	https://manual.gamemaker.io/monthly/en/GameMaker_Language/GML_Reference/Drawing/Primitives/vertex_format_add_custom.htm
Drawing.Primitives.vertex_format_add_normal	vertex_format_add_normal	function	vertex_format_add_normal();	https://manual.gamemaker.io/monthly/en/GameMaker_Language/GML_Reference/Drawing/Primitives/vertex_format_add_normal.htm
Drawing.Primitives.vertex_format_add_position	vertex_format_add_position	function	vertex_format_add_position();	https://manual.gamemaker.io/monthly/en/GameMaker_Language/GML_Reference/Drawing/Primitives/vertex_format_add_position.htm
Drawing.Primitives.vertex_format_add_position_3d	vertex_format_add_position_3d	function	vertex_format_add_position_3d();	https://manual.gamemaker.io/monthly/en/GameMaker_Language/GML_Reference/Drawing/Primitives/vertex_format_add_position_3d.htm
Drawing.Primitives.vertex_format_add_texcoord	vertex_format_add_texcoord	function	vertex_format_add_texcoord();	https://manual.gamemaker.io/monthly/en/GameMaker_Language/GML_Reference/Drawing/Primitives/vertex_format_add_texcoord.htm
Drawing.Primitives.vertex_format_begin	vertex_format_begin	function	vertex_format_begin();	https://manual.gamemaker.io/monthly/en/GameMaker_Language/GML_Reference/Drawing/Primitives/vertex_format_begin.htm
Drawing.Primitives.vertex_format_delete	vertex_format_delete	function	vertex_format_delete(format_id);	https://manual.gamemaker.io/monthly/en/GameMaker_Language/GML_Reference/Drawing/Primitives/vertex_format_delete.htm
Drawing.Primitives.vertex_format_end	vertex_format_end	function	vertex_format_end();	https://manual.gamemaker.io/monthly/en/GameMaker_Language/GML_Reference/Drawing/Primitives/vertex_format_end.htm
Drawing.Primitives.vertex_freeze	vertex_freeze	function	vertex_freeze(buffer);	https://manual.gamemaker.io/monthly/en/GameMaker_Language/GML_Reference/Drawing/Primitives/vertex_freeze.htm
Drawing.Primitives.vertex_get_buffer_size	vertex_get_buffer_size	function	vertex_get_buffer_size(buffer);	https://manual.gamemaker.io/monthly/en/GameMaker_Language/GML_Reference/Drawing/Primitives/vertex_get_buffer_size.htm
Drawing.Primitives.vertex_get_number	vertex_get_number	function	vertex_get_number(buffer);	https://manual.gamemaker.io/monthly/en/GameMaker_Language/GML_Reference/Drawing/Primitives/vertex_get_number.htm
Drawing.Primitives.vertex_normal	vertex_normal	function	vertex_normal(buffer, nx, ny, nz);	https://manual.gamemaker.io/monthly/en/GameMaker_Language/GML_Reference/Drawing/Primitives/vertex_normal.htm
Drawing.Primitives.vertex_position	vertex_position	function	vertex_position(buffer, x, y);	https://manual.gamemaker.io/monthly/en/GameMaker_Language/GML_Reference/Drawing/Primitives/vertex_position.htm
Drawing.Primitives.vertex_position_3d	vertex_position_3d	function	vertex_position_3d(buffer, x, y, z);	https://manual.gamemaker.io/monthly/en/GameMaker_Language/GML_Reference/Drawing/Primitives/vertex_position_3d.htm
Drawing.Primitives.vertex_submit	vertex_submit	function	vertex_submit(buffer, primitive, texture);	https://manual.gamemaker.io/monthly/en/GameMaker_Language/GML_Reference/Drawing/Primitives/vertex_submit.htm
Drawing.Primitives.vertex_submit	vertex_submit	function	vertex_submit(buffer, primitive, texture);	https://manual.gamemaker.io/monthly/en/GameMaker_Language/GML_Reference/Drawing/Primitives/vertex_submit.htm
Drawing.Primitives.vertex_submit	vertex_submit	function	vertex_submit(buffer, primitive, texture);	https://manual.gamemaker.io/monthly/en/GameMaker_Language/GML_Reference/Drawing/Primitives/vertex_submit.htm
Drawing.Primitives.vertex_submit	vertex_submit	function	vertex_submit(buffer, primitive, texture);	https://manual.gamemaker.io/monthly/en/GameMaker_Language/GML_Reference/Drawing/Primitives/vertex_submit.htm
Drawing.Primitives.vertex_submit	vertex_submit	function	vertex_submit(buffer, primitive, texture);	https://manual.gamemaker.io/monthly/en/GameMaker_Language/GML_Reference/Drawing/Primitives/vertex_submit.htm
Drawing.Primitives.vertex_submit	vertex_submit	function	vertex_submit(buffer, primitive, texture);	https://manual.gamemaker.io/monthly/en/GameMaker_Language/GML_Reference/Drawing/Primitives/vertex_submit.htm
Drawing.Primitives.vertex_submit_ext	vertex_submit_ext	function	vertex_submit_ext(buffer, primtype, texture, offset, number);	https://manual.gamemaker.io/monthly/en/GameMaker_Language/GML_Reference/Drawing/Primitives/vertex_submit_ext.htm
Drawing.Primitives.vertex_texcoord	vertex_texcoord	function	vertex_texcoord(buffer, u, v);	https://manual.gamemaker.io/monthly/en/GameMaker_Language/GML_Reference/Drawing/Primitives/vertex_texcoord.htm
Drawing.Primitives.vertex_type_colour	vertex_type_colour	constant	vertex_type_colour	https://manual.gamemaker.io/monthly/en/GameMaker_Language/GML_Reference/Drawing/Primitives/vertex_format_add_custom.htm
Drawing.Primitives.vertex_type_float1	vertex_type_float1	constant	vertex_type_float1	https://manual.gamemaker.io/monthly/en/GameMaker_Language/GML_Reference/Drawing/Primitives/vertex_format_add_custom.htm
Drawing.Primitives.vertex_type_float2	vertex_type_float2	constant	vertex_type_float2	https://manual.gamemaker.io/monthly/en/GameMaker_Language/GML_Reference/Drawing/Primitives/vertex_format_add_custom.htm
Drawing.Primitives.vertex_type_float3	vertex_type_float3	constant	vertex_type_float3	https://manual.gamemaker.io/monthly/en/GameMaker_Language/GML_Reference/Drawing/Primitives/vertex_format_add_custom.htm
Drawing.Primitives.vertex_type_float4	vertex_type_float4	constant	vertex_type_float4	https://manual.gamemaker.io/monthly/en/GameMaker_Language/GML_Reference/Drawing/Primitives/vertex_format_add_custom.htm
Drawing.Primitives.vertex_type_ubyte4	vertex_type_ubyte4	constant	vertex_type_ubyte4	https://manual.gamemaker.io/monthly/en/GameMaker_Language/GML_Reference/Drawing/Primitives/vertex_format_add_custom.htm
Drawing.Primitives.vertex_ubyte4	vertex_ubyte4	function	vertex_ubyte4(buffer, byte, byte, byte, byte);	https://manual.gamemaker.io/monthly/en/GameMaker_Language/GML_Reference/Drawing/Primitives/vertex_ubyte4.htm
Drawing.Primitives.vertex_update_buffer_from_buffer	vertex_update_buffer_from_buffer	function	vertex_update_buffer_from_buffer(dest_vbuff, dest_offset, src_buffer[, src_offset, src_size]);	https://manual.gamemaker.io/monthly/en/GameMaker_Language/GML_Reference/Drawing/Primitives/vertex_update_buffer_from_buffer.htm
Drawing.Primitives.vertex_usage_binormal	vertex_usage_binormal	constant	vertex_usage_binormal	https://manual.gamemaker.io/monthly/en/GameMaker_Language/GML_Reference/Drawing/Primitives/vertex_format_add_custom.htm
Drawing.Primitives.vertex_usage_blendindices	vertex_usage_blendindices	constant	vertex_usage_blendindices	https://manual.gamemaker.io/monthly/en/GameMaker_Language/GML_Reference/Drawing/Primitives/vertex_format_add_custom.htm
Drawing.Primitives.vertex_usage_blendweight	vertex_usage_blendweight	constant	vertex_usage_blendweight	https://manual.gamemaker.io/monthly/en/GameMaker_Language/GML_Reference/Drawing/Primitives/vertex_format_add_custom.htm
Drawing.Primitives.vertex_usage_colour	vertex_usage_colour	constant	vertex_usage_colour	https://manual.gamemaker.io/monthly/en/GameMaker_Language/GML_Reference/Drawing/Primitives/vertex_format_add_custom.htm
Drawing.Primitives.vertex_usage_depth	vertex_usage_depth	constant	vertex_usage_depth	https://manual.gamemaker.io/monthly/en/GameMaker_Language/GML_Reference/Drawing/Primitives/vertex_format_add_custom.htm
Drawing.Primitives.vertex_usage_fog	vertex_usage_fog	constant	vertex_usage_fog	https://manual.gamemaker.io/monthly/en/GameMaker_Language/GML_Reference/Drawing/Primitives/vertex_format_add_custom.htm
Drawing.Primitives.vertex_usage_normal	vertex_usage_normal	constant	vertex_usage_normal	https://manual.gamemaker.io/monthly/en/GameMaker_Language/GML_Reference/Drawing/Primitives/vertex_format_add_custom.htm
Drawing.Primitives.vertex_usage_position	vertex_usage_position	constant	vertex_usage_position	https://manual.gamemaker.io/monthly/en/GameMaker_Language/GML_Reference/Drawing/Primitives/vertex_format_add_custom.htm
Drawing.Primitives.vertex_usage_sample	vertex_usage_sample	constant	vertex_usage_sample	https://manual.gamemaker.io/monthly/en/GameMaker_Language/GML_Reference/Drawing/Primitives/vertex_format_add_custom.htm
Drawing.Primitives.vertex_usage_tangent	vertex_usage_tangent	constant	vertex_usage_tangent	https://manual.gamemaker.io/monthly/en/GameMaker_Language/GML_Reference/Drawing/Primitives/vertex_format_add_custom.htm
Drawing.Primitives.vertex_usage_textcoord	vertex_usage_textcoord	constant	vertex_usage_textcoord	https://manual.gamemaker.io/monthly/en/GameMaker_Language/GML_Reference/Drawing/Primitives/vertex_format_add_custom.htm
Drawing.Sprites_And_Tiles.draw_enable_swf_aa	draw_enable_swf_aa	function	draw_enable_swf_aa(enable);	https://manual.gamemaker.io/monthly/en/GameMaker_Language/GML_Reference/Drawing/Sprites_And_Tiles/draw_enable_swf_aa.htm
Drawing.Sprites_And_Tiles.draw_get_swf_aa_level	draw_get_swf_aa_level	function	draw_get_swf_aa_level();	https://manual.gamemaker.io/monthly/en/GameMaker_Language/GML_Reference/Drawing/Sprites_And_Tiles/draw_get_swf_aa_level.htm
Drawing.Sprites_And_Tiles.draw_self	draw_self	function	draw_self();	https://manual.gamemaker.io/monthly/en/GameMaker_Language/GML_Reference/Drawing/Sprites_And_Tiles/draw_self.htm
Drawing.Sprites_And_Tiles.draw_set_swf_aa_level	draw_set_swf_aa_level	function	draw_set_swf_aa_level(AA);	https://manual.gamemaker.io/monthly/en/GameMaker_Language/GML_Reference/Drawing/Sprites_And_Tiles/draw_set_swf_aa_level.htm
Drawing.Sprites_And_Tiles.draw_sprite	draw_sprite	function	draw_sprite(sprite, subimg, x, y);	https://manual.gamemaker.io/monthly/en/GameMaker_Language/GML_Reference/Drawing/Sprites_And_Tiles/draw_sprite.htm
Drawing.Sprites_And_Tiles.draw_sprite_ext	draw_sprite_ext	function	draw_sprite_ext( sprite, subimg, x, y, xscale, yscale, rot, colour, alpha );	https://manual.gamemaker.io/monthly/en/GameMaker_Language/GML_Reference/Drawing/Sprites_And_Tiles/draw_sprite_ext.htm
Drawing.Sprites_And_Tiles.draw_sprite_general	draw_sprite_general	function	draw_sprite_general(sprite, subimg, left, top, width, height, x, y, xscale, yscale, rot, c1, c2, c3, c4, alpha);	https://manual.gamemaker.io/monthly/en/GameMaker_Language/GML_Reference/Drawing/Sprites_And_Tiles/draw_sprite_general.htm
Drawing.Sprites_And_Tiles.draw_sprite_part	draw_sprite_part	function	draw_sprite_part(sprite, subimg, left, top, width, height, x, y);	https://manual.gamemaker.io/monthly/en/GameMaker_Language/GML_Reference/Drawing/Sprites_And_Tiles/draw_sprite_part.htm
Drawing.Sprites_And_Tiles.draw_sprite_part_ext	draw_sprite_part_ext	function	draw_sprite_part_ext(sprite, subimg, left, top, width, height, x, y, xscale, yscale, colour, alpha);	https://manual.gamemaker.io/monthly/en/GameMaker_Language/GML_Reference/Drawing/Sprites_And_Tiles/draw_sprite_part_ext.htm
Drawing.Sprites_And_Tiles.draw_sprite_pos	draw_sprite_pos	function	draw_sprite_pos(sprite, subimg, x1, y1, x2, y2, x3, y3, x4, y4, alpha);	https://manual.gamemaker.io/monthly/en/GameMaker_Language/GML_Reference/Drawing/Sprites_And_Tiles/draw_sprite_pos.htm
Drawing.Sprites_And_Tiles.draw_sprite_stretched	draw_sprite_stretched	function	draw_sprite_stretched(sprite, subimg, x, y, w, h);	https://manual.gamemaker.io/monthly/en/GameMaker_Language/GML_Reference/Drawing/Sprites_And_Tiles/draw_sprite_stretched.htm
Drawing.Sprites_And_Tiles.draw_sprite_stretched_ext	draw_sprite_stretched_ext	function	draw_sprite_stretched_ext(sprite, subimg, x, y, w, h, colour, alpha);	https://manual.gamemaker.io/monthly/en/GameMaker_Language/GML_Reference/Drawing/Sprites_And_Tiles/draw_sprite_stretched_ext.htm
Drawing.Sprites_And_Tiles.draw_sprite_tiled	draw_sprite_tiled	function	draw_sprite_tiled(sprite, subimg, x, y);	https://manual.gamemaker.io/monthly/en/GameMaker_Language/GML_Reference/Drawing/Sprites_And_Tiles/draw_sprite_tiled.htm
Drawing.Sprites_And_Tiles.draw_sprite_tiled_ext	draw_sprite_tiled_ext	function	draw_sprite_tiled_ext(sprite, subimg, x, y, xscale, yscale, colour, alpha);	https://manual.gamemaker.io/monthly/en/GameMaker_Language/GML_Reference/Drawing/Sprites_And_Tiles/draw_sprite_tiled_ext.htm
Drawing.Sprites_And_Tiles.draw_tile	draw_tile	function	draw_tile(tileset, tiledata, frame, x, y)	https://manual.gamemaker.io/monthly/en/GameMaker_Language/GML_Reference/Drawing/Sprites_And_Tiles/draw_tile.htm
Drawing.Sprites_And_Tiles.draw_tile	draw_tile	function	draw_tile(tileset, tiledata, frame, x, y)	https://manual.gamemaker.io/monthly/en/GameMaker_Language/GML_Reference/Drawing/Sprites_And_Tiles/draw_tile.htm
Drawing.Sprites_And_Tiles.draw_tile	draw_tile	function	draw_tile(tileset, tiledata, frame, x, y)	https://manual.gamemaker.io/monthly/en/GameMaker_Language/GML_Reference/Drawing/Sprites_And_Tiles/draw_tile.htm
Drawing.Sprites_And_Tiles.draw_tile	draw_tile	function	draw_tile(tileset, tiledata, frame, x, y)	https://manual.gamemaker.io/monthly/en/GameMaker_Language/GML_Reference/Drawing/Sprites_And_Tiles/draw_tile.htm
Drawing.Sprites_And_Tiles.draw_tile	draw_tile	function	draw_tile(tileset, tiledata, frame, x, y)	https://manual.gamemaker.io/monthly/en/GameMaker_Language/GML_Reference/Drawing/Sprites_And_Tiles/draw_tile.htm
Drawing.Sprites_And_Tiles.draw_tilemap	draw_tilemap	function	draw_tilemap(tilemap_element_id, x, y);	https://manual.gamemaker.io/monthly/en/GameMaker_Language/GML_Reference/Drawing/Sprites_And_Tiles/draw_tilemap.htm
Drawing.Surfaces.application_get_position	application_get_position	function	application_get_position();	https://manual.gamemaker.io/monthly/en/GameMaker_Language/GML_Reference/Drawing/Surfaces/application_get_position.htm
Drawing.Surfaces.application_surface	application_surface	variable	application_surface;	https://manual.gamemaker.io/monthly/en/GameMaker_Language/GML_Reference/Drawing/Surfaces/application_surface.htm
Drawing.Surfaces.application_surface_draw_enable	application_surface_draw_enable	function	application_surface_draw_enable(flag);	https://manual.gamemaker.io/monthly/en/GameMaker_Language/GML_Reference/Drawing/Surfaces/application_surface_draw_enable.htm
Drawing.Surfaces.application_surface_enable	application_surface_enable	function	application_surface_enable(enable);	https://manual.gamemaker.io/monthly/en/GameMaker_Language/GML_Reference/Drawing/Surfaces/application_surface_enable.htm
Drawing.Surfaces.application_surface_is_enabled	application_surface_is_enabled	function	application_surface_is_enabled();	https://manual.gamemaker.io/monthly/en/GameMaker_Language/GML_Reference/Drawing/Surfaces/application_surface_is_enabled.htm
Drawing.Surfaces.draw_surface	draw_surface	function	draw_surface(id, x, y);	https://manual.gamemaker.io/monthly/en/GameMaker_Language/GML_Reference/Drawing/Surfaces/draw_surface.htm
Drawing.Surfaces.draw_surface_ext	draw_surface_ext	function	draw_surface_ext(id, x, y, xscale, yscale, rot, col, alpha);	https://manual.gamemaker.io/monthly/en/GameMaker_Language/GML_Reference/Drawing/Surfaces/draw_surface_ext.htm
Drawing.Surfaces.draw_surface_general	draw_surface_general	function	draw_surface_general(surface, left, top, w, h, x, y, xscale, yscale, rot, c1, c2, c3, c4, alpha);	https://manual.gamemaker.io/monthly/en/GameMaker_Language/GML_Reference/Drawing/Surfaces/draw_surface_general.htm
Drawing.Surfaces.draw_surface_part	draw_surface_part	function	draw_surface_part(surface, left, top, w, h, x, y);	https://manual.gamemaker.io/monthly/en/GameMaker_Language/GML_Reference/Drawing/Surfaces/draw_surface_part.htm
Drawing.Surfaces.draw_surface_part_ext	draw_surface_part_ext	function	draw_surface_part_ext(surface, left, top, w, h, x, y, xscale, yscale, colour, alpha);	https://manual.gamemaker.io/monthly/en/GameMaker_Language/GML_Reference/Drawing/Surfaces/draw_surface_part_ext.htm
Drawing.Surfaces.draw_surface_stretched	draw_surface_stretched	function	draw_surface_stretched(surface, x, y, w, h);	https://manual.gamemaker.io/monthly/en/GameMaker_Language/GML_Reference/Drawing/Surfaces/draw_surface_stretched.htm
Drawing.Surfaces.draw_surface_stretched_ext	draw_surface_stretched_ext	function	draw_surface_stretched_ext(surface, x, y, w, h, col, alpha);	https://manual.gamemaker.io/monthly/en/GameMaker_Language/GML_Reference/Drawing/Surfaces/draw_surface_stretched_ext.htm
Drawing.Surfaces.draw_surface_tiled	draw_surface_tiled	function	draw_surface_tiled(surface, x, y);	https://manual.gamemaker.io/monthly/en/GameMaker_Language/GML_Reference/Drawing/Surfaces/draw_surface_tiled.htm
Drawing.Surfaces.draw_surface_tiled_ext	draw_surface_tiled_ext	function	draw_surface_tiled_ext(surface, x, y, xscale, yscale, col, alpha);	https://manual.gamemaker.io/monthly/en/GameMaker_Language/GML_Reference/Drawing/Surfaces/draw_surface_tiled_ext.htm
Drawing.Surfaces.surface_copy	surface_copy	function	surface_copy(destination, x, y, source);	https://manual.gamemaker.io/monthly/en/GameMaker_Language/GML_Reference/Drawing/Surfaces/surface_copy.htm
Drawing.Surfaces.surface_copy_part	surface_copy_part	function	surface_copy_part(destination, x, y, source, xs, ys, ws, hs);	https://manual.gamemaker.io/monthly/en/GameMaker_Language/GML_Reference/Drawing/Surfaces/surface_copy_part.htm
Drawing.Surfaces.surface_create	surface_create	function	surface_create(w, h, [format]);	https://manual.gamemaker.io/monthly/en/GameMaker_Language/GML_Reference/Drawing/Surfaces/surface_create.htm
Drawing.Surfaces.surface_create_ext	surface_create_ext	function	surface_create_ext(name, w, h);	https://manual.gamemaker.io/monthly/en/GameMaker_Language/GML_Reference/Drawing/Surfaces/surface_create_ext.htm
Drawing.Surfaces.surface_depth_disable	surface_depth_disable	function	surface_depth_disable(disable);	https://manual.gamemaker.io/monthly/en/GameMaker_Language/GML_Reference/Drawing/Surfaces/surface_depth_disable.htm
Drawing.Surfaces.surface_exists	surface_exists	function	surface_exists(surface);	https://manual.gamemaker.io/monthly/en/GameMaker_Language/GML_Reference/Drawing/Surfaces/surface_exists.htm
Drawing.Surfaces.surface_format_is_supported	surface_format_is_supported	function	surface_format_is_supported(format);	https://manual.gamemaker.io/monthly/en/GameMaker_Language/GML_Reference/Drawing/Surfaces/surface_format_is_supported.htm
Drawing.Surfaces.surface_free	surface_free	function	surface_free(surface);	https://manual.gamemaker.io/monthly/en/GameMaker_Language/GML_Reference/Drawing/Surfaces/surface_free.htm
Drawing.Surfaces.surface_get_depth_disable	surface_get_depth_disable	function	surface_get_depth_disable();	https://manual.gamemaker.io/monthly/en/GameMaker_Language/GML_Reference/Drawing/Surfaces/surface_get_depth_disable.htm
Drawing.Surfaces.surface_get_format	surface_get_format	function	surface_get_format(surface_id);	https://manual.gamemaker.io/monthly/en/GameMaker_Language/GML_Reference/Drawing/Surfaces/surface_get_format.htm
Drawing.Surfaces.surface_get_height	surface_get_height	function	surface_get_height(surface_id);	https://manual.gamemaker.io/monthly/en/GameMaker_Language/GML_Reference/Drawing/Surfaces/surface_get_height.htm
Drawing.Surfaces.surface_get_target	surface_get_target	function	surface_get_target();	https://manual.gamemaker.io/monthly/en/GameMaker_Language/GML_Reference/Drawing/Surfaces/surface_get_target.htm
Drawing.Surfaces.surface_get_target_depth	surface_get_target_depth	function	surface_get_target_depth()	https://manual.gamemaker.io/monthly/en/GameMaker_Language/GML_Reference/Drawing/Surfaces/surface_get_target_depth.htm
Drawing.Surfaces.surface_get_target_ext	surface_get_target_ext	function	surface_get_target_ext(index);	https://manual.gamemaker.io/monthly/en/GameMaker_Language/GML_Reference/Drawing/Surfaces/surface_get_target_ext.htm
Drawing.Surfaces.surface_get_texture	surface_get_texture	function	surface_get_texture(surface_id);	https://manual.gamemaker.io/monthly/en/GameMaker_Language/GML_Reference/Drawing/Surfaces/surface_get_texture.htm
Drawing.Surfaces.surface_get_width	surface_get_width	function	surface_get_width(surface_id);	https://manual.gamemaker.io/monthly/en/GameMaker_Language/GML_Reference/Drawing/Surfaces/surface_get_width.htm
Drawing.Surfaces.surface_getpixel	surface_getpixel	function	surface_getpixel(surface_id, x, y);	https://manual.gamemaker.io/monthly/en/GameMaker_Language/GML_Reference/Drawing/Surfaces/surface_getpixel.htm
Drawing.Surfaces.surface_getpixel_ext	surface_getpixel_ext	function	surface_getpixel_ext(surface_id, x, y);	https://manual.gamemaker.io/monthly/en/GameMaker_Language/GML_Reference/Drawing/Surfaces/surface_getpixel_ext.htm
Drawing.Surfaces.surface_has_depth	surface_has_depth	function	surface_has_depth(surface)	https://manual.gamemaker.io/monthly/en/GameMaker_Language/GML_Reference/Drawing/Surfaces/surface_has_depth.htm
Drawing.Surfaces.surface_r16float	surface_r16float	constant	surface_r16float	https://manual.gamemaker.io/monthly/en/GameMaker_Language/GML_Reference/Drawing/Surfaces/surface_create.htm
Drawing.Surfaces.surface_r32float	surface_r32float	constant	surface_r32float	https://manual.gamemaker.io/monthly/en/GameMaker_Language/GML_Reference/Drawing/Surfaces/surface_create.htm
Drawing.Surfaces.surface_r8unorm	surface_r8unorm	constant	surface_r8unorm	https://manual.gamemaker.io/monthly/en/GameMaker_Language/GML_Reference/Drawing/Surfaces/surface_create.htm
Drawing.Surfaces.surface_resize	surface_resize	function	surface_resize(surface_id, w, h);	https://manual.gamemaker.io/monthly/en/GameMaker_Language/GML_Reference/Drawing/Surfaces/surface_resize.htm
Drawing.Surfaces.surface_rg8unorm	surface_rg8unorm	constant	surface_rg8unorm	https://manual.gamemaker.io/monthly/en/GameMaker_Language/GML_Reference/Drawing/Surfaces/surface_create.htm
Drawing.Surfaces.surface_rgba16float	surface_rgba16float	constant	surface_rgba16float	https://manual.gamemaker.io/monthly/en/GameMaker_Language/GML_Reference/Drawing/Surfaces/surface_create.htm
Drawing.Surfaces.surface_rgba32float	surface_rgba32float	constant	surface_rgba32float	https://manual.gamemaker.io/monthly/en/GameMaker_Language/GML_Reference/Drawing/Surfaces/surface_create.htm
Drawing.Surfaces.surface_rgba4unorm	surface_rgba4unorm	constant	surface_rgba4unorm	https://manual.gamemaker.io/monthly/en/GameMaker_Language/GML_Reference/Drawing/Surfaces/surface_create.htm
Drawing.Surfaces.surface_rgba8unorm	surface_rgba8unorm	constant	surface_rgba8unorm	https://manual.gamemaker.io/monthly/en/GameMaker_Language/GML_Reference/Drawing/Surfaces/surface_create.htm
Drawing.Surfaces.surface_save	surface_save	function	surface_save(surface_id, fname);	https://manual.gamemaker.io/monthly/en/GameMaker_Language/GML_Reference/Drawing/Surfaces/surface_save.htm
Drawing.Surfaces.surface_save_part	surface_save_part	function	surface_save_part(surface_id, fname, x, y, width, height);	https://manual.gamemaker.io/monthly/en/GameMaker_Language/GML_Reference/Drawing/Surfaces/surface_save_part.htm
Drawing.Text.draw_get_font	draw_get_font	function	draw_get_font();	https://manual.gamemaker.io/monthly/en/GameMaker_Language/GML_Reference/Drawing/Text/draw_get_font.htm
Drawing.Text.draw_get_halign	draw_get_halign	function	draw_get_halign();	https://manual.gamemaker.io/monthly/en/GameMaker_Language/GML_Reference/Drawing/Text/draw_get_halign.htm
Drawing.Text.draw_get_halign	draw_get_halign	function	draw_get_halign();	https://manual.gamemaker.io/monthly/en/GameMaker_Language/GML_Reference/Drawing/Text/draw_get_halign.htm
Drawing.Text.draw_get_halign	draw_get_halign	function	draw_get_halign();	https://manual.gamemaker.io/monthly/en/GameMaker_Language/GML_Reference/Drawing/Text/draw_get_halign.htm
Drawing.Text.draw_get_halign	draw_get_halign	function	draw_get_halign();	https://manual.gamemaker.io/monthly/en/GameMaker_Language/GML_Reference/Drawing/Text/draw_get_halign.htm
Drawing.Text.draw_get_valign	draw_get_valign	function	draw_get_valign();	https://manual.gamemaker.io/monthly/en/GameMaker_Language/GML_Reference/Drawing/Text/draw_get_valign.htm
Drawing.Text.draw_get_valign	draw_get_valign	function	draw_get_valign();	https://manual.gamemaker.io/monthly/en/GameMaker_Language/GML_Reference/Drawing/Text/draw_get_valign.htm
Drawing.Text.draw_get_valign	draw_get_valign	function	draw_get_valign();	https://manual.gamemaker.io/monthly/en/GameMaker_Language/GML_Reference/Drawing/Text/draw_get_valign.htm
Drawing.Text.draw_get_valign	draw_get_valign	function	draw_get_valign();	https://manual.gamemaker.io/monthly/en/GameMaker_Language/GML_Reference/Drawing/Text/draw_get_valign.htm
Drawing.Text.draw_highscore	draw_highscore	function	draw_highscore( x1, y1, x2, y2 );	https://manual.gamemaker.io/monthly/en/GameMaker_Language/GML_Reference/Drawing/Text/draw_highscore.htm
Drawing.Text.draw_set_font	draw_set_font	function	draw_set_font(font);	https://manual.gamemaker.io/monthly/en/GameMaker_Language/GML_Reference/Drawing/Text/draw_set_font.htm
Drawing.Text.draw_set_halign	draw_set_halign	function	draw_set_halign(halign);	https://manual.gamemaker.io/monthly/en/GameMaker_Language/GML_Reference/Drawing/Text/draw_set_halign.htm
Drawing.Text.draw_set_halign	draw_set_halign	function	draw_set_halign(halign);	https://manual.gamemaker.io/monthly/en/GameMaker_Language/GML_Reference/Drawing/Text/draw_set_halign.htm
Drawing.Text.draw_set_halign	draw_set_halign	function	draw_set_halign(halign);	https://manual.gamemaker.io/monthly/en/GameMaker_Language/GML_Reference/Drawing/Text/draw_set_halign.htm
Drawing.Text.draw_set_halign	draw_set_halign	function	draw_set_halign(halign);	https://manual.gamemaker.io/monthly/en/GameMaker_Language/GML_Reference/Drawing/Text/draw_set_halign.htm
Drawing.Text.draw_set_valign	draw_set_valign	function	draw_set_valign(valign);	https://manual.gamemaker.io/monthly/en/GameMaker_Language/GML_Reference/Drawing/Text/draw_set_valign.htm
Drawing.Text.draw_set_valign	draw_set_valign	function	draw_set_valign(valign);	https://manual.gamemaker.io/monthly/en/GameMaker_Language/GML_Reference/Drawing/Text/draw_set_valign.htm
Drawing.Text.draw_set_valign	draw_set_valign	function	draw_set_valign(valign);	https://manual.gamemaker.io/monthly/en/GameMaker_Language/GML_Reference/Drawing/Text/draw_set_valign.htm
Drawing.Text.draw_set_valign	draw_set_valign	function	draw_set_valign(valign);	https://manual.gamemaker.io/monthly/en/GameMaker_Language/GML_Reference/Drawing/Text/draw_set_valign.htm
Drawing.Text.draw_text	draw_text	function	draw_text(x, y, string);	https://manual.gamemaker.io/monthly/en/GameMaker_Language/GML_Reference/Drawing/Text/draw_text.htm
Drawing.Text.draw_text_color	draw_text_color	unknown	undefined	https://manual.gamemaker.io/monthly/en/GameMaker_Language/GML_Reference/Drawing/Text/draw_text_colour.htm
Drawing.Text.draw_text_colour	draw_text_colour	function	draw_text_colour(x, y, string, c1, c2, c3, c4, alpha);	https://manual.gamemaker.io/monthly/en/GameMaker_Language/GML_Reference/Drawing/Text/draw_text_colour.htm
Drawing.Text.draw_text_ext	draw_text_ext	function	draw_text_ext(x, y, string, sep, w);	https://manual.gamemaker.io/monthly/en/GameMaker_Language/GML_Reference/Drawing/Text/draw_text_ext.htm
Drawing.Text.draw_text_ext_color	draw_text_ext_color	unknown	undefined	https://manual.gamemaker.io/monthly/en/GameMaker_Language/GML_Reference/Drawing/Text/draw_text_ext_colour.htm
Drawing.Text.draw_text_ext_colour	draw_text_ext_colour	function	draw_text_ext_colour(x, y, string, sep, w, c1, c2, c3, c4, alpha);	https://manual.gamemaker.io/monthly/en/GameMaker_Language/GML_Reference/Drawing/Text/draw_text_ext_colour.htm
Drawing.Text.draw_text_ext_transformed	draw_text_ext_transformed	function	draw_text_ext_transformed(x, y, string, sep, w, xscale, yscale, angle);	https://manual.gamemaker.io/monthly/en/GameMaker_Language/GML_Reference/Drawing/Text/draw_text_ext_transformed.htm
Drawing.Text.draw_text_ext_transformed_color	draw_text_ext_transformed_color	unknown	undefined	https://manual.gamemaker.io/monthly/en/GameMaker_Language/GML_Reference/Drawing/Text/draw_text_ext_transformed_colour.htm
Drawing.Text.draw_text_ext_transformed_colour	draw_text_ext_transformed_colour	function	draw_text_ext_transformed_colour(x, y, string, sep, w, xscale, yscale, angle, c1, c2, c3, c4, alpha);	https://manual.gamemaker.io/monthly/en/GameMaker_Language/GML_Reference/Drawing/Text/draw_text_ext_transformed_colour.htm
Drawing.Text.draw_text_transformed	draw_text_transformed	function	draw_text_transformed(x, y, string, xscale, yscale, angle);	https://manual.gamemaker.io/monthly/en/GameMaker_Language/GML_Reference/Drawing/Text/draw_text_transformed.htm
Drawing.Text.draw_text_transformed_color	draw_text_transformed_color	unknown	undefined	https://manual.gamemaker.io/monthly/en/GameMaker_Language/GML_Reference/Drawing/Text/draw_text_transformed_colour.htm
Drawing.Text.draw_text_transformed_colour	draw_text_transformed_colour	function	draw_text_transformed_colour(x, y, string, xscale, yscale, angle, c1, c2, c3, c4, alpha);	https://manual.gamemaker.io/monthly/en/GameMaker_Language/GML_Reference/Drawing/Text/draw_text_transformed_colour.htm
Drawing.Textures.draw_texture_flush	draw_texture_flush	function	draw_texture_flush();	https://manual.gamemaker.io/monthly/en/GameMaker_Language/GML_Reference/Drawing/Textures/draw_texture_flush.htm
Drawing.Textures.texture_debug_messages	texture_debug_messages	function	texture_debug_messages(enable);	https://manual.gamemaker.io/monthly/en/GameMaker_Language/GML_Reference/Drawing/Textures/texture_debug_messages.htm
Drawing.Textures.texture_flush	texture_flush	function	texture_flush(tex_id);	https://manual.gamemaker.io/monthly/en/GameMaker_Language/GML_Reference/Drawing/Textures/texture_flush.htm
Drawing.Textures.texture_get_height	texture_get_height	function	texture_get_height(tex);	https://manual.gamemaker.io/monthly/en/GameMaker_Language/GML_Reference/Drawing/Textures/texture_get_height.htm
Drawing.Textures.texture_get_texel_height	texture_get_texel_height	function	texture_get_texel_height(tex);	https://manual.gamemaker.io/monthly/en/GameMaker_Language/GML_Reference/Drawing/Textures/texture_get_texel_height.htm
Drawing.Textures.texture_get_texel_width	texture_get_texel_width	function	texture_get_texel_width(tex);	https://manual.gamemaker.io/monthly/en/GameMaker_Language/GML_Reference/Drawing/Textures/texture_get_texel_width.htm
Drawing.Textures.texture_get_uvs	texture_get_uvs	function	texture_get_uvs(texid)	https://manual.gamemaker.io/monthly/en/GameMaker_Language/GML_Reference/Drawing/Textures/texture_get_uvs.htm
Drawing.Textures.texture_get_width	texture_get_width	unknown	undefined	https://manual.gamemaker.io/monthly/en/GameMaker_Language/GML_Reference/Drawing/Textures/texture_get_width.htm
Drawing.Textures.texture_global_scale	texture_global_scale	function	texture_global_scale(pow2integer);	https://manual.gamemaker.io/monthly/en/GameMaker_Language/GML_Reference/Drawing/Textures/texture_global_scale.htm
Drawing.Textures.texture_is_ready	texture_is_ready	function	texture_is_ready(tex_id);	https://manual.gamemaker.io/monthly/en/GameMaker_Language/GML_Reference/Drawing/Textures/texture_is_ready.htm
Drawing.Textures.texture_prefetch	texture_prefetch	function	texture_prefetch(tex_id);	https://manual.gamemaker.io/monthly/en/GameMaker_Language/GML_Reference/Drawing/Textures/texture_prefetch.htm
Drawing.Textures.texture_set_stage	texture_set_stage	function	texture_set_stage(stage, tex);	https://manual.gamemaker.io/monthly/en/GameMaker_Language/GML_Reference/Drawing/Textures/texture_set_stage.htm
Drawing.Textures.texturegroup_get_fonts	texturegroup_get_fonts	function	texturegroup_get_fonts(tex_id);	https://manual.gamemaker.io/monthly/en/GameMaker_Language/GML_Reference/Drawing/Textures/texturegroup_get_fonts.htm
Drawing.Textures.texturegroup_get_names	texturegroup_get_names	function	texturegroup_get_names();	https://manual.gamemaker.io/monthly/en/GameMaker_Language/GML_Reference/Drawing/Textures/texturegroup_get_names.htm
Drawing.Textures.texturegroup_get_sprites	texturegroup_get_sprites	function	texturegroup_get_sprites(tex_id);	https://manual.gamemaker.io/monthly/en/GameMaker_Language/GML_Reference/Drawing/Textures/texturegroup_get_sprites.htm
Drawing.Textures.texturegroup_get_status	texturegroup_get_status	function	texturegroup_get_status(groupname);	https://manual.gamemaker.io/monthly/en/GameMaker_Language/GML_Reference/Drawing/Textures/texturegroup_get_status.htm
Drawing.Textures.texturegroup_get_textures	texturegroup_get_textures	function	texturegroup_get_textures(tex_id);	https://manual.gamemaker.io/monthly/en/GameMaker_Language/GML_Reference/Drawing/Textures/texturegroup_get_textures.htm
Drawing.Textures.texturegroup_get_tilesets	texturegroup_get_tilesets	function	texturegroup_get_tilesets(tex_id);	https://manual.gamemaker.io/monthly/en/GameMaker_Language/GML_Reference/Drawing/Textures/texturegroup_get_tilesets.htm
Drawing.Textures.texturegroup_load	texturegroup_load	function	texturegroup_load(groupname, [prefetch=true]);	https://manual.gamemaker.io/monthly/en/GameMaker_Language/GML_Reference/Drawing/Textures/texturegroup_load.htm
Drawing.Textures.texturegroup_set_mode	texturegroup_set_mode	function	texturegroup_set_mode(explicit, [debug=false, default_sprite=-1]);	https://manual.gamemaker.io/monthly/en/GameMaker_Language/GML_Reference/Drawing/Textures/texturegroup_set_mode.htm
Drawing.Textures.texturegroup_status_fetched	texturegroup_status_fetched	constant	texturegroup_status_fetched	https://manual.gamemaker.io/monthly/en/GameMaker_Language/GML_Reference/Drawing/Textures/texturegroup_get_status.htm
Drawing.Textures.texturegroup_status_loaded	texturegroup_status_loaded	constant	texturegroup_status_loaded	https://manual.gamemaker.io/monthly/en/GameMaker_Language/GML_Reference/Drawing/Textures/texturegroup_get_status.htm
Drawing.Textures.texturegroup_status_loading	texturegroup_status_loading	constant	texturegroup_status_loading	https://manual.gamemaker.io/monthly/en/GameMaker_Language/GML_Reference/Drawing/Textures/texturegroup_get_status.htm
Drawing.Textures.texturegroup_status_unloaded	texturegroup_status_unloaded	constant	texturegroup_status_unloaded	https://manual.gamemaker.io/monthly/en/GameMaker_Language/GML_Reference/Drawing/Textures/texturegroup_get_status.htm
Drawing.Textures.texturegroup_unload	texturegroup_unload	function	texturegroup_unload(groupname);	https://manual.gamemaker.io/monthly/en/GameMaker_Language/GML_Reference/Drawing/Textures/texturegroup_unload.htm
Drawing.Videos.video_close	video_close	function	video_close();	https://manual.gamemaker.io/monthly/en/GameMaker_Language/GML_Reference/Drawing/Videos/video_close.htm
Drawing.Videos.video_draw	video_draw	function	video_draw();	https://manual.gamemaker.io/monthly/en/GameMaker_Language/GML_Reference/Drawing/Videos/video_draw.htm
Drawing.Videos.video_enable_loop	video_enable_loop	function	video_enable_loop(enable);	https://manual.gamemaker.io/monthly/en/GameMaker_Language/GML_Reference/Drawing/Videos/video_enable_loop.htm
Drawing.Videos.video_format_rgba	video_format_rgba	constant	video_format_rgba	https://manual.gamemaker.io/monthly/en/GameMaker_Language/GML_Reference/Drawing/Videos/video_get_format.htm
Drawing.Videos.video_format_yuv	video_format_yuv	constant	video_format_yuv	https://manual.gamemaker.io/monthly/en/GameMaker_Language/GML_Reference/Drawing/Videos/video_get_format.htm
Drawing.Videos.video_get_duration	video_get_duration	function	video_get_duration();	https://manual.gamemaker.io/monthly/en/GameMaker_Language/GML_Reference/Drawing/Videos/video_get_duration.htm
Drawing.Videos.video_get_format	video_get_format	function	video_get_format();	https://manual.gamemaker.io/monthly/en/GameMaker_Language/GML_Reference/Drawing/Videos/video_get_format.htm
Drawing.Videos.video_get_position	video_get_position	function	video_get_position();	https://manual.gamemaker.io/monthly/en/GameMaker_Language/GML_Reference/Drawing/Videos/video_get_position.htm
Drawing.Videos.video_get_status	video_get_status	function	video_get_status();	https://manual.gamemaker.io/monthly/en/GameMaker_Language/GML_Reference/Drawing/Videos/video_get_status.htm
Drawing.Videos.video_get_volume	video_get_volume	function	video_get_volume();	https://manual.gamemaker.io/monthly/en/GameMaker_Language/GML_Reference/Drawing/Videos/video_get_volume.htm
Drawing.Videos.video_is_looping	video_is_looping	function	video_is_looping();	https://manual.gamemaker.io/monthly/en/GameMaker_Language/GML_Reference/Drawing/Videos/video_is_looping.htm
Drawing.Videos.video_open	video_open	function	video_open(path);	https://manual.gamemaker.io/monthly/en/GameMaker_Language/GML_Reference/Drawing/Videos/video_open.htm
Drawing.Videos.video_pause	video_pause	function	video_pause();	https://manual.gamemaker.io/monthly/en/GameMaker_Language/GML_Reference/Drawing/Videos/video_pause.htm
Drawing.Videos.video_resume	video_resume	function	video_resume();	https://manual.gamemaker.io/monthly/en/GameMaker_Language/GML_Reference/Drawing/Videos/video_resume.htm
Drawing.Videos.video_seek_to	video_seek_to	function	video_seek_to(time);	https://manual.gamemaker.io/monthly/en/GameMaker_Language/GML_Reference/Drawing/Videos/video_seek_to.htm
Drawing.Videos.video_set_volume	video_set_volume	function	video_set_volume(value);	https://manual.gamemaker.io/monthly/en/GameMaker_Language/GML_Reference/Drawing/Videos/video_set_volume.htm
Drawing.Videos.video_status_closed	video_status_closed	constant	video_status_closed	https://manual.gamemaker.io/monthly/en/GameMaker_Language/GML_Reference/Drawing/Videos/video_get_status.htm
Drawing.Videos.video_status_paused	video_status_paused	constant	video_status_paused	https://manual.gamemaker.io/monthly/en/GameMaker_Language/GML_Reference/Drawing/Videos/video_get_status.htm
Drawing.Videos.video_status_playing	video_status_playing	constant	video_status_playing	https://manual.gamemaker.io/monthly/en/GameMaker_Language/GML_Reference/Drawing/Videos/video_get_status.htm
Drawing.Videos.video_status_preparing	video_status_preparing	constant	video_status_preparing	https://manual.gamemaker.io/monthly/en/GameMaker_Language/GML_Reference/Drawing/Videos/video_get_status.htm
Drawing.Videos.videos	videos	unknown	undefined	https://manual.gamemaker.io/monthly/en/GameMaker_Language/GML_Reference/Drawing/Videos/Videos.htm
Drawing.draw_clear_depth	draw_clear_depth	function	draw_clear_depth(depth)	https://manual.gamemaker.io/monthly/en/GameMaker_Language/GML_Reference/Drawing/draw_clear_depth.htm
Drawing.draw_clear_ext	draw_clear_ext	function	draw_clear_ext([colour], [alpha], [depth], [stencil]);	https://manual.gamemaker.io/monthly/en/GameMaker_Language/GML_Reference/Drawing/draw_clear_ext.htm
Drawing.draw_clear_stencil	draw_clear_stencil	function	draw_clear_stencil(stencil);	https://manual.gamemaker.io/monthly/en/GameMaker_Language/GML_Reference/Drawing/draw_clear_stencil.htm
Drawing.draw_enable_drawevent	draw_enable_drawevent	function	draw_enable_drawevent(enable);	https://manual.gamemaker.io/monthly/en/GameMaker_Language/GML_Reference/Drawing/draw_enable_drawevent.htm
Drawing.draw_flush	draw_flush	function	draw_flush();	https://manual.gamemaker.io/monthly/en/GameMaker_Language/GML_Reference/Drawing/draw_flush.htm
File_Handling.Binary_Files.file_bin_close	file_bin_close	function	file_bin_close(binfile);	https://manual.gamemaker.io/monthly/en/GameMaker_Language/GML_Reference/File_Handling/Binary_Files/file_bin_close.htm
File_Handling.Binary_Files.file_bin_open	file_bin_open	function	file_bin_open(fname, mode);	https://manual.gamemaker.io/monthly/en/GameMaker_Language/GML_Reference/File_Handling/Binary_Files/file_bin_open.htm
File_Handling.Binary_Files.file_bin_position	file_bin_position	function	file_bin_position(binfile);	https://manual.gamemaker.io/monthly/en/GameMaker_Language/GML_Reference/File_Handling/Binary_Files/file_bin_position.htm
File_Handling.Binary_Files.file_bin_read_byte	file_bin_read_byte	function	file_bin_read_byte(binfile);	https://manual.gamemaker.io/monthly/en/GameMaker_Language/GML_Reference/File_Handling/Binary_Files/file_bin_read_byte.htm
File_Handling.Binary_Files.file_bin_rewrite	file_bin_rewrite	function	file_bin_rewrite(binfile);	https://manual.gamemaker.io/monthly/en/GameMaker_Language/GML_Reference/File_Handling/Binary_Files/file_bin_rewrite.htm
File_Handling.Binary_Files.file_bin_seek	file_bin_seek	function	file_bin_seek(binfile, pos);	https://manual.gamemaker.io/monthly/en/GameMaker_Language/GML_Reference/File_Handling/Binary_Files/file_bin_seek.htm
File_Handling.Binary_Files.file_bin_size	file_bin_size	function	file_bin_size(binfile);	https://manual.gamemaker.io/monthly/en/GameMaker_Language/GML_Reference/File_Handling/Binary_Files/file_bin_size.htm
File_Handling.Binary_Files.file_bin_write_byte	file_bin_write_byte	function	file_bin_write_byte(binfile, byte);	https://manual.gamemaker.io/monthly/en/GameMaker_Language/GML_Reference/File_Handling/Binary_Files/file_bin_write_byte.htm
File_Handling.Encoding_And_Hashing.base64_decode	base64_decode	function	base64_decode(string)	https://manual.gamemaker.io/monthly/en/GameMaker_Language/GML_Reference/File_Handling/Encoding_And_Hashing/base64_decode.htm
File_Handling.Encoding_And_Hashing.base64_encode	base64_encode	function	base64_encode(string)	https://manual.gamemaker.io/monthly/en/GameMaker_Language/GML_Reference/File_Handling/Encoding_And_Hashing/base64_encode.htm
File_Handling.Encoding_And_Hashing.json_decode	json_decode	function	json_decode(string)	https://manual.gamemaker.io/monthly/en/GameMaker_Language/GML_Reference/File_Handling/Encoding_And_Hashing/json_decode.htm
File_Handling.Encoding_And_Hashing.json_encode	json_encode	function	json_encode(map, [prettify])	https://manual.gamemaker.io/monthly/en/GameMaker_Language/GML_Reference/File_Handling/Encoding_And_Hashing/json_encode.htm
File_Handling.Encoding_And_Hashing.json_parse	json_parse	function	json_parse(json, [filter_func], [inhibit_string_convert])	https://manual.gamemaker.io/monthly/en/GameMaker_Language/GML_Reference/File_Handling/Encoding_And_Hashing/json_parse.htm
File_Handling.Encoding_And_Hashing.json_stringify	json_stringify	function	json_stringify(val, [pretty_print], [filter_func]);	https://manual.gamemaker.io/monthly/en/GameMaker_Language/GML_Reference/File_Handling/Encoding_And_Hashing/json_stringify.htm
File_Handling.Encoding_And_Hashing.load_csv	load_csv	function	load_csv(filename)	https://manual.gamemaker.io/monthly/en/GameMaker_Language/GML_Reference/File_Handling/Encoding_And_Hashing/load_csv.htm
File_Handling.Encoding_And_Hashing.md5_file	md5_file	function	md5_file(filename)	https://manual.gamemaker.io/monthly/en/GameMaker_Language/GML_Reference/File_Handling/Encoding_And_Hashing/md5_file.htm
File_Handling.Encoding_And_Hashing.md5_string_unicode	md5_string_unicode	function	md5_string_unicode(string)	https://manual.gamemaker.io/monthly/en/GameMaker_Language/GML_Reference/File_Handling/Encoding_And_Hashing/md5_string_unicode.htm
File_Handling.Encoding_And_Hashing.md5_string_utf8	md5_string_utf8	function	md5_string_utf8(string)	https://manual.gamemaker.io/monthly/en/GameMaker_Language/GML_Reference/File_Handling/Encoding_And_Hashing/md5_string_utf8.htm
File_Handling.Encoding_And_Hashing.sha1_file	sha1_file	function	sha1_file(filename)	https://manual.gamemaker.io/monthly/en/GameMaker_Language/GML_Reference/File_Handling/Encoding_And_Hashing/sha1_file.htm
File_Handling.Encoding_And_Hashing.sha1_string_unicode	sha1_string_unicode	function	sha1_string_unicode(string)	https://manual.gamemaker.io/monthly/en/GameMaker_Language/GML_Reference/File_Handling/Encoding_And_Hashing/sha1_string_unicode.htm
File_Handling.Encoding_And_Hashing.sha1_string_utf8	sha1_string_utf8	function	sha1_string_utf8(string)	https://manual.gamemaker.io/monthly/en/GameMaker_Language/GML_Reference/File_Handling/Encoding_And_Hashing/sha1_string_utf8.htm
File_Handling.Encoding_And_Hashing.zip_add_file	zip_add_file	function	zip_add_file(zip_object, dest, src);	https://manual.gamemaker.io/monthly/en/GameMaker_Language/GML_Reference/File_Handling/Encoding_And_Hashing/zip_add_file.htm
File_Handling.Encoding_And_Hashing.zip_create	zip_create	function	zip_create();	https://manual.gamemaker.io/monthly/en/GameMaker_Language/GML_Reference/File_Handling/Encoding_And_Hashing/zip_create.htm
File_Handling.Encoding_And_Hashing.zip_save	zip_save	function	zip_save(zip_object, path);	https://manual.gamemaker.io/monthly/en/GameMaker_Language/GML_Reference/File_Handling/Encoding_And_Hashing/zip_save.htm
File_Handling.Encoding_And_Hashing.zip_unzip	zip_unzip	function	zip_unzip(zip_file, target_directory)	https://manual.gamemaker.io/monthly/en/GameMaker_Language/GML_Reference/File_Handling/Encoding_And_Hashing/zip_unzip.htm
File_Handling.Encoding_And_Hashing.zip_unzip_async	zip_unzip_async	function	zip_unzip_async(zip_file, target_directory);	https://manual.gamemaker.io/monthly/en/GameMaker_Language/GML_Reference/File_Handling/Encoding_And_Hashing/zip_unzip_async.htm
File_Handling.File_Directories.cache_directory	cache_directory	variable	cache_directory	https://manual.gamemaker.io/monthly/en/GameMaker_Language/GML_Reference/File_Handling/File_Directories/cache_directory.htm
File_Handling.File_Directories.directory_create	directory_create	function	directory_create(dname)	https://manual.gamemaker.io/monthly/en/GameMaker_Language/GML_Reference/File_Handling/File_Directories/directory_create.htm
File_Handling.File_Directories.directory_destroy	directory_destroy	function	directory_destroy(dname)	https://manual.gamemaker.io/monthly/en/GameMaker_Language/GML_Reference/File_Handling/File_Directories/directory_destroy.htm
File_Handling.File_Directories.directory_exists	directory_exists	function	directory_exists(dname)	https://manual.gamemaker.io/monthly/en/GameMaker_Language/GML_Reference/File_Handling/File_Directories/directory_exists.htm
File_Handling.File_Directories.program_directory	program_directory	variable	program_directory	https://manual.gamemaker.io/monthly/en/GameMaker_Language/GML_Reference/File_Handling/File_Directories/program_directory.htm
File_Handling.File_Directories.temp_directory	temp_directory	variable	temp_directory	https://manual.gamemaker.io/monthly/en/GameMaker_Language/GML_Reference/File_Handling/File_Directories/temp_directory.htm
File_Handling.File_Directories.working_directory	working_directory	variable	working_directory	https://manual.gamemaker.io/monthly/en/GameMaker_Language/GML_Reference/File_Handling/File_Directories/working_directory.htm
File_Handling.File_System.fa_none	fa_none	constant	fa_none	https://manual.gamemaker.io/monthly/en/GameMaker_Language/GML_Reference/File_Handling/File_System/file_find_first.htm
File_Handling.File_System.file_attributes	file_attributes	function	file_attributes(fname, attr);	https://manual.gamemaker.io/monthly/en/GameMaker_Language/GML_Reference/File_Handling/File_System/file_attributes.htm
File_Handling.File_System.file_attributes	file_attributes	function	file_attributes(fname, attr);	https://manual.gamemaker.io/monthly/en/GameMaker_Language/GML_Reference/File_Handling/File_System/file_attributes.htm
File_Handling.File_System.file_attributes	file_attributes	function	file_attributes(fname, attr);	https://manual.gamemaker.io/monthly/en/GameMaker_Language/GML_Reference/File_Handling/File_System/file_attributes.htm
File_Handling.File_System.file_attributes	file_attributes	function	file_attributes(fname, attr);	https://manual.gamemaker.io/monthly/en/GameMaker_Language/GML_Reference/File_Handling/File_System/file_attributes.htm
File_Handling.File_System.file_attributes	file_attributes	function	file_attributes(fname, attr);	https://manual.gamemaker.io/monthly/en/GameMaker_Language/GML_Reference/File_Handling/File_System/file_attributes.htm
File_Handling.File_System.file_attributes	file_attributes	function	file_attributes(fname, attr);	https://manual.gamemaker.io/monthly/en/GameMaker_Language/GML_Reference/File_Handling/File_System/file_attributes.htm
File_Handling.File_System.file_attributes	file_attributes	function	file_attributes(fname, attr);	https://manual.gamemaker.io/monthly/en/GameMaker_Language/GML_Reference/File_Handling/File_System/file_attributes.htm
File_Handling.File_System.file_copy	file_copy	function	file_copy(fname, newname);	https://manual.gamemaker.io/monthly/en/GameMaker_Language/GML_Reference/File_Handling/File_System/file_copy.htm
File_Handling.File_System.file_delete	file_delete	function	file_delete(fname);	https://manual.gamemaker.io/monthly/en/GameMaker_Language/GML_Reference/File_Handling/File_System/file_delete.htm
File_Handling.File_System.file_exists	file_exists	function	file_exists(fname);	https://manual.gamemaker.io/monthly/en/GameMaker_Language/GML_Reference/File_Handling/File_System/file_exists.htm
File_Handling.File_System.file_find_close	file_find_close	function	file_find_close();	https://manual.gamemaker.io/monthly/en/GameMaker_Language/GML_Reference/File_Handling/File_System/file_find_close.htm
File_Handling.File_System.file_find_first	file_find_first	function	file_find_first(mask, attr);	https://manual.gamemaker.io/monthly/en/GameMaker_Language/GML_Reference/File_Handling/File_System/file_find_first.htm
File_Handling.File_System.file_find_first	file_find_first	function	file_find_first(mask, attr);	https://manual.gamemaker.io/monthly/en/GameMaker_Language/GML_Reference/File_Handling/File_System/file_find_first.htm
File_Handling.File_System.file_find_first	file_find_first	function	file_find_first(mask, attr);	https://manual.gamemaker.io/monthly/en/GameMaker_Language/GML_Reference/File_Handling/File_System/file_find_first.htm
File_Handling.File_System.file_find_first	file_find_first	function	file_find_first(mask, attr);	https://manual.gamemaker.io/monthly/en/GameMaker_Language/GML_Reference/File_Handling/File_System/file_find_first.htm
File_Handling.File_System.file_find_first	file_find_first	function	file_find_first(mask, attr);	https://manual.gamemaker.io/monthly/en/GameMaker_Language/GML_Reference/File_Handling/File_System/file_find_first.htm
File_Handling.File_System.file_find_first	file_find_first	function	file_find_first(mask, attr);	https://manual.gamemaker.io/monthly/en/GameMaker_Language/GML_Reference/File_Handling/File_System/file_find_first.htm
File_Handling.File_System.file_find_first	file_find_first	function	file_find_first(mask, attr);	https://manual.gamemaker.io/monthly/en/GameMaker_Language/GML_Reference/File_Handling/File_System/file_find_first.htm
File_Handling.File_System.file_find_next	file_find_next	function	file_find_next();	https://manual.gamemaker.io/monthly/en/GameMaker_Language/GML_Reference/File_Handling/File_System/file_find_next.htm
File_Handling.File_System.file_rename	file_rename	function	file_rename(oldname, newname);	https://manual.gamemaker.io/monthly/en/GameMaker_Language/GML_Reference/File_Handling/File_System/file_rename.htm
File_Handling.File_System.filename_change_ext	filename_change_ext	function	filename_change_ext(fname, newext);	https://manual.gamemaker.io/monthly/en/GameMaker_Language/GML_Reference/File_Handling/File_System/filename_change_ext.htm
File_Handling.File_System.filename_dir	filename_dir	function	filename_dir(fname);	https://manual.gamemaker.io/monthly/en/GameMaker_Language/GML_Reference/File_Handling/File_System/filename_dir.htm
File_Handling.File_System.filename_drive	filename_drive	function	filename_drive(fname);	https://manual.gamemaker.io/monthly/en/GameMaker_Language/GML_Reference/File_Handling/File_System/filename_drive.htm
File_Handling.File_System.filename_ext	filename_ext	function	filename_ext(fname);	https://manual.gamemaker.io/monthly/en/GameMaker_Language/GML_Reference/File_Handling/File_System/filename_ext.htm
File_Handling.File_System.filename_name	filename_name	function	filename_name(fname);	https://manual.gamemaker.io/monthly/en/GameMaker_Language/GML_Reference/File_Handling/File_System/filename_name.htm
File_Handling.File_System.filename_path	filename_path	function	filename_path(fname);	https://manual.gamemaker.io/monthly/en/GameMaker_Language/GML_Reference/File_Handling/File_System/filename_path.htm
File_Handling.File_System.get_open_filename	get_open_filename	function	get_open_filename(filter, fname);	https://manual.gamemaker.io/monthly/en/GameMaker_Language/GML_Reference/File_Handling/File_System/get_open_filename.htm
File_Handling.File_System.get_open_filename_ext	get_open_filename_ext	function	get_open_filename_ext(filter, fname, directory, caption);	https://manual.gamemaker.io/monthly/en/GameMaker_Language/GML_Reference/File_Handling/File_System/get_open_filename_ext.htm
File_Handling.File_System.get_save_filename	get_save_filename	function	get_save_filename(filter, fname);	https://manual.gamemaker.io/monthly/en/GameMaker_Language/GML_Reference/File_Handling/File_System/get_save_filename.htm
File_Handling.File_System.get_save_filename_ext	get_save_filename_ext	function	get_save_filename_ext(filter, fname, directory, caption);	https://manual.gamemaker.io/monthly/en/GameMaker_Language/GML_Reference/File_Handling/File_System/get_save_filename_ext.htm
File_Handling.Ini_Files.ini_close	ini_close	function	ini_close();	https://manual.gamemaker.io/monthly/en/GameMaker_Language/GML_Reference/File_Handling/Ini_Files/ini_close.htm
File_Handling.Ini_Files.ini_key_delete	ini_key_delete	function	ini_key_delete(section, key);	https://manual.gamemaker.io/monthly/en/GameMaker_Language/GML_Reference/File_Handling/Ini_Files/ini_key_delete.htm
File_Handling.Ini_Files.ini_key_exists	ini_key_exists	function	ini_key_exists(section, key);	https://manual.gamemaker.io/monthly/en/GameMaker_Language/GML_Reference/File_Handling/Ini_Files/ini_key_exists.htm
File_Handling.Ini_Files.ini_open	ini_open	function	ini_open(name);	https://manual.gamemaker.io/monthly/en/GameMaker_Language/GML_Reference/File_Handling/Ini_Files/ini_open.htm
File_Handling.Ini_Files.ini_open_from_string	ini_open_from_string	function	ini_open_from_string(string);	https://manual.gamemaker.io/monthly/en/GameMaker_Language/GML_Reference/File_Handling/Ini_Files/ini_open_from_string.htm
File_Handling.Ini_Files.ini_read_real	ini_read_real	function	ini_read_real(section, key, default);	https://manual.gamemaker.io/monthly/en/GameMaker_Language/GML_Reference/File_Handling/Ini_Files/ini_read_real.htm
File_Handling.Ini_Files.ini_read_string	ini_read_string	function	ini_read_string(section, key, default);	https://manual.gamemaker.io/monthly/en/GameMaker_Language/GML_Reference/File_Handling/Ini_Files/ini_read_string.htm
File_Handling.Ini_Files.ini_section_delete	ini_section_delete	function	ini_section_delete(section);	https://manual.gamemaker.io/monthly/en/GameMaker_Language/GML_Reference/File_Handling/Ini_Files/ini_section_delete.htm
File_Handling.Ini_Files.ini_section_exists	ini_section_exists	function	ini_section_exists(section);	https://manual.gamemaker.io/monthly/en/GameMaker_Language/GML_Reference/File_Handling/Ini_Files/ini_section_exists.htm
File_Handling.Ini_Files.ini_write_real	ini_write_real	function	ini_write_real(section, key, value);	https://manual.gamemaker.io/monthly/en/GameMaker_Language/GML_Reference/File_Handling/Ini_Files/ini_write_real.htm
File_Handling.Ini_Files.ini_write_string	ini_write_string	function	ini_write_string("test2", "section", "hello \"Fritz\"");	https://manual.gamemaker.io/monthly/en/GameMaker_Language/GML_Reference/File_Handling/Ini_Files/ini_write_string.htm
File_Handling.Text_Files.file_text_close	file_text_close	function	file_text_close(fileid);	https://manual.gamemaker.io/monthly/en/GameMaker_Language/GML_Reference/File_Handling/Text_Files/file_text_close.htm
File_Handling.Text_Files.file_text_eof	file_text_eof	function	file_text_eof(fileid);	https://manual.gamemaker.io/monthly/en/GameMaker_Language/GML_Reference/File_Handling/Text_Files/file_text_eof.htm
File_Handling.Text_Files.file_text_eoln	file_text_eoln	function	file_text_eoln(fileid);	https://manual.gamemaker.io/monthly/en/GameMaker_Language/GML_Reference/File_Handling/Text_Files/file_text_eoln.htm
File_Handling.Text_Files.file_text_open_append	file_text_open_append	function	file_text_open_append(fname);	https://manual.gamemaker.io/monthly/en/GameMaker_Language/GML_Reference/File_Handling/Text_Files/file_text_open_append.htm
File_Handling.Text_Files.file_text_open_from_string	file_text_open_from_string	function	file_text_open_from_string(string);	https://manual.gamemaker.io/monthly/en/GameMaker_Language/GML_Reference/File_Handling/Text_Files/file_text_open_from_string.htm
File_Handling.Text_Files.file_text_open_read	file_text_open_read	function	file_text_open_read(fname);	https://manual.gamemaker.io/monthly/en/GameMaker_Language/GML_Reference/File_Handling/Text_Files/file_text_open_read.htm
File_Handling.Text_Files.file_text_open_write	file_text_open_write	function	file_text_open_write(fname);	https://manual.gamemaker.io/monthly/en/GameMaker_Language/GML_Reference/File_Handling/Text_Files/file_text_open_write.htm
File_Handling.Text_Files.file_text_read_real	file_text_read_real	function	file_text_read_real(fileid);	https://manual.gamemaker.io/monthly/en/GameMaker_Language/GML_Reference/File_Handling/Text_Files/file_text_read_real.htm
File_Handling.Text_Files.file_text_read_string	file_text_read_string	function	file_text_read_string(fileid);	https://manual.gamemaker.io/monthly/en/GameMaker_Language/GML_Reference/File_Handling/Text_Files/file_text_read_string.htm
File_Handling.Text_Files.file_text_readln	file_text_readln	function	file_text_readln(fileid);	https://manual.gamemaker.io/monthly/en/GameMaker_Language/GML_Reference/File_Handling/Text_Files/file_text_readln.htm
File_Handling.Text_Files.file_text_write_real	file_text_write_real	function	file_text_write_real(fileid, val);	https://manual.gamemaker.io/monthly/en/GameMaker_Language/GML_Reference/File_Handling/Text_Files/file_text_write_real.htm
File_Handling.Text_Files.file_text_write_string	file_text_write_string	function	file_text_write_string(fileid, str);	https://manual.gamemaker.io/monthly/en/GameMaker_Language/GML_Reference/File_Handling/Text_Files/file_text_write_string.htm
File_Handling.Text_Files.file_text_writeln	file_text_writeln	function	file_text_writeln(fileid);	https://manual.gamemaker.io/monthly/en/GameMaker_Language/GML_Reference/File_Handling/Text_Files/file_text_writeln.htm
Flex_Panels.Flex_Panels	Flex_Panels	unknown	undefined	https://manual.gamemaker.io/monthly/en/GameMaker_Language/GML_Reference/Flex_Panels/Flex_Panels.htm
Flex_Panels.Flex_Panels_Styling	Flex_Panels_Styling	unknown	undefined	https://manual.gamemaker.io/monthly/en/GameMaker_Language/GML_Reference/Flex_Panels/Flex_Panels_Styling.htm
Flex_Panels.Function_Reference.Styling_Functions.flexpanel_node_style_get_align_content	flexpanel_node_style_get_align_content	function	flexpanel_node_style_get_align_content(node);	https://manual.gamemaker.io/monthly/en/GameMaker_Language/GML_Reference/Flex_Panels/Function_Reference/Styling_Functions/flexpanel_node_style_get_align_content.htm
Flex_Panels.Function_Reference.Styling_Functions.flexpanel_node_style_get_align_items	flexpanel_node_style_get_align_items	function	flexpanel_node_style_get_align_items(node);	https://manual.gamemaker.io/monthly/en/GameMaker_Language/GML_Reference/Flex_Panels/Function_Reference/Styling_Functions/flexpanel_node_style_get_align_items.htm
Flex_Panels.Function_Reference.Styling_Functions.flexpanel_node_style_get_align_self	flexpanel_node_style_get_align_self	function	flexpanel_node_style_get_align_self(node);	https://manual.gamemaker.io/monthly/en/GameMaker_Language/GML_Reference/Flex_Panels/Function_Reference/Styling_Functions/flexpanel_node_style_get_align_self.htm
Flex_Panels.Function_Reference.Styling_Functions.flexpanel_node_style_get_aspect_ratio	flexpanel_node_style_get_aspect_ratio	function	flexpanel_node_style_get_aspect_ratio(node);	https://manual.gamemaker.io/monthly/en/GameMaker_Language/GML_Reference/Flex_Panels/Function_Reference/Styling_Functions/flexpanel_node_style_get_aspect_ratio.htm
Flex_Panels.Function_Reference.Styling_Functions.flexpanel_node_style_get_border	flexpanel_node_style_get_border	function	flexpanel_node_style_get_border(node, edge);	https://manual.gamemaker.io/monthly/en/GameMaker_Language/GML_Reference/Flex_Panels/Function_Reference/Styling_Functions/flexpanel_node_style_get_border.htm
Flex_Panels.Function_Reference.Styling_Functions.flexpanel_node_style_get_direction	flexpanel_node_style_get_direction	function	flexpanel_node_style_get_direction(node);	https://manual.gamemaker.io/monthly/en/GameMaker_Language/GML_Reference/Flex_Panels/Function_Reference/Styling_Functions/flexpanel_node_style_get_direction.htm
Flex_Panels.Function_Reference.Styling_Functions.flexpanel_node_style_get_display	flexpanel_node_style_get_display	function	flexpanel_node_style_get_display(node);	https://manual.gamemaker.io/monthly/en/GameMaker_Language/GML_Reference/Flex_Panels/Function_Reference/Styling_Functions/flexpanel_node_style_get_display.htm
Flex_Panels.Function_Reference.Styling_Functions.flexpanel_node_style_get_flex	flexpanel_node_style_get_flex	function	flexpanel_node_style_get_flex(node);	https://manual.gamemaker.io/monthly/en/GameMaker_Language/GML_Reference/Flex_Panels/Function_Reference/Styling_Functions/flexpanel_node_style_get_flex.htm
Flex_Panels.Function_Reference.Styling_Functions.flexpanel_node_style_get_flex_basis	flexpanel_node_style_get_flex_basis	function	flexpanel_node_style_get_flex_basis(node);	https://manual.gamemaker.io/monthly/en/GameMaker_Language/GML_Reference/Flex_Panels/Function_Reference/Styling_Functions/flexpanel_node_style_get_flex_basis.htm
Flex_Panels.Function_Reference.Styling_Functions.flexpanel_node_style_get_flex_direction	flexpanel_node_style_get_flex_direction	function	flexpanel_node_style_get_flex_direction(node);	https://manual.gamemaker.io/monthly/en/GameMaker_Language/GML_Reference/Flex_Panels/Function_Reference/Styling_Functions/flexpanel_node_style_get_flex_direction.htm
Flex_Panels.Function_Reference.Styling_Functions.flexpanel_node_style_get_flex_grow	flexpanel_node_style_get_flex_grow	function	flexpanel_node_style_get_flex_grow(node);	https://manual.gamemaker.io/monthly/en/GameMaker_Language/GML_Reference/Flex_Panels/Function_Reference/Styling_Functions/flexpanel_node_style_get_flex_grow.htm
Flex_Panels.Function_Reference.Styling_Functions.flexpanel_node_style_get_flex_shrink	flexpanel_node_style_get_flex_shrink	function	flexpanel_node_style_get_flex_shrink(node);	https://manual.gamemaker.io/monthly/en/GameMaker_Language/GML_Reference/Flex_Panels/Function_Reference/Styling_Functions/flexpanel_node_style_get_flex_shrink.htm
Flex_Panels.Function_Reference.Styling_Functions.flexpanel_node_style_get_flex_wrap	flexpanel_node_style_get_flex_wrap	function	flexpanel_node_style_get_flex_wrap(node);	https://manual.gamemaker.io/monthly/en/GameMaker_Language/GML_Reference/Flex_Panels/Function_Reference/Styling_Functions/flexpanel_node_style_get_flex_wrap.htm
Flex_Panels.Function_Reference.Styling_Functions.flexpanel_node_style_get_gap	flexpanel_node_style_get_gap	function	flexpanel_node_style_get_gap(node, gutter);	https://manual.gamemaker.io/monthly/en/GameMaker_Language/GML_Reference/Flex_Panels/Function_Reference/Styling_Functions/flexpanel_node_style_get_gap.htm
Flex_Panels.Function_Reference.Styling_Functions.flexpanel_node_style_get_height	flexpanel_node_style_get_height	function	flexpanel_node_style_get_height(node);	https://manual.gamemaker.io/monthly/en/GameMaker_Language/GML_Reference/Flex_Panels/Function_Reference/Styling_Functions/flexpanel_node_style_get_height.htm
Flex_Panels.Function_Reference.Styling_Functions.flexpanel_node_style_get_justify_content	flexpanel_node_style_get_justify_content	function	flexpanel_node_style_get_justify_content(node);	https://manual.gamemaker.io/monthly/en/GameMaker_Language/GML_Reference/Flex_Panels/Function_Reference/Styling_Functions/flexpanel_node_style_get_justify_content.htm
Flex_Panels.Function_Reference.Styling_Functions.flexpanel_node_style_get_margin	flexpanel_node_style_get_margin	function	flexpanel_node_style_get_margin(node, edge);	https://manual.gamemaker.io/monthly/en/GameMaker_Language/GML_Reference/Flex_Panels/Function_Reference/Styling_Functions/flexpanel_node_style_get_margin.htm
Flex_Panels.Function_Reference.Styling_Functions.flexpanel_node_style_get_max_height	flexpanel_node_style_get_max_height	function	flexpanel_node_style_get_max_height(node);	https://manual.gamemaker.io/monthly/en/GameMaker_Language/GML_Reference/Flex_Panels/Function_Reference/Styling_Functions/flexpanel_node_style_get_max_height.htm
Flex_Panels.Function_Reference.Styling_Functions.flexpanel_node_style_get_max_width	flexpanel_node_style_get_max_width	function	flexpanel_node_style_get_max_width(node);	https://manual.gamemaker.io/monthly/en/GameMaker_Language/GML_Reference/Flex_Panels/Function_Reference/Styling_Functions/flexpanel_node_style_get_max_width.htm
Flex_Panels.Function_Reference.Styling_Functions.flexpanel_node_style_get_min_height	flexpanel_node_style_get_min_height	function	flexpanel_node_style_get_min_height(node);	https://manual.gamemaker.io/monthly/en/GameMaker_Language/GML_Reference/Flex_Panels/Function_Reference/Styling_Functions/flexpanel_node_style_get_min_height.htm
Flex_Panels.Function_Reference.Styling_Functions.flexpanel_node_style_get_min_width	flexpanel_node_style_get_min_width	function	flexpanel_node_style_get_min_width(node);	https://manual.gamemaker.io/monthly/en/GameMaker_Language/GML_Reference/Flex_Panels/Function_Reference/Styling_Functions/flexpanel_node_style_get_min_width.htm
Flex_Panels.Function_Reference.Styling_Functions.flexpanel_node_style_get_padding	flexpanel_node_style_get_padding	function	flexpanel_node_style_get_padding(node, edge);	https://manual.gamemaker.io/monthly/en/GameMaker_Language/GML_Reference/Flex_Panels/Function_Reference/Styling_Functions/flexpanel_node_style_get_padding.htm
Flex_Panels.Function_Reference.Styling_Functions.flexpanel_node_style_get_position	flexpanel_node_style_get_position	function	flexpanel_node_style_get_position(node, edge);	https://manual.gamemaker.io/monthly/en/GameMaker_Language/GML_Reference/Flex_Panels/Function_Reference/Styling_Functions/flexpanel_node_style_get_position.htm
Flex_Panels.Function_Reference.Styling_Functions.flexpanel_node_style_get_position_type	flexpanel_node_style_get_position_type	function	flexpanel_node_style_get_position_type(node);	https://manual.gamemaker.io/monthly/en/GameMaker_Language/GML_Reference/Flex_Panels/Function_Reference/Styling_Functions/flexpanel_node_style_get_position_type.htm
Flex_Panels.Function_Reference.Styling_Functions.flexpanel_node_style_get_width	flexpanel_node_style_get_width	function	flexpanel_node_style_get_width(node);	https://manual.gamemaker.io/monthly/en/GameMaker_Language/GML_Reference/Flex_Panels/Function_Reference/Styling_Functions/flexpanel_node_style_get_width.htm
Flex_Panels.Function_Reference.Styling_Functions.flexpanel_node_style_set_align_content	flexpanel_node_style_set_align_content	function	flexpanel_node_style_set_align_content(node, align);	https://manual.gamemaker.io/monthly/en/GameMaker_Language/GML_Reference/Flex_Panels/Function_Reference/Styling_Functions/flexpanel_node_style_set_align_content.htm
Flex_Panels.Function_Reference.Styling_Functions.flexpanel_node_style_set_align_items	flexpanel_node_style_set_align_items	function	flexpanel_node_style_set_align_items(node, align);	https://manual.gamemaker.io/monthly/en/GameMaker_Language/GML_Reference/Flex_Panels/Function_Reference/Styling_Functions/flexpanel_node_style_set_align_items.htm
Flex_Panels.Function_Reference.Styling_Functions.flexpanel_node_style_set_align_self	flexpanel_node_style_set_align_self	function	flexpanel_node_style_set_align_self(node, align);	https://manual.gamemaker.io/monthly/en/GameMaker_Language/GML_Reference/Flex_Panels/Function_Reference/Styling_Functions/flexpanel_node_style_set_align_self.htm
Flex_Panels.Function_Reference.Styling_Functions.flexpanel_node_style_set_aspect_ratio	flexpanel_node_style_set_aspect_ratio	function	flexpanel_node_style_set_aspect_ratio(node, aspect_ratio);	https://manual.gamemaker.io/monthly/en/GameMaker_Language/GML_Reference/Flex_Panels/Function_Reference/Styling_Functions/flexpanel_node_style_set_aspect_ratio.htm
Flex_Panels.Function_Reference.Styling_Functions.flexpanel_node_style_set_border	flexpanel_node_style_set_border	function	flexpanel_node_style_set_border(node, edge, size);	https://manual.gamemaker.io/monthly/en/GameMaker_Language/GML_Reference/Flex_Panels/Function_Reference/Styling_Functions/flexpanel_node_style_set_border.htm
Flex_Panels.Function_Reference.Styling_Functions.flexpanel_node_style_set_direction	flexpanel_node_style_set_direction	function	flexpanel_node_style_set_direction(node, direction);	https://manual.gamemaker.io/monthly/en/GameMaker_Language/GML_Reference/Flex_Panels/Function_Reference/Styling_Functions/flexpanel_node_style_set_direction.htm
Flex_Panels.Function_Reference.Styling_Functions.flexpanel_node_style_set_display	flexpanel_node_style_set_display	function	flexpanel_node_style_set_display(node, display);	https://manual.gamemaker.io/monthly/en/GameMaker_Language/GML_Reference/Flex_Panels/Function_Reference/Styling_Functions/flexpanel_node_style_set_display.htm
Flex_Panels.Function_Reference.Styling_Functions.flexpanel_node_style_set_flex	flexpanel_node_style_set_flex	function	flexpanel_node_style_set_flex(node, flex);	https://manual.gamemaker.io/monthly/en/GameMaker_Language/GML_Reference/Flex_Panels/Function_Reference/Styling_Functions/flexpanel_node_style_set_flex.htm
Flex_Panels.Function_Reference.Styling_Functions.flexpanel_node_style_set_flex_basis	flexpanel_node_style_set_flex_basis	function	flexpanel_node_style_set_flex_basis(node, value, unit);	https://manual.gamemaker.io/monthly/en/GameMaker_Language/GML_Reference/Flex_Panels/Function_Reference/Styling_Functions/flexpanel_node_style_set_flex_basis.htm
Flex_Panels.Function_Reference.Styling_Functions.flexpanel_node_style_set_flex_direction	flexpanel_node_style_set_flex_direction	function	flexpanel_node_style_set_flex_direction(node, flex_direction);	https://manual.gamemaker.io/monthly/en/GameMaker_Language/GML_Reference/Flex_Panels/Function_Reference/Styling_Functions/flexpanel_node_style_set_flex_direction.htm
Flex_Panels.Function_Reference.Styling_Functions.flexpanel_node_style_set_flex_grow	flexpanel_node_style_set_flex_grow	function	flexpanel_node_style_set_flex_grow(node, grow);	https://manual.gamemaker.io/monthly/en/GameMaker_Language/GML_Reference/Flex_Panels/Function_Reference/Styling_Functions/flexpanel_node_style_set_flex_grow.htm
Flex_Panels.Function_Reference.Styling_Functions.flexpanel_node_style_set_flex_shrink	flexpanel_node_style_set_flex_shrink	function	flexpanel_node_style_set_flex_shrink(node, shrink);	https://manual.gamemaker.io/monthly/en/GameMaker_Language/GML_Reference/Flex_Panels/Function_Reference/Styling_Functions/flexpanel_node_style_set_flex_shrink.htm
Flex_Panels.Function_Reference.Styling_Functions.flexpanel_node_style_set_flex_wrap	flexpanel_node_style_set_flex_wrap	function	flexpanel_node_style_set_flex_wrap(node, wrap);	https://manual.gamemaker.io/monthly/en/GameMaker_Language/GML_Reference/Flex_Panels/Function_Reference/Styling_Functions/flexpanel_node_style_set_flex_wrap.htm
Flex_Panels.Function_Reference.Styling_Functions.flexpanel_node_style_set_gap	flexpanel_node_style_set_gap	function	flexpanel_node_style_set_gap(node, gutter, size);	https://manual.gamemaker.io/monthly/en/GameMaker_Language/GML_Reference/Flex_Panels/Function_Reference/Styling_Functions/flexpanel_node_style_set_gap.htm
Flex_Panels.Function_Reference.Styling_Functions.flexpanel_node_style_set_height	flexpanel_node_style_set_height	function	flexpanel_node_style_set_height(node, height, unit);	https://manual.gamemaker.io/monthly/en/GameMaker_Language/GML_Reference/Flex_Panels/Function_Reference/Styling_Functions/flexpanel_node_style_set_height.htm
Flex_Panels.Function_Reference.Styling_Functions.flexpanel_node_style_set_justify_content	flexpanel_node_style_set_justify_content	function	flexpanel_node_style_set_justify_content(node, justify);	https://manual.gamemaker.io/monthly/en/GameMaker_Language/GML_Reference/Flex_Panels/Function_Reference/Styling_Functions/flexpanel_node_style_set_justify_content.htm
Flex_Panels.Function_Reference.Styling_Functions.flexpanel_node_style_set_margin	flexpanel_node_style_set_margin	function	flexpanel_node_style_set_margin(node, edge, size);	https://manual.gamemaker.io/monthly/en/GameMaker_Language/GML_Reference/Flex_Panels/Function_Reference/Styling_Functions/flexpanel_node_style_set_margin.htm
Flex_Panels.Function_Reference.Styling_Functions.flexpanel_node_style_set_max_height	flexpanel_node_style_set_max_height	function	flexpanel_node_style_set_max_height(node, value, unit);	https://manual.gamemaker.io/monthly/en/GameMaker_Language/GML_Reference/Flex_Panels/Function_Reference/Styling_Functions/flexpanel_node_style_set_max_height.htm
Flex_Panels.Function_Reference.Styling_Functions.flexpanel_node_style_set_max_width	flexpanel_node_style_set_max_width	function	flexpanel_node_style_set_max_width(node, value, unit);	https://manual.gamemaker.io/monthly/en/GameMaker_Language/GML_Reference/Flex_Panels/Function_Reference/Styling_Functions/flexpanel_node_style_set_max_width.htm
Flex_Panels.Function_Reference.Styling_Functions.flexpanel_node_style_set_min_height	flexpanel_node_style_set_min_height	function	flexpanel_node_style_set_min_height(node, value, unit);	https://manual.gamemaker.io/monthly/en/GameMaker_Language/GML_Reference/Flex_Panels/Function_Reference/Styling_Functions/flexpanel_node_style_set_min_height.htm
Flex_Panels.Function_Reference.Styling_Functions.flexpanel_node_style_set_min_width	flexpanel_node_style_set_min_width	function	flexpanel_node_style_set_min_width(node, value, unit);	https://manual.gamemaker.io/monthly/en/GameMaker_Language/GML_Reference/Flex_Panels/Function_Reference/Styling_Functions/flexpanel_node_style_set_min_width.htm
Flex_Panels.Function_Reference.Styling_Functions.flexpanel_node_style_set_padding	flexpanel_node_style_set_padding	function	flexpanel_node_style_set_padding(node, edge, size);	https://manual.gamemaker.io/monthly/en/GameMaker_Language/GML_Reference/Flex_Panels/Function_Reference/Styling_Functions/flexpanel_node_style_set_padding.htm
Flex_Panels.Function_Reference.Styling_Functions.flexpanel_node_style_set_position	flexpanel_node_style_set_position	function	flexpanel_node_style_set_position(node, edge, value, unit);	https://manual.gamemaker.io/monthly/en/GameMaker_Language/GML_Reference/Flex_Panels/Function_Reference/Styling_Functions/flexpanel_node_style_set_position.htm
Flex_Panels.Function_Reference.Styling_Functions.flexpanel_node_style_set_position_type	flexpanel_node_style_set_position_type	function	flexpanel_node_style_set_position_type(node, position_type);	https://manual.gamemaker.io/monthly/en/GameMaker_Language/GML_Reference/Flex_Panels/Function_Reference/Styling_Functions/flexpanel_node_style_set_position_type.htm
Flex_Panels.Function_Reference.Styling_Functions.flexpanel_node_style_set_width	flexpanel_node_style_set_width	function	flexpanel_node_style_set_width(node, width, unit);	https://manual.gamemaker.io/monthly/en/GameMaker_Language/GML_Reference/Flex_Panels/Function_Reference/Styling_Functions/flexpanel_node_style_set_width.htm
Flex_Panels.Function_Reference.flexpanel_calculate_layout	flexpanel_calculate_layout	function	flexpanel_calculate_layout(root, width, height, direction);	https://manual.gamemaker.io/monthly/en/GameMaker_Language/GML_Reference/Flex_Panels/Function_Reference/flexpanel_calculate_layout.htm
Flex_Panels.Function_Reference.flexpanel_create_node	flexpanel_create_node	function	flexpanel_create_node([struct_or_json]);	https://manual.gamemaker.io/monthly/en/GameMaker_Language/GML_Reference/Flex_Panels/Function_Reference/flexpanel_create_node.htm
Flex_Panels.Function_Reference.flexpanel_delete_node	flexpanel_delete_node	function	flexpanel_delete_node(node, [recursive]);	https://manual.gamemaker.io/monthly/en/GameMaker_Language/GML_Reference/Flex_Panels/Function_Reference/flexpanel_delete_node.htm
Flex_Panels.Function_Reference.flexpanel_node_get_child	flexpanel_node_get_child	function	flexpanel_node_get_child(node, index_or_name);	https://manual.gamemaker.io/monthly/en/GameMaker_Language/GML_Reference/Flex_Panels/Function_Reference/flexpanel_node_get_child.htm
Flex_Panels.Function_Reference.flexpanel_node_get_child_hash	flexpanel_node_get_child_hash	function	flexpanel_node_get_child_hash(node, hash_or_name);	https://manual.gamemaker.io/monthly/en/GameMaker_Language/GML_Reference/Flex_Panels/Function_Reference/flexpanel_node_get_child_hash.htm
Flex_Panels.Function_Reference.flexpanel_node_get_data	flexpanel_node_get_data	function	flexpanel_node_get_data(node);	https://manual.gamemaker.io/monthly/en/GameMaker_Language/GML_Reference/Flex_Panels/Function_Reference/flexpanel_node_get_data.htm
Flex_Panels.Function_Reference.flexpanel_node_get_name	flexpanel_node_get_name	function	flexpanel_node_get_name(node);	https://manual.gamemaker.io/monthly/en/GameMaker_Language/GML_Reference/Flex_Panels/Function_Reference/flexpanel_node_get_name.htm
Flex_Panels.Function_Reference.flexpanel_node_get_num_children	flexpanel_node_get_num_children	function	flexpanel_node_get_num_children(node);	https://manual.gamemaker.io/monthly/en/GameMaker_Language/GML_Reference/Flex_Panels/Function_Reference/flexpanel_node_get_num_children.htm
Flex_Panels.Function_Reference.flexpanel_node_get_parent	flexpanel_node_get_parent	function	flexpanel_node_get_parent(node);	https://manual.gamemaker.io/monthly/en/GameMaker_Language/GML_Reference/Flex_Panels/Function_Reference/flexpanel_node_get_parent.htm
Flex_Panels.Function_Reference.flexpanel_node_get_struct	flexpanel_node_get_struct	function	flexpanel_node_get_struct(node);	https://manual.gamemaker.io/monthly/en/GameMaker_Language/GML_Reference/Flex_Panels/Function_Reference/flexpanel_node_get_struct.htm
Flex_Panels.Function_Reference.flexpanel_node_insert_child	flexpanel_node_insert_child	function	flexpanel_node_insert_child(root, node, index);	https://manual.gamemaker.io/monthly/en/GameMaker_Language/GML_Reference/Flex_Panels/Function_Reference/flexpanel_node_insert_child.htm
Flex_Panels.Function_Reference.flexpanel_node_layout_get_position	flexpanel_node_layout_get_position	function	flexpanel_node_layout_get_position(node, [relative]);	https://manual.gamemaker.io/monthly/en/GameMaker_Language/GML_Reference/Flex_Panels/Function_Reference/flexpanel_node_layout_get_position.htm
Flex_Panels.Function_Reference.flexpanel_node_remove_all_children	flexpanel_node_remove_all_children	function	flexpanel_node_remove_all_children(node);	https://manual.gamemaker.io/monthly/en/GameMaker_Language/GML_Reference/Flex_Panels/Function_Reference/flexpanel_node_remove_all_children.htm
Flex_Panels.Function_Reference.flexpanel_node_remove_child	flexpanel_node_remove_child	function	flexpanel_node_remove_child(root, node);	https://manual.gamemaker.io/monthly/en/GameMaker_Language/GML_Reference/Flex_Panels/Function_Reference/flexpanel_node_remove_child.htm
Flex_Panels.Function_Reference.flexpanel_node_set_name	flexpanel_node_set_name	function	flexpanel_node_set_name(node, name);	https://manual.gamemaker.io/monthly/en/GameMaker_Language/GML_Reference/Flex_Panels/Function_Reference/flexpanel_node_set_name.htm
GML_Reference.htm.GML	GML	unknown	undefined	https://manual.gamemaker.io/monthly/en/GameMaker_Language/GML_Reference/GML_Reference.htm
GXC.File_System.gxc_file_sync	gxc_file_sync	function	gxc_file_sync([callback]);	https://manual.gamemaker.io/monthly/en/GameMaker_Language/GML_Reference/GXC/File_System/gxc_file_sync.htm
GXC.GXC	GXC	unknown	undefined	https://manual.gamemaker.io/monthly/en/GameMaker_Language/GML_Reference/GXC/GXC_Functions.htm
Game_Input.Device_Input.device_get_tilt_x	device_get_tilt_x	function	device_get_tilt_x()	https://manual.gamemaker.io/monthly/en/GameMaker_Language/GML_Reference/Game_Input/Device_Input/device_get_tilt_x.htm
Game_Input.Device_Input.device_get_tilt_y	device_get_tilt_y	function	device_get_tilt_y()	https://manual.gamemaker.io/monthly/en/GameMaker_Language/GML_Reference/Game_Input/Device_Input/device_get_tilt_y.htm
Game_Input.Device_Input.device_get_tilt_z	device_get_tilt_z	function	device_get_tilt_z()	https://manual.gamemaker.io/monthly/en/GameMaker_Language/GML_Reference/Game_Input/Device_Input/device_get_tilt_z.htm
Game_Input.Device_Input.device_is_keypad_open	device_is_keypad_open	variable	device_is_keypad_open	https://manual.gamemaker.io/monthly/en/GameMaker_Language/GML_Reference/Game_Input/Device_Input/device_is_keypad_open.htm
Game_Input.Device_Input.device_mouse_check_button	device_mouse_check_button	function	device_mouse_check_button(device, button);	https://manual.gamemaker.io/monthly/en/GameMaker_Language/GML_Reference/Game_Input/Device_Input/device_mouse_check_button.htm
Game_Input.Device_Input.device_mouse_check_button_pressed	device_mouse_check_button_pressed	function	device_mouse_check_button_pressed(device, button);	https://manual.gamemaker.io/monthly/en/GameMaker_Language/GML_Reference/Game_Input/Device_Input/device_mouse_check_button_pressed.htm
Game_Input.Device_Input.device_mouse_check_button_released	device_mouse_check_button_released	function	device_mouse_check_button_released(device, button);	https://manual.gamemaker.io/monthly/en/GameMaker_Language/GML_Reference/Game_Input/Device_Input/device_mouse_check_button_released.htm
Game_Input.Device_Input.device_mouse_dbclick_enable	device_mouse_dbclick_enable	function	device_mouse_dbclick_enable(bool);	https://manual.gamemaker.io/monthly/en/GameMaker_Language/GML_Reference/Game_Input/Device_Input/device_mouse_dbclick_enable.htm
Game_Input.Device_Input.device_mouse_raw_x	device_mouse_raw_x	function	device_mouse_raw_x(device);	https://manual.gamemaker.io/monthly/en/GameMaker_Language/GML_Reference/Game_Input/Device_Input/device_mouse_raw_x.htm
Game_Input.Device_Input.device_mouse_raw_y	device_mouse_raw_y	function	device_mouse_raw_y(device);	https://manual.gamemaker.io/monthly/en/GameMaker_Language/GML_Reference/Game_Input/Device_Input/device_mouse_raw_y.htm
Game_Input.Device_Input.device_mouse_x	device_mouse_x	function	device_mouse_x(device);	https://manual.gamemaker.io/monthly/en/GameMaker_Language/GML_Reference/Game_Input/Device_Input/device_mouse_x.htm
Game_Input.Device_Input.device_mouse_x_to_gui	device_mouse_x_to_gui	function	device_mouse_x_to_gui(device);	https://manual.gamemaker.io/monthly/en/GameMaker_Language/GML_Reference/Game_Input/Device_Input/device_mouse_x_to_gui.htm
Game_Input.Device_Input.device_mouse_y	device_mouse_y	function	device_mouse_y(device);	https://manual.gamemaker.io/monthly/en/GameMaker_Language/GML_Reference/Game_Input/Device_Input/device_mouse_y.htm
Game_Input.Device_Input.device_mouse_y_to_gui	device_mouse_y_to_gui	function	device_mouse_y_to_gui(device);	https://manual.gamemaker.io/monthly/en/GameMaker_Language/GML_Reference/Game_Input/Device_Input/device_mouse_y_to_gui.htm
Game_Input.GamePad_Input.gamepad_axis_count	gamepad_axis_count	function	gamepad_axis_count(device);	https://manual.gamemaker.io/monthly/en/GameMaker_Language/GML_Reference/Game_Input/GamePad_Input/gamepad_axis_count.htm
Game_Input.GamePad_Input.gamepad_axis_value	gamepad_axis_value	function	gamepad_axis_value(device, axisIndex);	https://manual.gamemaker.io/monthly/en/GameMaker_Language/GML_Reference/Game_Input/GamePad_Input/gamepad_axis_value.htm
Game_Input.GamePad_Input.gamepad_button_check	gamepad_button_check	function	gamepad_button_check(device, button);	https://manual.gamemaker.io/monthly/en/GameMaker_Language/GML_Reference/Game_Input/GamePad_Input/gamepad_button_check.htm
Game_Input.GamePad_Input.gamepad_button_check_pressed	gamepad_button_check_pressed	function	gamepad_button_check_pressed(device, button);	https://manual.gamemaker.io/monthly/en/GameMaker_Language/GML_Reference/Game_Input/GamePad_Input/gamepad_button_check_pressed.htm
Game_Input.GamePad_Input.gamepad_button_check_released	gamepad_button_check_released	function	gamepad_button_check_released(device, button);	https://manual.gamemaker.io/monthly/en/GameMaker_Language/GML_Reference/Game_Input/GamePad_Input/gamepad_button_check_released.htm
Game_Input.GamePad_Input.gamepad_button_count	gamepad_button_count	function	gamepad_button_count(device);	https://manual.gamemaker.io/monthly/en/GameMaker_Language/GML_Reference/Game_Input/GamePad_Input/gamepad_button_count.htm
Game_Input.GamePad_Input.gamepad_button_value	gamepad_button_value	function	gamepad_button_value(device, button);	https://manual.gamemaker.io/monthly/en/GameMaker_Language/GML_Reference/Game_Input/GamePad_Input/gamepad_button_value.htm
Game_Input.GamePad_Input.gamepad_enumerate	gamepad_enumerate	function	gamepad_enumerate();	https://manual.gamemaker.io/monthly/en/GameMaker_Language/GML_Reference/Game_Input/GamePad_Input/gamepad_enumerate.htm
Game_Input.GamePad_Input.gamepad_get_axis_deadzone	gamepad_get_axis_deadzone	function	gamepad_get_axis_deadzone(device);	https://manual.gamemaker.io/monthly/en/GameMaker_Language/GML_Reference/Game_Input/GamePad_Input/gamepad_get_axis_deadzone.htm
Game_Input.GamePad_Input.gamepad_get_button_threshold	gamepad_get_button_threshold	function	gamepad_get_button_threshold(device);	https://manual.gamemaker.io/monthly/en/GameMaker_Language/GML_Reference/Game_Input/GamePad_Input/gamepad_get_button_threshold.htm
Game_Input.GamePad_Input.gamepad_get_description	gamepad_get_description	function	gamepad_get_description(device);	https://manual.gamemaker.io/monthly/en/GameMaker_Language/GML_Reference/Game_Input/GamePad_Input/gamepad_get_description.htm
Game_Input.GamePad_Input.gamepad_get_device_count	gamepad_get_device_count	function	gamepad_get_device_count();	https://manual.gamemaker.io/monthly/en/GameMaker_Language/GML_Reference/Game_Input/GamePad_Input/gamepad_get_device_count.htm
Game_Input.GamePad_Input.gamepad_get_guid	gamepad_get_guid	function	gamepad_get_guid(index);	https://manual.gamemaker.io/monthly/en/GameMaker_Language/GML_Reference/Game_Input/GamePad_Input/gamepad_get_guid.htm
Game_Input.GamePad_Input.gamepad_get_mapping	gamepad_get_mapping	function	gamepad_get_mapping(index);	https://manual.gamemaker.io/monthly/en/GameMaker_Language/GML_Reference/Game_Input/GamePad_Input/gamepad_get_mapping.htm
Game_Input.GamePad_Input.gamepad_get_option	gamepad_get_option	function	gamepad_get_option(device, option_name);	https://manual.gamemaker.io/monthly/en/GameMaker_Language/GML_Reference/Game_Input/GamePad_Input/gamepad_get_option.htm
Game_Input.GamePad_Input.gamepad_hat_count	gamepad_hat_count	function	gamepad_hat_count(device);	https://manual.gamemaker.io/monthly/en/GameMaker_Language/GML_Reference/Game_Input/GamePad_Input/gamepad_hat_count.htm
Game_Input.GamePad_Input.gamepad_hat_value	gamepad_hat_value	function	gamepad_hat_value(device, hatindex);	https://manual.gamemaker.io/monthly/en/GameMaker_Language/GML_Reference/Game_Input/GamePad_Input/gamepad_hat_value.htm
Game_Input.GamePad_Input.gamepad_is_connected	gamepad_is_connected	function	gamepad_is_connected(device);	https://manual.gamemaker.io/monthly/en/GameMaker_Language/GML_Reference/Game_Input/GamePad_Input/gamepad_is_connected.htm
Game_Input.GamePad_Input.gamepad_is_supported	gamepad_is_supported	function	gamepad_is_supported();	https://manual.gamemaker.io/monthly/en/GameMaker_Language/GML_Reference/Game_Input/GamePad_Input/gamepad_is_supported.htm
Game_Input.GamePad_Input.gamepad_remove_mapping	gamepad_remove_mapping	function	gamepad_remove_mapping(index);	https://manual.gamemaker.io/monthly/en/GameMaker_Language/GML_Reference/Game_Input/GamePad_Input/gamepad_remove_mapping.htm
Game_Input.GamePad_Input.gamepad_set_axis_deadzone	gamepad_set_axis_deadzone	function	gamepad_set_axis_deadzone(device, deadzone);	https://manual.gamemaker.io/monthly/en/GameMaker_Language/GML_Reference/Game_Input/GamePad_Input/gamepad_set_axis_deadzone.htm
Game_Input.GamePad_Input.gamepad_set_button_threshold	gamepad_set_button_threshold	function	gamepad_set_button_threshold(device, threshold);	https://manual.gamemaker.io/monthly/en/GameMaker_Language/GML_Reference/Game_Input/GamePad_Input/gamepad_set_button_threshold.htm
Game_Input.GamePad_Input.gamepad_set_colour	gamepad_set_colour	function	gamepad_set_colour(device, colour);	https://manual.gamemaker.io/monthly/en/GameMaker_Language/GML_Reference/Game_Input/GamePad_Input/gamepad_set_colour.htm
Game_Input.GamePad_Input.gamepad_set_option	gamepad_set_option	function	gamepad_set_option(device, option_name, value);	https://manual.gamemaker.io/monthly/en/GameMaker_Language/GML_Reference/Game_Input/GamePad_Input/gamepad_set_option.htm
Game_Input.GamePad_Input.gamepad_set_vibration	gamepad_set_vibration	function	gamepad_set_vibration(device, left_motor, right_motor);	https://manual.gamemaker.io/monthly/en/GameMaker_Language/GML_Reference/Game_Input/GamePad_Input/gamepad_set_vibration.htm
Game_Input.GamePad_Input.gamepad_test_mapping	gamepad_test_mapping	function	gamepad_test_mapping(index, mapping_string);	https://manual.gamemaker.io/monthly/en/GameMaker_Language/GML_Reference/Game_Input/GamePad_Input/gamepad_test_mapping.htm
Game_Input.GamePad_Input.gp_axis_acceleration_x	gp_axis_acceleration_x	constant	gp_axis_acceleration_x	https://manual.gamemaker.io/monthly/en/GameMaker_Language/GML_Reference/Game_Input/GamePad_Input/Gamepad_Input.htm
Game_Input.GamePad_Input.gp_axis_acceleration_y	gp_axis_acceleration_y	constant	gp_axis_acceleration_y	https://manual.gamemaker.io/monthly/en/GameMaker_Language/GML_Reference/Game_Input/GamePad_Input/Gamepad_Input.htm
Game_Input.GamePad_Input.gp_axis_acceleration_z	gp_axis_acceleration_z	constant	gp_axis_acceleration_z	https://manual.gamemaker.io/monthly/en/GameMaker_Language/GML_Reference/Game_Input/GamePad_Input/Gamepad_Input.htm
Game_Input.GamePad_Input.gp_axis_angular_velocity_x	gp_axis_angular_velocity_x	constant	gp_axis_angular_velocity_x	https://manual.gamemaker.io/monthly/en/GameMaker_Language/GML_Reference/Game_Input/GamePad_Input/Gamepad_Input.htm
Game_Input.GamePad_Input.gp_axis_angular_velocity_y	gp_axis_angular_velocity_y	constant	gp_axis_angular_velocity_y	https://manual.gamemaker.io/monthly/en/GameMaker_Language/GML_Reference/Game_Input/GamePad_Input/Gamepad_Input.htm
Game_Input.GamePad_Input.gp_axis_angular_velocity_z	gp_axis_angular_velocity_z	constant	gp_axis_angular_velocity_z	https://manual.gamemaker.io/monthly/en/GameMaker_Language/GML_Reference/Game_Input/GamePad_Input/Gamepad_Input.htm
Game_Input.GamePad_Input.gp_axis_orientation_w	gp_axis_orientation_w	constant	gp_axis_orientation_w	https://manual.gamemaker.io/monthly/en/GameMaker_Language/GML_Reference/Game_Input/GamePad_Input/Gamepad_Input.htm
Game_Input.GamePad_Input.gp_axis_orientation_x	gp_axis_orientation_x	constant	gp_axis_orientation_x	https://manual.gamemaker.io/monthly/en/GameMaker_Language/GML_Reference/Game_Input/GamePad_Input/Gamepad_Input.htm
Game_Input.GamePad_Input.gp_axis_orientation_y	gp_axis_orientation_y	constant	gp_axis_orientation_y	https://manual.gamemaker.io/monthly/en/GameMaker_Language/GML_Reference/Game_Input/GamePad_Input/Gamepad_Input.htm
Game_Input.GamePad_Input.gp_axis_orientation_z	gp_axis_orientation_z	constant	gp_axis_orientation_z	https://manual.gamemaker.io/monthly/en/GameMaker_Language/GML_Reference/Game_Input/GamePad_Input/Gamepad_Input.htm
Game_Input.GamePad_Input.gp_axislh	gp_axislh	constant	gp_axislh	https://manual.gamemaker.io/monthly/en/GameMaker_Language/GML_Reference/Game_Input/GamePad_Input/Gamepad_Input.htm
Game_Input.GamePad_Input.gp_axislv	gp_axislv	constant	gp_axislv	https://manual.gamemaker.io/monthly/en/GameMaker_Language/GML_Reference/Game_Input/GamePad_Input/Gamepad_Input.htm
Game_Input.GamePad_Input.gp_axisrh	gp_axisrh	constant	gp_axisrh	https://manual.gamemaker.io/monthly/en/GameMaker_Language/GML_Reference/Game_Input/GamePad_Input/Gamepad_Input.htm
Game_Input.GamePad_Input.gp_axisrv	gp_axisrv	constant	gp_axisrv	https://manual.gamemaker.io/monthly/en/GameMaker_Language/GML_Reference/Game_Input/GamePad_Input/Gamepad_Input.htm
Game_Input.GamePad_Input.gp_face1	gp_face1	constant	gp_face1	https://manual.gamemaker.io/monthly/en/GameMaker_Language/GML_Reference/Game_Input/GamePad_Input/Gamepad_Input.htm
Game_Input.GamePad_Input.gp_face2	gp_face2	constant	gp_face2	https://manual.gamemaker.io/monthly/en/GameMaker_Language/GML_Reference/Game_Input/GamePad_Input/Gamepad_Input.htm
Game_Input.GamePad_Input.gp_face3	gp_face3	constant	gp_face3	https://manual.gamemaker.io/monthly/en/GameMaker_Language/GML_Reference/Game_Input/GamePad_Input/Gamepad_Input.htm
Game_Input.GamePad_Input.gp_face4	gp_face4	constant	gp_face4	https://manual.gamemaker.io/monthly/en/GameMaker_Language/GML_Reference/Game_Input/GamePad_Input/Gamepad_Input.htm
Game_Input.GamePad_Input.gp_padd	gp_padd	constant	gp_padd	https://manual.gamemaker.io/monthly/en/GameMaker_Language/GML_Reference/Game_Input/GamePad_Input/Gamepad_Input.htm
Game_Input.GamePad_Input.gp_padl	gp_padl	constant	gp_padl	https://manual.gamemaker.io/monthly/en/GameMaker_Language/GML_Reference/Game_Input/GamePad_Input/Gamepad_Input.htm
Game_Input.GamePad_Input.gp_padr	gp_padr	constant	gp_padr	https://manual.gamemaker.io/monthly/en/GameMaker_Language/GML_Reference/Game_Input/GamePad_Input/Gamepad_Input.htm
Game_Input.GamePad_Input.gp_padu	gp_padu	constant	gp_padu	https://manual.gamemaker.io/monthly/en/GameMaker_Language/GML_Reference/Game_Input/GamePad_Input/Gamepad_Input.htm
Game_Input.GamePad_Input.gp_select	gp_select	constant	gp_select	https://manual.gamemaker.io/monthly/en/GameMaker_Language/GML_Reference/Game_Input/GamePad_Input/Gamepad_Input.htm
Game_Input.GamePad_Input.gp_shoulderl	gp_shoulderl	constant	gp_shoulderl	https://manual.gamemaker.io/monthly/en/GameMaker_Language/GML_Reference/Game_Input/GamePad_Input/Gamepad_Input.htm
Game_Input.GamePad_Input.gp_shoulderlb	gp_shoulderlb	constant	gp_shoulderlb	https://manual.gamemaker.io/monthly/en/GameMaker_Language/GML_Reference/Game_Input/GamePad_Input/Gamepad_Input.htm
Game_Input.GamePad_Input.gp_shoulderr	gp_shoulderr	constant	gp_shoulderr	https://manual.gamemaker.io/monthly/en/GameMaker_Language/GML_Reference/Game_Input/GamePad_Input/Gamepad_Input.htm
Game_Input.GamePad_Input.gp_shoulderrb	gp_shoulderrb	constant	gp_shoulderrb	https://manual.gamemaker.io/monthly/en/GameMaker_Language/GML_Reference/Game_Input/GamePad_Input/Gamepad_Input.htm
Game_Input.GamePad_Input.gp_start	gp_start	constant	gp_start	https://manual.gamemaker.io/monthly/en/GameMaker_Language/GML_Reference/Game_Input/GamePad_Input/Gamepad_Input.htm
Game_Input.GamePad_Input.gp_stickl	gp_stickl	constant	gp_stickl	https://manual.gamemaker.io/monthly/en/GameMaker_Language/GML_Reference/Game_Input/GamePad_Input/Gamepad_Input.htm
Game_Input.GamePad_Input.gp_stickr	gp_stickr	constant	gp_stickr	https://manual.gamemaker.io/monthly/en/GameMaker_Language/GML_Reference/Game_Input/GamePad_Input/Gamepad_Input.htm
Game_Input.Gesture_Input.event_data	event_data	variable	event_data;	https://manual.gamemaker.io/monthly/en/GameMaker_Language/GML_Reference/Game_Input/Gesture_Input/event_data.htm
Game_Input.Gesture_Input.gesture_double_tap_distance	gesture_double_tap_distance	function	gesture_double_tap_distance(distance);	https://manual.gamemaker.io/monthly/en/GameMaker_Language/GML_Reference/Game_Input/Gesture_Input/gesture_double_tap_distance.htm
Game_Input.Gesture_Input.gesture_double_tap_time	gesture_double_tap_time	function	gesture_double_tap_time(time);	https://manual.gamemaker.io/monthly/en/GameMaker_Language/GML_Reference/Game_Input/Gesture_Input/gesture_double_tap_time.htm
Game_Input.Gesture_Input.gesture_drag_distance	gesture_drag_distance	function	gesture_drag_distance(distance);	https://manual.gamemaker.io/monthly/en/GameMaker_Language/GML_Reference/Game_Input/Gesture_Input/gesture_drag_distance.htm
Game_Input.Gesture_Input.gesture_drag_time	gesture_drag_time	function	gesture_drag_time(time);	https://manual.gamemaker.io/monthly/en/GameMaker_Language/GML_Reference/Game_Input/Gesture_Input/gesture_drag_time.htm
Game_Input.Gesture_Input.gesture_flick_speed	gesture_flick_speed	function	gesture_flick_speed(speed);	https://manual.gamemaker.io/monthly/en/GameMaker_Language/GML_Reference/Game_Input/Gesture_Input/gesture_flick_speed.htm
Game_Input.Gesture_Input.gesture_get_double_tap_distance	gesture_get_double_tap_distance	function	gesture_get_double_tap_distance();	https://manual.gamemaker.io/monthly/en/GameMaker_Language/GML_Reference/Game_Input/Gesture_Input/gesture_get_double_tap_distance.htm
Game_Input.Gesture_Input.gesture_get_double_tap_time	gesture_get_double_tap_time	function	gesture_get_double_tap_time();	https://manual.gamemaker.io/monthly/en/GameMaker_Language/GML_Reference/Game_Input/Gesture_Input/gesture_get_double_tap_time.htm
Game_Input.Gesture_Input.gesture_get_drag_distance	gesture_get_drag_distance	function	gesture_get_drag_distance();	https://manual.gamemaker.io/monthly/en/GameMaker_Language/GML_Reference/Game_Input/Gesture_Input/gesture_get_drag_distance.htm
Game_Input.Gesture_Input.gesture_get_drag_time	gesture_get_drag_time	function	gesture_get_drag_time();	https://manual.gamemaker.io/monthly/en/GameMaker_Language/GML_Reference/Game_Input/Gesture_Input/gesture_get_drag_time.htm
Game_Input.Gesture_Input.gesture_get_flick_speed	gesture_get_flick_speed	function	gesture_get_flick_speed();	https://manual.gamemaker.io/monthly/en/GameMaker_Language/GML_Reference/Game_Input/Gesture_Input/gesture_get_flick_speed.htm
Game_Input.Gesture_Input.gesture_get_pinch_angle_away	gesture_get_pinch_angle_away	function	gesture_get_pinch_angle_away();	https://manual.gamemaker.io/monthly/en/GameMaker_Language/GML_Reference/Game_Input/Gesture_Input/gesture_get_pinch_angle_away.htm
Game_Input.Gesture_Input.gesture_get_pinch_angle_towards	gesture_get_pinch_angle_towards	function	gesture_get_pinch_angle_towards();	https://manual.gamemaker.io/monthly/en/GameMaker_Language/GML_Reference/Game_Input/Gesture_Input/gesture_get_pinch_angle_towards.htm
Game_Input.Gesture_Input.gesture_get_pinch_distance	gesture_get_pinch_distance	function	gesture_get_pinch_distance();	https://manual.gamemaker.io/monthly/en/GameMaker_Language/GML_Reference/Game_Input/Gesture_Input/gesture_get_pinch_distance.htm
Game_Input.Gesture_Input.gesture_get_rotate_angle	gesture_get_rotate_angle	function	gesture_get_rotate_angle();	https://manual.gamemaker.io/monthly/en/GameMaker_Language/GML_Reference/Game_Input/Gesture_Input/gesture_get_rotate_angle.htm
Game_Input.Gesture_Input.gesture_get_rotate_time	gesture_get_rotate_time	function	gesture_get_rotate_time();	https://manual.gamemaker.io/monthly/en/GameMaker_Language/GML_Reference/Game_Input/Gesture_Input/gesture_get_rotate_time.htm
Game_Input.Gesture_Input.gesture_get_tap_count	gesture_get_tap_count	function	gesture_get_tap_count();	https://manual.gamemaker.io/monthly/en/GameMaker_Language/GML_Reference/Game_Input/Gesture_Input/gesture_get_tap_count.htm
Game_Input.Gesture_Input.gesture_pinch_angle_away	gesture_pinch_angle_away	function	gesture_pinch_angle_away();	https://manual.gamemaker.io/monthly/en/GameMaker_Language/GML_Reference/Game_Input/Gesture_Input/gesture_pinch_angle_away.htm
Game_Input.Gesture_Input.gesture_pinch_angle_towards	gesture_pinch_angle_towards	function	gesture_pinch_angle_towards();	https://manual.gamemaker.io/monthly/en/GameMaker_Language/GML_Reference/Game_Input/Gesture_Input/gesture_pinch_angle_towards.htm
Game_Input.Gesture_Input.gesture_pinch_distance	gesture_pinch_distance	function	gesture_pinch_distance();	https://manual.gamemaker.io/monthly/en/GameMaker_Language/GML_Reference/Game_Input/Gesture_Input/gesture_pinch_distance.htm
Game_Input.Gesture_Input.gesture_rotate_angle	gesture_rotate_angle	function	gesture_rotate_angle();	https://manual.gamemaker.io/monthly/en/GameMaker_Language/GML_Reference/Game_Input/Gesture_Input/gesture_rotate_angle.htm
Game_Input.Gesture_Input.gesture_rotate_time	gesture_rotate_time	function	gesture_rotate_time();	https://manual.gamemaker.io/monthly/en/GameMaker_Language/GML_Reference/Game_Input/Gesture_Input/gesture_rotate_time.htm
Game_Input.Gesture_Input.gesture_tap_count	gesture_tap_count	function	gesture_tap_count(enable);	https://manual.gamemaker.io/monthly/en/GameMaker_Language/GML_Reference/Game_Input/Gesture_Input/gesture_tap_count.htm
Game_Input.Keyboard_Input.io_clear	io_clear	function	io_clear();	https://manual.gamemaker.io/monthly/en/GameMaker_Language/GML_Reference/Game_Input/Keyboard_Input/io_clear.htm
Game_Input.Keyboard_Input.keyboard_check	keyboard_check	function	keyboard_check(key);	https://manual.gamemaker.io/monthly/en/GameMaker_Language/GML_Reference/Game_Input/Keyboard_Input/keyboard_check.htm
Game_Input.Keyboard_Input.keyboard_check_direct	keyboard_check_direct	function	keyboard_check_direct(key);	https://manual.gamemaker.io/monthly/en/GameMaker_Language/GML_Reference/Game_Input/Keyboard_Input/keyboard_check_direct.htm
Game_Input.Keyboard_Input.keyboard_check_pressed	keyboard_check_pressed	function	keyboard_check_pressed(key);	https://manual.gamemaker.io/monthly/en/GameMaker_Language/GML_Reference/Game_Input/Keyboard_Input/keyboard_check_pressed.htm
Game_Input.Keyboard_Input.keyboard_check_released	keyboard_check_released	function	keyboard_check_released(key);	https://manual.gamemaker.io/monthly/en/GameMaker_Language/GML_Reference/Game_Input/Keyboard_Input/keyboard_check_released.htm
Game_Input.Keyboard_Input.keyboard_clear	keyboard_clear	function	keyboard_clear(key);	https://manual.gamemaker.io/monthly/en/GameMaker_Language/GML_Reference/Game_Input/Keyboard_Input/keyboard_clear.htm
Game_Input.Keyboard_Input.keyboard_get_map	keyboard_get_map	function	keyboard_get_map(key);	https://manual.gamemaker.io/monthly/en/GameMaker_Language/GML_Reference/Game_Input/Keyboard_Input/keyboard_get_map.htm
Game_Input.Keyboard_Input.keyboard_get_numlock	keyboard_get_numlock	function	keyboard_get_numlock();	https://manual.gamemaker.io/monthly/en/GameMaker_Language/GML_Reference/Game_Input/Keyboard_Input/keyboard_get_numlock.htm
Game_Input.Keyboard_Input.keyboard_key	keyboard_key	variable	keyboard_key;	https://manual.gamemaker.io/monthly/en/GameMaker_Language/GML_Reference/Game_Input/Keyboard_Input/keyboard_key.htm
Game_Input.Keyboard_Input.keyboard_key_press	keyboard_key_press	function	keyboard_key_press(key);	https://manual.gamemaker.io/monthly/en/GameMaker_Language/GML_Reference/Game_Input/Keyboard_Input/keyboard_key_press.htm
Game_Input.Keyboard_Input.keyboard_key_release	keyboard_key_release	function	keyboard_key_release(key);	https://manual.gamemaker.io/monthly/en/GameMaker_Language/GML_Reference/Game_Input/Keyboard_Input/keyboard_key_release.htm
Game_Input.Keyboard_Input.keyboard_lastchar	keyboard_lastchar	variable	keyboard_lastchar	https://manual.gamemaker.io/monthly/en/GameMaker_Language/GML_Reference/Game_Input/Keyboard_Input/keyboard_lastchar.htm
Game_Input.Keyboard_Input.keyboard_lastkey	keyboard_lastkey	variable	keyboard_lastkey	https://manual.gamemaker.io/monthly/en/GameMaker_Language/GML_Reference/Game_Input/Keyboard_Input/keyboard_lastkey.htm
Game_Input.Keyboard_Input.keyboard_set_map	keyboard_set_map	function	keyboard_set_map(key1, key2);	https://manual.gamemaker.io/monthly/en/GameMaker_Language/GML_Reference/Game_Input/Keyboard_Input/keyboard_set_map.htm
Game_Input.Keyboard_Input.keyboard_set_numlock	keyboard_set_numlock	function	keyboard_set_numlock(value);	https://manual.gamemaker.io/monthly/en/GameMaker_Language/GML_Reference/Game_Input/Keyboard_Input/keyboard_set_numlock.htm
Game_Input.Keyboard_Input.keyboard_string	keyboard_string	variable	keyboard_string	https://manual.gamemaker.io/monthly/en/GameMaker_Language/GML_Reference/Game_Input/Keyboard_Input/keyboard_string.htm
Game_Input.Keyboard_Input.keyboard_unset_map	keyboard_unset_map	unknown	undefined	https://manual.gamemaker.io/monthly/en/GameMaker_Language/GML_Reference/Game_Input/Keyboard_Input/keyboard_unset_map.htm
Game_Input.Keyboard_Input.vk_add	vk_add	constant	vk_add	https://manual.gamemaker.io/monthly/en/GameMaker_Language/GML_Reference/Game_Input/Keyboard_Input/Keyboard_Input.htm
Game_Input.Keyboard_Input.vk_alt	vk_alt	constant	vk_alt	https://manual.gamemaker.io/monthly/en/GameMaker_Language/GML_Reference/Game_Input/Keyboard_Input/Keyboard_Input.htm
Game_Input.Keyboard_Input.vk_anykey	vk_anykey	constant	vk_anykey	https://manual.gamemaker.io/monthly/en/GameMaker_Language/GML_Reference/Game_Input/Keyboard_Input/Keyboard_Input.htm
Game_Input.Keyboard_Input.vk_backspace	vk_backspace	constant	vk_backspace	https://manual.gamemaker.io/monthly/en/GameMaker_Language/GML_Reference/Game_Input/Keyboard_Input/Keyboard_Input.htm
Game_Input.Keyboard_Input.vk_control	vk_control	constant	vk_control	https://manual.gamemaker.io/monthly/en/GameMaker_Language/GML_Reference/Game_Input/Keyboard_Input/Keyboard_Input.htm
Game_Input.Keyboard_Input.vk_decimal	vk_decimal	constant	vk_decimal	https://manual.gamemaker.io/monthly/en/GameMaker_Language/GML_Reference/Game_Input/Keyboard_Input/Keyboard_Input.htm
Game_Input.Keyboard_Input.vk_delete	vk_delete	constant	vk_delete	https://manual.gamemaker.io/monthly/en/GameMaker_Language/GML_Reference/Game_Input/Keyboard_Input/Keyboard_Input.htm
Game_Input.Keyboard_Input.vk_divide	vk_divide	constant	vk_divide	https://manual.gamemaker.io/monthly/en/GameMaker_Language/GML_Reference/Game_Input/Keyboard_Input/Keyboard_Input.htm
Game_Input.Keyboard_Input.vk_down	vk_down	constant	vk_down	https://manual.gamemaker.io/monthly/en/GameMaker_Language/GML_Reference/Game_Input/Keyboard_Input/Keyboard_Input.htm
Game_Input.Keyboard_Input.vk_end	vk_end	constant	vk_end	https://manual.gamemaker.io/monthly/en/GameMaker_Language/GML_Reference/Game_Input/Keyboard_Input/Keyboard_Input.htm
Game_Input.Keyboard_Input.vk_enter	vk_enter	constant	vk_enter	https://manual.gamemaker.io/monthly/en/GameMaker_Language/GML_Reference/Game_Input/Keyboard_Input/Keyboard_Input.htm
Game_Input.Keyboard_Input.vk_escape	vk_escape	constant	vk_escape	https://manual.gamemaker.io/monthly/en/GameMaker_Language/GML_Reference/Game_Input/Keyboard_Input/Keyboard_Input.htm
Game_Input.Keyboard_Input.vk_f1	vk_f1	constant	vk_f1	https://manual.gamemaker.io/monthly/en/GameMaker_Language/GML_Reference/Game_Input/Keyboard_Input/Keyboard_Input.htm
Game_Input.Keyboard_Input.vk_f10	vk_f10	constant	vk_f10	https://manual.gamemaker.io/monthly/en/GameMaker_Language/GML_Reference/Game_Input/Keyboard_Input/Keyboard_Input.htm
Game_Input.Keyboard_Input.vk_f11	vk_f11	constant	vk_f11	https://manual.gamemaker.io/monthly/en/GameMaker_Language/GML_Reference/Game_Input/Keyboard_Input/Keyboard_Input.htm
Game_Input.Keyboard_Input.vk_f12	vk_f12	constant	vk_f12	https://manual.gamemaker.io/monthly/en/GameMaker_Language/GML_Reference/Game_Input/Keyboard_Input/Keyboard_Input.htm
Game_Input.Keyboard_Input.vk_f2	vk_f2	constant	vk_f2	https://manual.gamemaker.io/monthly/en/GameMaker_Language/GML_Reference/Game_Input/Keyboard_Input/Keyboard_Input.htm
Game_Input.Keyboard_Input.vk_f3	vk_f3	constant	vk_f3	https://manual.gamemaker.io/monthly/en/GameMaker_Language/GML_Reference/Game_Input/Keyboard_Input/Keyboard_Input.htm
Game_Input.Keyboard_Input.vk_f4	vk_f4	constant	vk_f4	https://manual.gamemaker.io/monthly/en/GameMaker_Language/GML_Reference/Game_Input/Keyboard_Input/Keyboard_Input.htm
Game_Input.Keyboard_Input.vk_f5	vk_f5	constant	vk_f5	https://manual.gamemaker.io/monthly/en/GameMaker_Language/GML_Reference/Game_Input/Keyboard_Input/Keyboard_Input.htm
Game_Input.Keyboard_Input.vk_f6	vk_f6	constant	vk_f6	https://manual.gamemaker.io/monthly/en/GameMaker_Language/GML_Reference/Game_Input/Keyboard_Input/Keyboard_Input.htm
Game_Input.Keyboard_Input.vk_f7	vk_f7	constant	vk_f7	https://manual.gamemaker.io/monthly/en/GameMaker_Language/GML_Reference/Game_Input/Keyboard_Input/Keyboard_Input.htm
Game_Input.Keyboard_Input.vk_f8	vk_f8	constant	vk_f8	https://manual.gamemaker.io/monthly/en/GameMaker_Language/GML_Reference/Game_Input/Keyboard_Input/Keyboard_Input.htm
Game_Input.Keyboard_Input.vk_f9	vk_f9	constant	vk_f9	https://manual.gamemaker.io/monthly/en/GameMaker_Language/GML_Reference/Game_Input/Keyboard_Input/Keyboard_Input.htm
Game_Input.Keyboard_Input.vk_home	vk_home	constant	vk_home	https://manual.gamemaker.io/monthly/en/GameMaker_Language/GML_Reference/Game_Input/Keyboard_Input/Keyboard_Input.htm
Game_Input.Keyboard_Input.vk_insert	vk_insert	constant	vk_insert	https://manual.gamemaker.io/monthly/en/GameMaker_Language/GML_Reference/Game_Input/Keyboard_Input/Keyboard_Input.htm
Game_Input.Keyboard_Input.vk_lalt	vk_lalt	constant	vk_lalt	https://manual.gamemaker.io/monthly/en/GameMaker_Language/GML_Reference/Game_Input/Keyboard_Input/Keyboard_Input.htm
Game_Input.Keyboard_Input.vk_lcontrol	vk_lcontrol	constant	vk_lcontrol	https://manual.gamemaker.io/monthly/en/GameMaker_Language/GML_Reference/Game_Input/Keyboard_Input/Keyboard_Input.htm
Game_Input.Keyboard_Input.vk_left	vk_left	constant	vk_left	https://manual.gamemaker.io/monthly/en/GameMaker_Language/GML_Reference/Game_Input/Keyboard_Input/Keyboard_Input.htm
Game_Input.Keyboard_Input.vk_lshift	vk_lshift	constant	vk_lshift	https://manual.gamemaker.io/monthly/en/GameMaker_Language/GML_Reference/Game_Input/Keyboard_Input/Keyboard_Input.htm
Game_Input.Keyboard_Input.vk_multiply	vk_multiply	constant	vk_multiply	https://manual.gamemaker.io/monthly/en/GameMaker_Language/GML_Reference/Game_Input/Keyboard_Input/Keyboard_Input.htm
Game_Input.Keyboard_Input.vk_nokey	vk_nokey	constant	vk_nokey	https://manual.gamemaker.io/monthly/en/GameMaker_Language/GML_Reference/Game_Input/Keyboard_Input/Keyboard_Input.htm
Game_Input.Keyboard_Input.vk_numpad0	vk_numpad0	constant	vk_numpad0	https://manual.gamemaker.io/monthly/en/GameMaker_Language/GML_Reference/Game_Input/Keyboard_Input/Keyboard_Input.htm
Game_Input.Keyboard_Input.vk_numpad1	vk_numpad1	constant	vk_numpad1	https://manual.gamemaker.io/monthly/en/GameMaker_Language/GML_Reference/Game_Input/Keyboard_Input/Keyboard_Input.htm
Game_Input.Keyboard_Input.vk_numpad2	vk_numpad2	constant	vk_numpad2	https://manual.gamemaker.io/monthly/en/GameMaker_Language/GML_Reference/Game_Input/Keyboard_Input/Keyboard_Input.htm
Game_Input.Keyboard_Input.vk_numpad3	vk_numpad3	constant	vk_numpad3	https://manual.gamemaker.io/monthly/en/GameMaker_Language/GML_Reference/Game_Input/Keyboard_Input/Keyboard_Input.htm
Game_Input.Keyboard_Input.vk_numpad4	vk_numpad4	constant	vk_numpad4	https://manual.gamemaker.io/monthly/en/GameMaker_Language/GML_Reference/Game_Input/Keyboard_Input/Keyboard_Input.htm
Game_Input.Keyboard_Input.vk_numpad5	vk_numpad5	constant	vk_numpad5	https://manual.gamemaker.io/monthly/en/GameMaker_Language/GML_Reference/Game_Input/Keyboard_Input/Keyboard_Input.htm
Game_Input.Keyboard_Input.vk_numpad6	vk_numpad6	constant	vk_numpad6	https://manual.gamemaker.io/monthly/en/GameMaker_Language/GML_Reference/Game_Input/Keyboard_Input/Keyboard_Input.htm
Game_Input.Keyboard_Input.vk_numpad7	vk_numpad7	constant	vk_numpad7	https://manual.gamemaker.io/monthly/en/GameMaker_Language/GML_Reference/Game_Input/Keyboard_Input/Keyboard_Input.htm
Game_Input.Keyboard_Input.vk_numpad8	vk_numpad8	constant	vk_numpad8	https://manual.gamemaker.io/monthly/en/GameMaker_Language/GML_Reference/Game_Input/Keyboard_Input/Keyboard_Input.htm
Game_Input.Keyboard_Input.vk_numpad9	vk_numpad9	constant	vk_numpad9	https://manual.gamemaker.io/monthly/en/GameMaker_Language/GML_Reference/Game_Input/Keyboard_Input/Keyboard_Input.htm
Game_Input.Keyboard_Input.vk_pagedown	vk_pagedown	constant	vk_pagedown	https://manual.gamemaker.io/monthly/en/GameMaker_Language/GML_Reference/Game_Input/Keyboard_Input/Keyboard_Input.htm
Game_Input.Keyboard_Input.vk_pageup	vk_pageup	constant	vk_pageup	https://manual.gamemaker.io/monthly/en/GameMaker_Language/GML_Reference/Game_Input/Keyboard_Input/Keyboard_Input.htm
Game_Input.Keyboard_Input.vk_pause	vk_pause	constant	vk_pause	https://manual.gamemaker.io/monthly/en/GameMaker_Language/GML_Reference/Game_Input/Keyboard_Input/Keyboard_Input.htm
Game_Input.Keyboard_Input.vk_printscreen	vk_printscreen	constant	vk_printscreen	https://manual.gamemaker.io/monthly/en/GameMaker_Language/GML_Reference/Game_Input/Keyboard_Input/Keyboard_Input.htm
Game_Input.Keyboard_Input.vk_ralt	vk_ralt	constant	vk_ralt	https://manual.gamemaker.io/monthly/en/GameMaker_Language/GML_Reference/Game_Input/Keyboard_Input/Keyboard_Input.htm
Game_Input.Keyboard_Input.vk_rcontrol	vk_rcontrol	constant	vk_rcontrol	https://manual.gamemaker.io/monthly/en/GameMaker_Language/GML_Reference/Game_Input/Keyboard_Input/Keyboard_Input.htm
Game_Input.Keyboard_Input.vk_right	vk_right	constant	vk_right	https://manual.gamemaker.io/monthly/en/GameMaker_Language/GML_Reference/Game_Input/Keyboard_Input/Keyboard_Input.htm
Game_Input.Keyboard_Input.vk_rshift	vk_rshift	constant	vk_rshift	https://manual.gamemaker.io/monthly/en/GameMaker_Language/GML_Reference/Game_Input/Keyboard_Input/Keyboard_Input.htm
Game_Input.Keyboard_Input.vk_shift	vk_shift	constant	vk_shift	https://manual.gamemaker.io/monthly/en/GameMaker_Language/GML_Reference/Game_Input/Keyboard_Input/Keyboard_Input.htm
Game_Input.Keyboard_Input.vk_space	vk_space	constant	vk_space	https://manual.gamemaker.io/monthly/en/GameMaker_Language/GML_Reference/Game_Input/Keyboard_Input/Keyboard_Input.htm
Game_Input.Keyboard_Input.vk_subtract	vk_subtract	constant	vk_subtract	https://manual.gamemaker.io/monthly/en/GameMaker_Language/GML_Reference/Game_Input/Keyboard_Input/Keyboard_Input.htm
Game_Input.Keyboard_Input.vk_tab	vk_tab	constant	vk_tab	https://manual.gamemaker.io/monthly/en/GameMaker_Language/GML_Reference/Game_Input/Keyboard_Input/Keyboard_Input.htm
Game_Input.Keyboard_Input.vk_up	vk_up	constant	vk_up	https://manual.gamemaker.io/monthly/en/GameMaker_Language/GML_Reference/Game_Input/Keyboard_Input/Keyboard_Input.htm
Game_Input.Mouse_Input.mb_any	mb_any	constant	mb_any	https://manual.gamemaker.io/monthly/en/GameMaker_Language/GML_Reference/Game_Input/Mouse_Input/Mouse_Input.htm
Game_Input.Mouse_Input.mb_left	mb_left	constant	mb_left	https://manual.gamemaker.io/monthly/en/GameMaker_Language/GML_Reference/Game_Input/Mouse_Input/Mouse_Input.htm
Game_Input.Mouse_Input.mb_middle	mb_middle	constant	mb_middle	https://manual.gamemaker.io/monthly/en/GameMaker_Language/GML_Reference/Game_Input/Mouse_Input/Mouse_Input.htm
Game_Input.Mouse_Input.mb_none	mb_none	constant	mb_none	https://manual.gamemaker.io/monthly/en/GameMaker_Language/GML_Reference/Game_Input/Mouse_Input/Mouse_Input.htm
Game_Input.Mouse_Input.mb_right	mb_right	constant	mb_right	https://manual.gamemaker.io/monthly/en/GameMaker_Language/GML_Reference/Game_Input/Mouse_Input/Mouse_Input.htm
Game_Input.Mouse_Input.mb_side1	mb_side1	constant	mb_side1	https://manual.gamemaker.io/monthly/en/GameMaker_Language/GML_Reference/Game_Input/Mouse_Input/Mouse_Input.htm
Game_Input.Mouse_Input.mb_side2	mb_side2	constant	mb_side2	https://manual.gamemaker.io/monthly/en/GameMaker_Language/GML_Reference/Game_Input/Mouse_Input/Mouse_Input.htm
Game_Input.Mouse_Input.mouse_button	mouse_button	variable	mouse_button	https://manual.gamemaker.io/monthly/en/GameMaker_Language/GML_Reference/Game_Input/Mouse_Input/mouse_button.htm
Game_Input.Mouse_Input.mouse_check_button	mouse_check_button	function	mouse_check_button(numb);	https://manual.gamemaker.io/monthly/en/GameMaker_Language/GML_Reference/Game_Input/Mouse_Input/mouse_check_button.htm
Game_Input.Mouse_Input.mouse_check_button_pressed	mouse_check_button_pressed	function	mouse_check_button_pressed(numb);	https://manual.gamemaker.io/monthly/en/GameMaker_Language/GML_Reference/Game_Input/Mouse_Input/mouse_check_button_pressed.htm
Game_Input.Mouse_Input.mouse_check_button_released	mouse_check_button_released	function	mouse_check_button_released(numb);	https://manual.gamemaker.io/monthly/en/GameMaker_Language/GML_Reference/Game_Input/Mouse_Input/mouse_check_button_released.htm
Game_Input.Mouse_Input.mouse_clear	mouse_clear	function	mouse_clear(button);	https://manual.gamemaker.io/monthly/en/GameMaker_Language/GML_Reference/Game_Input/Mouse_Input/mouse_clear.htm
Game_Input.Mouse_Input.mouse_lastbutton	mouse_lastbutton	variable	mouse_lastbutton	https://manual.gamemaker.io/monthly/en/GameMaker_Language/GML_Reference/Game_Input/Mouse_Input/mouse_lastbutton.htm
Game_Input.Mouse_Input.mouse_wheel_down	mouse_wheel_down	function	mouse_wheel_down();	https://manual.gamemaker.io/monthly/en/GameMaker_Language/GML_Reference/Game_Input/Mouse_Input/mouse_wheel_down.htm
Game_Input.Mouse_Input.mouse_wheel_up	mouse_wheel_up	function	mouse_wheel_up();	https://manual.gamemaker.io/monthly/en/GameMaker_Language/GML_Reference/Game_Input/Mouse_Input/mouse_wheel_up.htm
Game_Input.Mouse_Input.mouse_x	mouse_x	variable	mouse_x	https://manual.gamemaker.io/monthly/en/GameMaker_Language/GML_Reference/Game_Input/Mouse_Input/mouse_x.htm
Game_Input.Mouse_Input.mouse_y	mouse_y	variable	mouse_y	https://manual.gamemaker.io/monthly/en/GameMaker_Language/GML_Reference/Game_Input/Mouse_Input/mouse_y.htm
Game_Input.Virtual_Keys_And_Keyboards.IME	IME	unknown	undefined	https://manual.gamemaker.io/monthly/en/GameMaker_Language/GML_Reference/Game_Input/Virtual_Keys_And_Keyboards/keyboard_virtual_show.htm
Game_Input.Virtual_Keys_And_Keyboards.IMEs	IMEs	unknown	undefined	https://manual.gamemaker.io/monthly/en/GameMaker_Language/GML_Reference/Game_Input/Virtual_Keys_And_Keyboards/keyboard_virtual_show.htm
Game_Input.Virtual_Keys_And_Keyboards.kbv_autocapitalize_characters	kbv_autocapitalize_characters	unknown	undefined	https://manual.gamemaker.io/monthly/en/GameMaker_Language/GML_Reference/Game_Input/Virtual_Keys_And_Keyboards/keyboard_virtual_show.htm
Game_Input.Virtual_Keys_And_Keyboards.kbv_autocapitalize_none	kbv_autocapitalize_none	unknown	undefined	https://manual.gamemaker.io/monthly/en/GameMaker_Language/GML_Reference/Game_Input/Virtual_Keys_And_Keyboards/keyboard_virtual_show.htm
Game_Input.Virtual_Keys_And_Keyboards.kbv_autocapitalize_sentences	kbv_autocapitalize_sentences	unknown	undefined	https://manual.gamemaker.io/monthly/en/GameMaker_Language/GML_Reference/Game_Input/Virtual_Keys_And_Keyboards/keyboard_virtual_show.htm
Game_Input.Virtual_Keys_And_Keyboards.kbv_autocapitalize_words	kbv_autocapitalize_words	unknown	undefined	https://manual.gamemaker.io/monthly/en/GameMaker_Language/GML_Reference/Game_Input/Virtual_Keys_And_Keyboards/keyboard_virtual_show.htm
Game_Input.Virtual_Keys_And_Keyboards.kbv_returnkey_continue	kbv_returnkey_continue	unknown	undefined	https://manual.gamemaker.io/monthly/en/GameMaker_Language/GML_Reference/Game_Input/Virtual_Keys_And_Keyboards/keyboard_virtual_show.htm
Game_Input.Virtual_Keys_And_Keyboards.kbv_returnkey_default	kbv_returnkey_default	unknown	undefined	https://manual.gamemaker.io/monthly/en/GameMaker_Language/GML_Reference/Game_Input/Virtual_Keys_And_Keyboards/keyboard_virtual_show.htm
Game_Input.Virtual_Keys_And_Keyboards.kbv_returnkey_done	kbv_returnkey_done	unknown	undefined	https://manual.gamemaker.io/monthly/en/GameMaker_Language/GML_Reference/Game_Input/Virtual_Keys_And_Keyboards/keyboard_virtual_show.htm
Game_Input.Virtual_Keys_And_Keyboards.kbv_returnkey_emergency	kbv_returnkey_emergency	unknown	undefined	https://manual.gamemaker.io/monthly/en/GameMaker_Language/GML_Reference/Game_Input/Virtual_Keys_And_Keyboards/keyboard_virtual_show.htm
Game_Input.Virtual_Keys_And_Keyboards.kbv_returnkey_go	kbv_returnkey_go	unknown	undefined	https://manual.gamemaker.io/monthly/en/GameMaker_Language/GML_Reference/Game_Input/Virtual_Keys_And_Keyboards/keyboard_virtual_show.htm
Game_Input.Virtual_Keys_And_Keyboards.kbv_returnkey_google	kbv_returnkey_google	unknown	undefined	https://manual.gamemaker.io/monthly/en/GameMaker_Language/GML_Reference/Game_Input/Virtual_Keys_And_Keyboards/keyboard_virtual_show.htm
Game_Input.Virtual_Keys_And_Keyboards.kbv_returnkey_join	kbv_returnkey_join	unknown	undefined	https://manual.gamemaker.io/monthly/en/GameMaker_Language/GML_Reference/Game_Input/Virtual_Keys_And_Keyboards/keyboard_virtual_show.htm
Game_Input.Virtual_Keys_And_Keyboards.kbv_returnkey_next	kbv_returnkey_next	unknown	undefined	https://manual.gamemaker.io/monthly/en/GameMaker_Language/GML_Reference/Game_Input/Virtual_Keys_And_Keyboards/keyboard_virtual_show.htm
Game_Input.Virtual_Keys_And_Keyboards.kbv_returnkey_route	kbv_returnkey_route	unknown	undefined	https://manual.gamemaker.io/monthly/en/GameMaker_Language/GML_Reference/Game_Input/Virtual_Keys_And_Keyboards/keyboard_virtual_show.htm
Game_Input.Virtual_Keys_And_Keyboards.kbv_returnkey_search	kbv_returnkey_search	unknown	undefined	https://manual.gamemaker.io/monthly/en/GameMaker_Language/GML_Reference/Game_Input/Virtual_Keys_And_Keyboards/keyboard_virtual_show.htm
Game_Input.Virtual_Keys_And_Keyboards.kbv_returnkey_send	kbv_returnkey_send	unknown	undefined	https://manual.gamemaker.io/monthly/en/GameMaker_Language/GML_Reference/Game_Input/Virtual_Keys_And_Keyboards/keyboard_virtual_show.htm
Game_Input.Virtual_Keys_And_Keyboards.kbv_returnkey_yahoo	kbv_returnkey_yahoo	unknown	undefined	https://manual.gamemaker.io/monthly/en/GameMaker_Language/GML_Reference/Game_Input/Virtual_Keys_And_Keyboards/keyboard_virtual_show.htm
Game_Input.Virtual_Keys_And_Keyboards.kbv_type_ascii	kbv_type_ascii	unknown	undefined	https://manual.gamemaker.io/monthly/en/GameMaker_Language/GML_Reference/Game_Input/Virtual_Keys_And_Keyboards/keyboard_virtual_show.htm
Game_Input.Virtual_Keys_And_Keyboards.kbv_type_default	kbv_type_default	unknown	undefined	https://manual.gamemaker.io/monthly/en/GameMaker_Language/GML_Reference/Game_Input/Virtual_Keys_And_Keyboards/keyboard_virtual_show.htm
Game_Input.Virtual_Keys_And_Keyboards.kbv_type_email	kbv_type_email	unknown	undefined	https://manual.gamemaker.io/monthly/en/GameMaker_Language/GML_Reference/Game_Input/Virtual_Keys_And_Keyboards/keyboard_virtual_show.htm
Game_Input.Virtual_Keys_And_Keyboards.kbv_type_numbers	kbv_type_numbers	unknown	undefined	https://manual.gamemaker.io/monthly/en/GameMaker_Language/GML_Reference/Game_Input/Virtual_Keys_And_Keyboards/keyboard_virtual_show.htm
Game_Input.Virtual_Keys_And_Keyboards.kbv_type_phone	kbv_type_phone	unknown	undefined	https://manual.gamemaker.io/monthly/en/GameMaker_Language/GML_Reference/Game_Input/Virtual_Keys_And_Keyboards/keyboard_virtual_show.htm
Game_Input.Virtual_Keys_And_Keyboards.kbv_type_phone_name	kbv_type_phone_name	unknown	undefined	https://manual.gamemaker.io/monthly/en/GameMaker_Language/GML_Reference/Game_Input/Virtual_Keys_And_Keyboards/keyboard_virtual_show.htm
Game_Input.Virtual_Keys_And_Keyboards.kbv_type_url	kbv_type_url	unknown	undefined	https://manual.gamemaker.io/monthly/en/GameMaker_Language/GML_Reference/Game_Input/Virtual_Keys_And_Keyboards/keyboard_virtual_show.htm
Game_Input.Virtual_Keys_And_Keyboards.keyboard_virtual_height	keyboard_virtual_height	function	keyboard_virtual_height()	https://manual.gamemaker.io/monthly/en/GameMaker_Language/GML_Reference/Game_Input/Virtual_Keys_And_Keyboards/keyboard_virtual_height.htm
Game_Input.Virtual_Keys_And_Keyboards.keyboard_virtual_hide	keyboard_virtual_hide	function	keyboard_virtual_hide();	https://manual.gamemaker.io/monthly/en/GameMaker_Language/GML_Reference/Game_Input/Virtual_Keys_And_Keyboards/keyboard_virtual_hide.htm
Game_Input.Virtual_Keys_And_Keyboards.keyboard_virtual_show	keyboard_virtual_show	function	keyboard_virtual_show(keyboard_type, return_key_type, autocapitalization_type, predictive_text_enabled);	https://manual.gamemaker.io/monthly/en/GameMaker_Language/GML_Reference/Game_Input/Virtual_Keys_And_Keyboards/keyboard_virtual_show.htm
Game_Input.Virtual_Keys_And_Keyboards.keyboard_virtual_status	keyboard_virtual_status	function	keyboard_virtual_status()	https://manual.gamemaker.io/monthly/en/GameMaker_Language/GML_Reference/Game_Input/Virtual_Keys_And_Keyboards/keyboard_virtual_status.htm
Game_Input.Virtual_Keys_And_Keyboards.virtual_key_add	virtual_key_add	function	virtual_key_add(x, y, w, h, keycode);	https://manual.gamemaker.io/monthly/en/GameMaker_Language/GML_Reference/Game_Input/Virtual_Keys_And_Keyboards/virtual_key_add.htm
Game_Input.Virtual_Keys_And_Keyboards.virtual_key_delete	virtual_key_delete	function	virtual_key_delete(index);	https://manual.gamemaker.io/monthly/en/GameMaker_Language/GML_Reference/Game_Input/Virtual_Keys_And_Keyboards/virtual_key_delete.htm
Game_Input.Virtual_Keys_And_Keyboards.virtual_key_hide	virtual_key_hide	function	virtual_key_hide(index);	https://manual.gamemaker.io/monthly/en/GameMaker_Language/GML_Reference/Game_Input/Virtual_Keys_And_Keyboards/virtual_key_hide.htm
Game_Input.Virtual_Keys_And_Keyboards.virtual_key_show	virtual_key_show	function	virtual_key_show(index);	https://manual.gamemaker.io/monthly/en/GameMaker_Language/GML_Reference/Game_Input/Virtual_Keys_And_Keyboards/virtual_key_show.htm
Garbage_Collection.gc_collect	gc_collect	function	gc_collect();	https://manual.gamemaker.io/monthly/en/GameMaker_Language/GML_Reference/Garbage_Collection/gc_collect.htm
Garbage_Collection.gc_enable	gc_enable	function	gc_enable(enable);	https://manual.gamemaker.io/monthly/en/GameMaker_Language/GML_Reference/Garbage_Collection/gc_enable.htm
Garbage_Collection.gc_get_stats	gc_get_stats	function	gc_get_stats();	https://manual.gamemaker.io/monthly/en/GameMaker_Language/GML_Reference/Garbage_Collection/gc_get_stats.htm
Garbage_Collection.gc_get_target_frame_time	gc_get_target_frame_time	function	gc_get_target_frame_time(time);	https://manual.gamemaker.io/monthly/en/GameMaker_Language/GML_Reference/Garbage_Collection/gc_get_target_frame_time.htm
Garbage_Collection.gc_is_enabled	gc_is_enabled	function	gc_is_enabled();	https://manual.gamemaker.io/monthly/en/GameMaker_Language/GML_Reference/Garbage_Collection/gc_is_enabled.htm
Garbage_Collection.gc_target_frame_time	gc_target_frame_time	function	gc_target_frame_time(time);	https://manual.gamemaker.io/monthly/en/GameMaker_Language/GML_Reference/Garbage_Collection/gc_target_frame_time.htm
Garbage_Collection.weak_ref_alive	weak_ref_alive	function	weak_ref_alive(weak_ref)	https://manual.gamemaker.io/monthly/en/GameMaker_Language/GML_Reference/Garbage_Collection/weak_ref_alive.htm
Garbage_Collection.weak_ref_any_alive	weak_ref_any_alive	function	weak_ref_any_alive(array, [index], [length])	https://manual.gamemaker.io/monthly/en/GameMaker_Language/GML_Reference/Garbage_Collection/weak_ref_any_alive.htm
Garbage_Collection.weak_ref_create	weak_ref_create	function	weak_ref_create(struct_to_track)	https://manual.gamemaker.io/monthly/en/GameMaker_Language/GML_Reference/Garbage_Collection/weak_ref_create.htm
General_Game_Control.cursor_sprite	cursor_sprite	variable	cursor_sprite	https://manual.gamemaker.io/monthly/en/GameMaker_Language/GML_Reference/General_Game_Control/cursor_sprite.htm
General_Game_Control.game_change	game_change	function	game_change(working_directory, launch_parameters);	https://manual.gamemaker.io/monthly/en/GameMaker_Language/GML_Reference/General_Game_Control/game_change.htm
General_Game_Control.game_display_name	game_display_name	variable	game_display_name	https://manual.gamemaker.io/monthly/en/GameMaker_Language/GML_Reference/General_Game_Control/game_display_name.htm
General_Game_Control.game_end	game_end	function	game_end([return_code]);	https://manual.gamemaker.io/monthly/en/GameMaker_Language/GML_Reference/General_Game_Control/game_end.htm
General_Game_Control.game_get_speed	game_get_speed	function	game_get_speed(type);	https://manual.gamemaker.io/monthly/en/GameMaker_Language/GML_Reference/General_Game_Control/game_get_speed.htm
General_Game_Control.game_get_speed	game_get_speed	function	game_get_speed(type);	https://manual.gamemaker.io/monthly/en/GameMaker_Language/GML_Reference/General_Game_Control/game_get_speed.htm
General_Game_Control.game_get_speed	game_get_speed	function	game_get_speed(type);	https://manual.gamemaker.io/monthly/en/GameMaker_Language/GML_Reference/General_Game_Control/game_get_speed.htm
General_Game_Control.game_id	game_id	variable	game_id	https://manual.gamemaker.io/monthly/en/GameMaker_Language/GML_Reference/General_Game_Control/game_id.htm
General_Game_Control.game_load	game_load	function	game_load(filename);	https://manual.gamemaker.io/monthly/en/GameMaker_Language/GML_Reference/General_Game_Control/game_load.htm
General_Game_Control.game_load_buffer	game_load_buffer	function	game_load_buffer(buffer);	https://manual.gamemaker.io/monthly/en/GameMaker_Language/GML_Reference/General_Game_Control/game_load_buffer.htm
General_Game_Control.game_project_name	game_project_name	variable	game_project_name	https://manual.gamemaker.io/monthly/en/GameMaker_Language/GML_Reference/General_Game_Control/game_project_name.htm
General_Game_Control.game_restart	game_restart	function	game_restart();	https://manual.gamemaker.io/monthly/en/GameMaker_Language/GML_Reference/General_Game_Control/game_restart.htm
General_Game_Control.game_save	game_save	function	game_save(filename);	https://manual.gamemaker.io/monthly/en/GameMaker_Language/GML_Reference/General_Game_Control/game_save.htm
General_Game_Control.game_save_buffer	game_save_buffer	function	game_save_buffer(buffer);	https://manual.gamemaker.io/monthly/en/GameMaker_Language/GML_Reference/General_Game_Control/game_save_buffer.htm
General_Game_Control.game_save_id	game_save_id	variable	game_save_id	https://manual.gamemaker.io/monthly/en/GameMaker_Language/GML_Reference/General_Game_Control/game_save_id.htm
General_Game_Control.game_set_speed	game_set_speed	function	game_set_speed(30, gamespeed_fps);	https://manual.gamemaker.io/monthly/en/GameMaker_Language/GML_Reference/General_Game_Control/game_set_speed.htm
General_Game_Control.game_set_speed	game_set_speed	function	game_set_speed(30, gamespeed_fps);	https://manual.gamemaker.io/monthly/en/GameMaker_Language/GML_Reference/General_Game_Control/game_set_speed.htm
General_Game_Control.game_set_speed	game_set_speed	function	game_set_speed(30, gamespeed_fps);	https://manual.gamemaker.io/monthly/en/GameMaker_Language/GML_Reference/General_Game_Control/game_set_speed.htm
General_Game_Control.highscore_add	highscore_add	function	highscore_add(str, numb);	https://manual.gamemaker.io/monthly/en/GameMaker_Language/GML_Reference/General_Game_Control/highscore_add.htm
General_Game_Control.highscore_clear	highscore_clear	function	highscore_clear();	https://manual.gamemaker.io/monthly/en/GameMaker_Language/GML_Reference/General_Game_Control/highscore_clear.htm
General_Game_Control.highscore_name	highscore_name	function	highscore_name(place);	https://manual.gamemaker.io/monthly/en/GameMaker_Language/GML_Reference/General_Game_Control/highscore_name.htm
General_Game_Control.highscore_value	highscore_value	function	highscore_value(place);	https://manual.gamemaker.io/monthly/en/GameMaker_Language/GML_Reference/General_Game_Control/highscore_value.htm
Live_Wallpapers.wallpaper_set_config	wallpaper_set_config	function	wallpaper_set_config(settings_array);	https://manual.gamemaker.io/monthly/en/GameMaker_Language/GML_Reference/Live_Wallpapers/wallpaper_set_config.htm
Live_Wallpapers.wallpaper_set_subscriptions	wallpaper_set_subscriptions	function	wallpaper_set_subscriptions(subscriptions);	https://manual.gamemaker.io/monthly/en/GameMaker_Language/GML_Reference/Live_Wallpapers/wallpaper_set_subscriptions.htm
Maths_And_Numbers.Angles_And_Distance.angle_difference	angle_difference	function	angle_difference(dest, src)	https://manual.gamemaker.io/monthly/en/GameMaker_Language/GML_Reference/Maths_And_Numbers/Angles_And_Distance/angle_difference.htm
Maths_And_Numbers.Angles_And_Distance.arccos	arccos	function	arccos(x)	https://manual.gamemaker.io/monthly/en/GameMaker_Language/GML_Reference/Maths_And_Numbers/Angles_And_Distance/arccos.htm
Maths_And_Numbers.Angles_And_Distance.arcsin	arcsin	function	arcsin(x);	https://manual.gamemaker.io/monthly/en/GameMaker_Language/GML_Reference/Maths_And_Numbers/Angles_And_Distance/arcsin.htm
Maths_And_Numbers.Angles_And_Distance.arctan	arctan	function	arctan(x);	https://manual.gamemaker.io/monthly/en/GameMaker_Language/GML_Reference/Maths_And_Numbers/Angles_And_Distance/arctan.htm
Maths_And_Numbers.Angles_And_Distance.arctan2	arctan2	function	arctan2(y, x);	https://manual.gamemaker.io/monthly/en/GameMaker_Language/GML_Reference/Maths_And_Numbers/Angles_And_Distance/arctan2.htm
Maths_And_Numbers.Angles_And_Distance.cos	cos	function	cos(val);	https://manual.gamemaker.io/monthly/en/GameMaker_Language/GML_Reference/Maths_And_Numbers/Angles_And_Distance/cos.htm
Maths_And_Numbers.Angles_And_Distance.darccos	darccos	function	darccos(val)	https://manual.gamemaker.io/monthly/en/GameMaker_Language/GML_Reference/Maths_And_Numbers/Angles_And_Distance/darccos.htm
Maths_And_Numbers.Angles_And_Distance.darcsin	darcsin	function	darcsin(x);	https://manual.gamemaker.io/monthly/en/GameMaker_Language/GML_Reference/Maths_And_Numbers/Angles_And_Distance/darcsin.htm
Maths_And_Numbers.Angles_And_Distance.darctan	darctan	function	darctan(x);	https://manual.gamemaker.io/monthly/en/GameMaker_Language/GML_Reference/Maths_And_Numbers/Angles_And_Distance/darctan.htm
Maths_And_Numbers.Angles_And_Distance.darctan2	darctan2	function	darctan2(y, x);	https://manual.gamemaker.io/monthly/en/GameMaker_Language/GML_Reference/Maths_And_Numbers/Angles_And_Distance/darctan2.htm
Maths_And_Numbers.Angles_And_Distance.dcos	dcos	function	dcos(val);	https://manual.gamemaker.io/monthly/en/GameMaker_Language/GML_Reference/Maths_And_Numbers/Angles_And_Distance/dcos.htm
Maths_And_Numbers.Angles_And_Distance.degtorad	degtorad	function	degtorad(deg);	https://manual.gamemaker.io/monthly/en/GameMaker_Language/GML_Reference/Maths_And_Numbers/Angles_And_Distance/degtorad.htm
Maths_And_Numbers.Angles_And_Distance.distance_to_object	distance_to_object	function	distance_to_object(obj);	https://manual.gamemaker.io/monthly/en/GameMaker_Language/GML_Reference/Maths_And_Numbers/Angles_And_Distance/distance_to_object.htm
Maths_And_Numbers.Angles_And_Distance.distance_to_point	distance_to_point	function	distance_to_point(x, y);	https://manual.gamemaker.io/monthly/en/GameMaker_Language/GML_Reference/Maths_And_Numbers/Angles_And_Distance/distance_to_point.htm
Maths_And_Numbers.Angles_And_Distance.dot_product	dot_product	function	dot_product(x1, y1, x2, y2)	https://manual.gamemaker.io/monthly/en/GameMaker_Language/GML_Reference/Maths_And_Numbers/Angles_And_Distance/dot_product.htm
Maths_And_Numbers.Angles_And_Distance.dot_product_3d	dot_product_3d	function	dot_product_3d(x1, y1, z1, x2, y2, z2)	https://manual.gamemaker.io/monthly/en/GameMaker_Language/GML_Reference/Maths_And_Numbers/Angles_And_Distance/dot_product_3d.htm
Maths_And_Numbers.Angles_And_Distance.dot_product_3d_normalised	dot_product_3d_normalised	function	dot_product_3d_normalised(x1, y1, z1, x2, y2, z2)	https://manual.gamemaker.io/monthly/en/GameMaker_Language/GML_Reference/Maths_And_Numbers/Angles_And_Distance/dot_product_3d_normalised.htm
Maths_And_Numbers.Angles_And_Distance.dot_product_3d_normalized	dot_product_3d_normalized	unknown	undefined	https://manual.gamemaker.io/monthly/en/GameMaker_Language/GML_Reference/Maths_And_Numbers/Angles_And_Distance/dot_product_3d_normalised.htm
Maths_And_Numbers.Angles_And_Distance.dot_product_normalised	dot_product_normalised	function	dot_product_normalised(x1, y1, x2, y2)	https://manual.gamemaker.io/monthly/en/GameMaker_Language/GML_Reference/Maths_And_Numbers/Angles_And_Distance/dot_product_normalised.htm
Maths_And_Numbers.Angles_And_Distance.dot_product_normalized	dot_product_normalized	unknown	undefined	https://manual.gamemaker.io/monthly/en/GameMaker_Language/GML_Reference/Maths_And_Numbers/Angles_And_Distance/dot_product_normalised.htm
Maths_And_Numbers.Angles_And_Distance.dsin	dsin	function	dsin(val);	https://manual.gamemaker.io/monthly/en/GameMaker_Language/GML_Reference/Maths_And_Numbers/Angles_And_Distance/dsin.htm
Maths_And_Numbers.Angles_And_Distance.dtan	dtan	function	dtan(val);	https://manual.gamemaker.io/monthly/en/GameMaker_Language/GML_Reference/Maths_And_Numbers/Angles_And_Distance/dtan.htm
Maths_And_Numbers.Angles_And_Distance.lengthdir_x	lengthdir_x	function	lengthdir_x(len, dir);	https://manual.gamemaker.io/monthly/en/GameMaker_Language/GML_Reference/Maths_And_Numbers/Angles_And_Distance/lengthdir_x.htm
Maths_And_Numbers.Angles_And_Distance.lengthdir_y	lengthdir_y	function	lengthdir_y(len, dir);	https://manual.gamemaker.io/monthly/en/GameMaker_Language/GML_Reference/Maths_And_Numbers/Angles_And_Distance/lengthdir_y.htm
Maths_And_Numbers.Angles_And_Distance.point_direction	point_direction	function	point_direction(x1, y1, x2, y2)	https://manual.gamemaker.io/monthly/en/GameMaker_Language/GML_Reference/Maths_And_Numbers/Angles_And_Distance/point_direction.htm
Maths_And_Numbers.Angles_And_Distance.point_distance	point_distance	function	point_distance(x1, y1, x2, y2);	https://manual.gamemaker.io/monthly/en/GameMaker_Language/GML_Reference/Maths_And_Numbers/Angles_And_Distance/point_distance.htm
Maths_And_Numbers.Angles_And_Distance.point_distance_3d	point_distance_3d	function	point_distance_3d(x1, y1, z1, x2, y2, z2);	https://manual.gamemaker.io/monthly/en/GameMaker_Language/GML_Reference/Maths_And_Numbers/Angles_And_Distance/point_distance_3d.htm
Maths_And_Numbers.Angles_And_Distance.radtodeg	radtodeg	function	radtodeg(rad);	https://manual.gamemaker.io/monthly/en/GameMaker_Language/GML_Reference/Maths_And_Numbers/Angles_And_Distance/radtodeg.htm
Maths_And_Numbers.Angles_And_Distance.sin	sin	function	sin(val);	https://manual.gamemaker.io/monthly/en/GameMaker_Language/GML_Reference/Maths_And_Numbers/Angles_And_Distance/sin.htm
Maths_And_Numbers.Angles_And_Distance.tan	tan	function	tan(val);	https://manual.gamemaker.io/monthly/en/GameMaker_Language/GML_Reference/Maths_And_Numbers/Angles_And_Distance/tan.htm
Maths_And_Numbers.Date_And_Time.current_day	current_day	variable	current_day;	https://manual.gamemaker.io/monthly/en/GameMaker_Language/GML_Reference/Maths_And_Numbers/Date_And_Time/current_day.htm
Maths_And_Numbers.Date_And_Time.current_hour	current_hour	variable	current_hour;	https://manual.gamemaker.io/monthly/en/GameMaker_Language/GML_Reference/Maths_And_Numbers/Date_And_Time/current_hour.htm
Maths_And_Numbers.Date_And_Time.current_minute	current_minute	variable	current_minute;	https://manual.gamemaker.io/monthly/en/GameMaker_Language/GML_Reference/Maths_And_Numbers/Date_And_Time/current_minute.htm
Maths_And_Numbers.Date_And_Time.current_month	current_month	variable	current_month;	https://manual.gamemaker.io/monthly/en/GameMaker_Language/GML_Reference/Maths_And_Numbers/Date_And_Time/current_month.htm
Maths_And_Numbers.Date_And_Time.current_second	current_second	variable	current_second;	https://manual.gamemaker.io/monthly/en/GameMaker_Language/GML_Reference/Maths_And_Numbers/Date_And_Time/current_second.htm
Maths_And_Numbers.Date_And_Time.current_time	current_time	variable	current_time;	https://manual.gamemaker.io/monthly/en/GameMaker_Language/GML_Reference/Maths_And_Numbers/Date_And_Time/current_time.htm
Maths_And_Numbers.Date_And_Time.current_weekday	current_weekday	variable	current_weekday;	https://manual.gamemaker.io/monthly/en/GameMaker_Language/GML_Reference/Maths_And_Numbers/Date_And_Time/current_weekday.htm
Maths_And_Numbers.Date_And_Time.current_year	current_year	variable	current_year	https://manual.gamemaker.io/monthly/en/GameMaker_Language/GML_Reference/Maths_And_Numbers/Date_And_Time/current_year.htm
Maths_And_Numbers.Date_And_Time.date_compare_date	date_compare_date	function	date_compare_date( date1, date2 );	https://manual.gamemaker.io/monthly/en/GameMaker_Language/GML_Reference/Maths_And_Numbers/Date_And_Time/date_compare_date.htm
Maths_And_Numbers.Date_And_Time.date_compare_datetime	date_compare_datetime	function	date_compare_datetime(date1, date2);	https://manual.gamemaker.io/monthly/en/GameMaker_Language/GML_Reference/Maths_And_Numbers/Date_And_Time/date_compare_datetime.htm
Maths_And_Numbers.Date_And_Time.date_compare_time	date_compare_time	function	date_compare_time(datetime1, datetime2);	https://manual.gamemaker.io/monthly/en/GameMaker_Language/GML_Reference/Maths_And_Numbers/Date_And_Time/date_compare_time.htm
Maths_And_Numbers.Date_And_Time.date_create_datetime	date_create_datetime	function	date_create_datetime(year, month, day, hour, minute, second);	https://manual.gamemaker.io/monthly/en/GameMaker_Language/GML_Reference/Maths_And_Numbers/Date_And_Time/date_create_datetime.htm
Maths_And_Numbers.Date_And_Time.date_current_datetime	date_current_datetime	function	date_current_datetime();	https://manual.gamemaker.io/monthly/en/GameMaker_Language/GML_Reference/Maths_And_Numbers/Date_And_Time/date_current_datetime.htm
Maths_And_Numbers.Date_And_Time.date_date_of	date_date_of	function	date_date_of(date);	https://manual.gamemaker.io/monthly/en/GameMaker_Language/GML_Reference/Maths_And_Numbers/Date_And_Time/date_date_of.htm
Maths_And_Numbers.Date_And_Time.date_date_string	date_date_string	function	date_date_string(date);	https://manual.gamemaker.io/monthly/en/GameMaker_Language/GML_Reference/Maths_And_Numbers/Date_And_Time/date_date_string.htm
Maths_And_Numbers.Date_And_Time.date_datetime_string	date_datetime_string	function	date_datetime_string(date);	https://manual.gamemaker.io/monthly/en/GameMaker_Language/GML_Reference/Maths_And_Numbers/Date_And_Time/date_datetime_string.htm
Maths_And_Numbers.Date_And_Time.date_day_span	date_day_span	function	date_day_span(date1, date2);	https://manual.gamemaker.io/monthly/en/GameMaker_Language/GML_Reference/Maths_And_Numbers/Date_And_Time/date_day_span.htm
Maths_And_Numbers.Date_And_Time.date_days_in_month	date_days_in_month	function	date_days_in_month(date);	https://manual.gamemaker.io/monthly/en/GameMaker_Language/GML_Reference/Maths_And_Numbers/Date_And_Time/date_days_in_month.htm
Maths_And_Numbers.Date_And_Time.date_days_in_year	date_days_in_year	function	date_days_in_year(date);	https://manual.gamemaker.io/monthly/en/GameMaker_Language/GML_Reference/Maths_And_Numbers/Date_And_Time/date_days_in_year.htm
Maths_And_Numbers.Date_And_Time.date_get_day	date_get_day	function	date_get_day(date);	https://manual.gamemaker.io/monthly/en/GameMaker_Language/GML_Reference/Maths_And_Numbers/Date_And_Time/date_get_day.htm
Maths_And_Numbers.Date_And_Time.date_get_day_of_year	date_get_day_of_year	function	date_get_day_of_year( date );	https://manual.gamemaker.io/monthly/en/GameMaker_Language/GML_Reference/Maths_And_Numbers/Date_And_Time/date_get_day_of_year.htm
Maths_And_Numbers.Date_And_Time.date_get_hour	date_get_hour	function	date_get_hour(date);	https://manual.gamemaker.io/monthly/en/GameMaker_Language/GML_Reference/Maths_And_Numbers/Date_And_Time/date_get_hour.htm
Maths_And_Numbers.Date_And_Time.date_get_hour_of_year	date_get_hour_of_year	function	date_get_hour_of_year(date);	https://manual.gamemaker.io/monthly/en/GameMaker_Language/GML_Reference/Maths_And_Numbers/Date_And_Time/date_get_hour_of_year.htm
Maths_And_Numbers.Date_And_Time.date_get_minute	date_get_minute	function	date_get_minute(date);	https://manual.gamemaker.io/monthly/en/GameMaker_Language/GML_Reference/Maths_And_Numbers/Date_And_Time/date_get_minute.htm
Maths_And_Numbers.Date_And_Time.date_get_minute_of_year	date_get_minute_of_year	function	date_get_minute_of_year(date);	https://manual.gamemaker.io/monthly/en/GameMaker_Language/GML_Reference/Maths_And_Numbers/Date_And_Time/date_get_minute_of_year.htm
Maths_And_Numbers.Date_And_Time.date_get_month	date_get_month	function	date_get_month(date);	https://manual.gamemaker.io/monthly/en/GameMaker_Language/GML_Reference/Maths_And_Numbers/Date_And_Time/date_get_month.htm
Maths_And_Numbers.Date_And_Time.date_get_second	date_get_second	function	date_get_second(date);	https://manual.gamemaker.io/monthly/en/GameMaker_Language/GML_Reference/Maths_And_Numbers/Date_And_Time/date_get_second.htm
Maths_And_Numbers.Date_And_Time.date_get_second_of_year	date_get_second_of_year	function	date_get_second_of_year( date );	https://manual.gamemaker.io/monthly/en/GameMaker_Language/GML_Reference/Maths_And_Numbers/Date_And_Time/date_get_second_of_year.htm
Maths_And_Numbers.Date_And_Time.date_get_timezone	date_get_timezone	function	date_get_timezone();	https://manual.gamemaker.io/monthly/en/GameMaker_Language/GML_Reference/Maths_And_Numbers/Date_And_Time/date_get_timezone.htm
Maths_And_Numbers.Date_And_Time.date_get_timezone	date_get_timezone	function	date_get_timezone();	https://manual.gamemaker.io/monthly/en/GameMaker_Language/GML_Reference/Maths_And_Numbers/Date_And_Time/date_get_timezone.htm
Maths_And_Numbers.Date_And_Time.date_get_timezone	date_get_timezone	function	date_get_timezone();	https://manual.gamemaker.io/monthly/en/GameMaker_Language/GML_Reference/Maths_And_Numbers/Date_And_Time/date_get_timezone.htm
Maths_And_Numbers.Date_And_Time.date_get_week	date_get_week	function	date_get_week(date);	https://manual.gamemaker.io/monthly/en/GameMaker_Language/GML_Reference/Maths_And_Numbers/Date_And_Time/date_get_week.htm
Maths_And_Numbers.Date_And_Time.date_get_weekday	date_get_weekday	function	date_get_weekday(date);	https://manual.gamemaker.io/monthly/en/GameMaker_Language/GML_Reference/Maths_And_Numbers/Date_And_Time/date_get_weekday.htm
Maths_And_Numbers.Date_And_Time.date_get_year	date_get_year	function	date_get_year(date);	https://manual.gamemaker.io/monthly/en/GameMaker_Language/GML_Reference/Maths_And_Numbers/Date_And_Time/date_get_year.htm
Maths_And_Numbers.Date_And_Time.date_hour_span	date_hour_span	function	date_hour_span(date1, date2);	https://manual.gamemaker.io/monthly/en/GameMaker_Language/GML_Reference/Maths_And_Numbers/Date_And_Time/date_hour_span.htm
Maths_And_Numbers.Date_And_Time.date_inc_day	date_inc_day	function	date_inc_day(date, amount);	https://manual.gamemaker.io/monthly/en/GameMaker_Language/GML_Reference/Maths_And_Numbers/Date_And_Time/date_inc_day.htm
Maths_And_Numbers.Date_And_Time.date_inc_hour	date_inc_hour	function	date_inc_hour(date, amount);	https://manual.gamemaker.io/monthly/en/GameMaker_Language/GML_Reference/Maths_And_Numbers/Date_And_Time/date_inc_hour.htm
Maths_And_Numbers.Date_And_Time.date_inc_minute	date_inc_minute	function	date_inc_minute( date, amount );	https://manual.gamemaker.io/monthly/en/GameMaker_Language/GML_Reference/Maths_And_Numbers/Date_And_Time/date_inc_minute.htm
Maths_And_Numbers.Date_And_Time.date_inc_month	date_inc_month	function	date_inc_month( date, amount );	https://manual.gamemaker.io/monthly/en/GameMaker_Language/GML_Reference/Maths_And_Numbers/Date_And_Time/date_inc_month.htm
Maths_And_Numbers.Date_And_Time.date_inc_second	date_inc_second	function	date_inc_second(date, amount);	https://manual.gamemaker.io/monthly/en/GameMaker_Language/GML_Reference/Maths_And_Numbers/Date_And_Time/date_inc_second.htm
Maths_And_Numbers.Date_And_Time.date_inc_week	date_inc_week	function	date_inc_week(date, amount);	https://manual.gamemaker.io/monthly/en/GameMaker_Language/GML_Reference/Maths_And_Numbers/Date_And_Time/date_inc_week.htm
Maths_And_Numbers.Date_And_Time.date_inc_year	date_inc_year	function	date_inc_year(date, amount);	https://manual.gamemaker.io/monthly/en/GameMaker_Language/GML_Reference/Maths_And_Numbers/Date_And_Time/date_inc_year.htm
Maths_And_Numbers.Date_And_Time.date_is_today	date_is_today	function	date_is_today(date);	https://manual.gamemaker.io/monthly/en/GameMaker_Language/GML_Reference/Maths_And_Numbers/Date_And_Time/date_is_today.htm
Maths_And_Numbers.Date_And_Time.date_leap_year	date_leap_year	function	date_leap_year(date);	https://manual.gamemaker.io/monthly/en/GameMaker_Language/GML_Reference/Maths_And_Numbers/Date_And_Time/date_leap_year.htm
Maths_And_Numbers.Date_And_Time.date_minute_span	date_minute_span	function	date_minute_span(date1, date2);	https://manual.gamemaker.io/monthly/en/GameMaker_Language/GML_Reference/Maths_And_Numbers/Date_And_Time/date_minute_span.htm
Maths_And_Numbers.Date_And_Time.date_month_span	date_month_span	function	date_month_span(date1, date2);	https://manual.gamemaker.io/monthly/en/GameMaker_Language/GML_Reference/Maths_And_Numbers/Date_And_Time/date_month_span.htm
Maths_And_Numbers.Date_And_Time.date_second_span	date_second_span	function	date_second_span(date1, date2);	https://manual.gamemaker.io/monthly/en/GameMaker_Language/GML_Reference/Maths_And_Numbers/Date_And_Time/date_second_span.htm
Maths_And_Numbers.Date_And_Time.date_set_timezone	date_set_timezone	function	date_set_timezone(timezone);	https://manual.gamemaker.io/monthly/en/GameMaker_Language/GML_Reference/Maths_And_Numbers/Date_And_Time/date_set_timezone.htm
Maths_And_Numbers.Date_And_Time.date_set_timezone	date_set_timezone	function	date_set_timezone(timezone);	https://manual.gamemaker.io/monthly/en/GameMaker_Language/GML_Reference/Maths_And_Numbers/Date_And_Time/date_set_timezone.htm
Maths_And_Numbers.Date_And_Time.date_set_timezone	date_set_timezone	function	date_set_timezone(timezone);	https://manual.gamemaker.io/monthly/en/GameMaker_Language/GML_Reference/Maths_And_Numbers/Date_And_Time/date_set_timezone.htm
Maths_And_Numbers.Date_And_Time.date_time_of	date_time_of	function	date_time_of(date);	https://manual.gamemaker.io/monthly/en/GameMaker_Language/GML_Reference/Maths_And_Numbers/Date_And_Time/date_time_of.htm
Maths_And_Numbers.Date_And_Time.date_time_string	date_time_string	function	date_time_string( date );	https://manual.gamemaker.io/monthly/en/GameMaker_Language/GML_Reference/Maths_And_Numbers/Date_And_Time/date_time_string.htm
Maths_And_Numbers.Date_And_Time.date_valid_datetime	date_valid_datetime	function	date_valid_datetime(1970, 01, 01, 0, 0, 0);	https://manual.gamemaker.io/monthly/en/GameMaker_Language/GML_Reference/Maths_And_Numbers/Date_And_Time/date_valid_datetime.htm
Maths_And_Numbers.Date_And_Time.date_week_span	date_week_span	function	date_week_span(date1, date2);	https://manual.gamemaker.io/monthly/en/GameMaker_Language/GML_Reference/Maths_And_Numbers/Date_And_Time/date_week_span.htm
Maths_And_Numbers.Date_And_Time.date_year_span	date_year_span	function	date_year_span(date1, date2);	https://manual.gamemaker.io/monthly/en/GameMaker_Language/GML_Reference/Maths_And_Numbers/Date_And_Time/date_year_span.htm
Maths_And_Numbers.Date_And_Time.delta_time	delta_time	variable	delta_time	https://manual.gamemaker.io/monthly/en/GameMaker_Language/GML_Reference/Maths_And_Numbers/Date_And_Time/delta_time.htm
Maths_And_Numbers.Date_And_Time.get_timer	get_timer	function	get_timer();	https://manual.gamemaker.io/monthly/en/GameMaker_Language/GML_Reference/Maths_And_Numbers/Date_And_Time/get_timer.htm
Maths_And_Numbers.Matrix_Functions.matrix_build	matrix_build	function	matrix_build(x, y, z, xrotation, yrotation, zrotation, xscale, yscale, zscale);	https://manual.gamemaker.io/monthly/en/GameMaker_Language/GML_Reference/Maths_And_Numbers/Matrix_Functions/matrix_build.htm
Maths_And_Numbers.Matrix_Functions.matrix_build_identity	matrix_build_identity	function	matrix_build_identity();	https://manual.gamemaker.io/monthly/en/GameMaker_Language/GML_Reference/Maths_And_Numbers/Matrix_Functions/matrix_build_identity.htm
Maths_And_Numbers.Matrix_Functions.matrix_build_lookat	matrix_build_lookat	function	matrix_build_lookat(xfrom, yfrom, zfrom, xto, yto, zto, xup, yup, zup);	https://manual.gamemaker.io/monthly/en/GameMaker_Language/GML_Reference/Maths_And_Numbers/Matrix_Functions/matrix_build_lookat.htm
Maths_And_Numbers.Matrix_Functions.matrix_build_projection_ortho	matrix_build_projection_ortho	function	matrix_build_projection_ortho(width, height, znear, zfar);	https://manual.gamemaker.io/monthly/en/GameMaker_Language/GML_Reference/Maths_And_Numbers/Matrix_Functions/matrix_build_projection_ortho.htm
Maths_And_Numbers.Matrix_Functions.matrix_build_projection_perspective	matrix_build_projection_perspective	function	matrix_build_projection_perspective(width, height, znear, zfar);	https://manual.gamemaker.io/monthly/en/GameMaker_Language/GML_Reference/Maths_And_Numbers/Matrix_Functions/matrix_build_projection_perspective.htm
Maths_And_Numbers.Matrix_Functions.matrix_build_projection_perspective_fov	matrix_build_projection_perspective_fov	function	matrix_build_projection_perspective_fov(fov_y, aspect, znear, zfar);	https://manual.gamemaker.io/monthly/en/GameMaker_Language/GML_Reference/Maths_And_Numbers/Matrix_Functions/matrix_build_projection_perspective_fov.htm
Maths_And_Numbers.Matrix_Functions.matrix_get	matrix_get	function	matrix_get(type);	https://manual.gamemaker.io/monthly/en/GameMaker_Language/GML_Reference/Maths_And_Numbers/Matrix_Functions/matrix_get.htm
Maths_And_Numbers.Matrix_Functions.matrix_get	matrix_get	function	matrix_get(type);	https://manual.gamemaker.io/monthly/en/GameMaker_Language/GML_Reference/Maths_And_Numbers/Matrix_Functions/matrix_get.htm
Maths_And_Numbers.Matrix_Functions.matrix_get	matrix_get	function	matrix_get(type);	https://manual.gamemaker.io/monthly/en/GameMaker_Language/GML_Reference/Maths_And_Numbers/Matrix_Functions/matrix_get.htm
Maths_And_Numbers.Matrix_Functions.matrix_get	matrix_get	function	matrix_get(type);	https://manual.gamemaker.io/monthly/en/GameMaker_Language/GML_Reference/Maths_And_Numbers/Matrix_Functions/matrix_get.htm
Maths_And_Numbers.Matrix_Functions.matrix_multiply	matrix_multiply	function	matrix_multiply(matrix1, matrix2);	https://manual.gamemaker.io/monthly/en/GameMaker_Language/GML_Reference/Maths_And_Numbers/Matrix_Functions/matrix_multiply.htm
Maths_And_Numbers.Matrix_Functions.matrix_set	matrix_set	function	matrix_set(type, matrix);	https://manual.gamemaker.io/monthly/en/GameMaker_Language/GML_Reference/Maths_And_Numbers/Matrix_Functions/matrix_set.htm
Maths_And_Numbers.Matrix_Functions.matrix_set	matrix_set	function	matrix_set(type, matrix);	https://manual.gamemaker.io/monthly/en/GameMaker_Language/GML_Reference/Maths_And_Numbers/Matrix_Functions/matrix_set.htm
Maths_And_Numbers.Matrix_Functions.matrix_set	matrix_set	function	matrix_set(type, matrix);	https://manual.gamemaker.io/monthly/en/GameMaker_Language/GML_Reference/Maths_And_Numbers/Matrix_Functions/matrix_set.htm
Maths_And_Numbers.Matrix_Functions.matrix_set	matrix_set	function	matrix_set(type, matrix);	https://manual.gamemaker.io/monthly/en/GameMaker_Language/GML_Reference/Maths_And_Numbers/Matrix_Functions/matrix_set.htm
Maths_And_Numbers.Matrix_Functions.matrix_stack_clear	matrix_stack_clear	function	matrix_stack_clear();	https://manual.gamemaker.io/monthly/en/GameMaker_Language/GML_Reference/Maths_And_Numbers/Matrix_Functions/matrix_stack_clear.htm
Maths_And_Numbers.Matrix_Functions.matrix_stack_is_empty	matrix_stack_is_empty	function	matrix_stack_is_empty();	https://manual.gamemaker.io/monthly/en/GameMaker_Language/GML_Reference/Maths_And_Numbers/Matrix_Functions/matrix_stack_is_empty.htm
Maths_And_Numbers.Matrix_Functions.matrix_stack_pop	matrix_stack_pop	function	matrix_stack_pop();	https://manual.gamemaker.io/monthly/en/GameMaker_Language/GML_Reference/Maths_And_Numbers/Matrix_Functions/matrix_stack_pop.htm
Maths_And_Numbers.Matrix_Functions.matrix_stack_push	matrix_stack_push	function	matrix_stack_push(matrix);	https://manual.gamemaker.io/monthly/en/GameMaker_Language/GML_Reference/Maths_And_Numbers/Matrix_Functions/matrix_stack_push.htm
Maths_And_Numbers.Matrix_Functions.matrix_stack_set	matrix_stack_set	function	matrix_stack_set(matrix);	https://manual.gamemaker.io/monthly/en/GameMaker_Language/GML_Reference/Maths_And_Numbers/Matrix_Functions/matrix_stack_set.htm
Maths_And_Numbers.Matrix_Functions.matrix_stack_top	matrix_stack_top	function	matrix_stack_top();	https://manual.gamemaker.io/monthly/en/GameMaker_Language/GML_Reference/Maths_And_Numbers/Matrix_Functions/matrix_stack_top.htm
Maths_And_Numbers.Matrix_Functions.matrix_transform_vertex	matrix_transform_vertex	function	matrix_transform_vertex(matrix, x, y, z, [w]);	https://manual.gamemaker.io/monthly/en/GameMaker_Language/GML_Reference/Maths_And_Numbers/Matrix_Functions/matrix_transform_vertex.htm
Maths_And_Numbers.Number_Functions.abs	abs	function	abs(val)	https://manual.gamemaker.io/monthly/en/GameMaker_Language/GML_Reference/Maths_And_Numbers/Number_Functions/abs.htm
Maths_And_Numbers.Number_Functions.ceil	ceil	function	ceil(val);	https://manual.gamemaker.io/monthly/en/GameMaker_Language/GML_Reference/Maths_And_Numbers/Number_Functions/ceil.htm
Maths_And_Numbers.Number_Functions.choose	choose	function	choose(val0, val1, val2... max_val);	https://manual.gamemaker.io/monthly/en/GameMaker_Language/GML_Reference/Maths_And_Numbers/Number_Functions/choose.htm
Maths_And_Numbers.Number_Functions.clamp	clamp	function	clamp(val, min, max)	https://manual.gamemaker.io/monthly/en/GameMaker_Language/GML_Reference/Maths_And_Numbers/Number_Functions/clamp.htm
Maths_And_Numbers.Number_Functions.exp	exp	function	exp(n);	https://manual.gamemaker.io/monthly/en/GameMaker_Language/GML_Reference/Maths_And_Numbers/Number_Functions/exp.htm
Maths_And_Numbers.Number_Functions.floor	floor	function	floor(n);	https://manual.gamemaker.io/monthly/en/GameMaker_Language/GML_Reference/Maths_And_Numbers/Number_Functions/floor.htm
Maths_And_Numbers.Number_Functions.frac	frac	function	frac(n);	https://manual.gamemaker.io/monthly/en/GameMaker_Language/GML_Reference/Maths_And_Numbers/Number_Functions/frac.htm
Maths_And_Numbers.Number_Functions.irandom	irandom	function	irandom(n);	https://manual.gamemaker.io/monthly/en/GameMaker_Language/GML_Reference/Maths_And_Numbers/Number_Functions/irandom.htm
Maths_And_Numbers.Number_Functions.irandom_range	irandom_range	function	irandom_range(n1, n2);	https://manual.gamemaker.io/monthly/en/GameMaker_Language/GML_Reference/Maths_And_Numbers/Number_Functions/irandom_range.htm
Maths_And_Numbers.Number_Functions.lerp	lerp	function	lerp(0, 10, 0.5)	https://manual.gamemaker.io/monthly/en/GameMaker_Language/GML_Reference/Maths_And_Numbers/Number_Functions/lerp.htm
Maths_And_Numbers.Number_Functions.ln	ln	function	ln(n);	https://manual.gamemaker.io/monthly/en/GameMaker_Language/GML_Reference/Maths_And_Numbers/Number_Functions/ln.htm
Maths_And_Numbers.Number_Functions.log10	log10	function	log10(n);	https://manual.gamemaker.io/monthly/en/GameMaker_Language/GML_Reference/Maths_And_Numbers/Number_Functions/log10.htm
Maths_And_Numbers.Number_Functions.log2	log2	function	log2(n);	https://manual.gamemaker.io/monthly/en/GameMaker_Language/GML_Reference/Maths_And_Numbers/Number_Functions/log2.htm
Maths_And_Numbers.Number_Functions.logn	logn	function	logn(n, val);	https://manual.gamemaker.io/monthly/en/GameMaker_Language/GML_Reference/Maths_And_Numbers/Number_Functions/logn.htm
Maths_And_Numbers.Number_Functions.math_get_epsilon	math_get_epsilon	function	math_get_epsilon();	https://manual.gamemaker.io/monthly/en/GameMaker_Language/GML_Reference/Maths_And_Numbers/Number_Functions/math_get_epsilon.htm
Maths_And_Numbers.Number_Functions.math_set_epsilon	math_set_epsilon	function	math_set_epsilon(epsilon);	https://manual.gamemaker.io/monthly/en/GameMaker_Language/GML_Reference/Maths_And_Numbers/Number_Functions/math_set_epsilon.htm
Maths_And_Numbers.Number_Functions.max	max	function	max(val1, val2, ... max_val);	https://manual.gamemaker.io/monthly/en/GameMaker_Language/GML_Reference/Maths_And_Numbers/Number_Functions/max.htm
Maths_And_Numbers.Number_Functions.mean	mean	function	mean(val1, val2, ... max_val);	https://manual.gamemaker.io/monthly/en/GameMaker_Language/GML_Reference/Maths_And_Numbers/Number_Functions/mean.htm
Maths_And_Numbers.Number_Functions.median	median	function	median(val1, val2, ... max_val);	https://manual.gamemaker.io/monthly/en/GameMaker_Language/GML_Reference/Maths_And_Numbers/Number_Functions/median.htm
Maths_And_Numbers.Number_Functions.min	min	function	min(val1, val2, ... max_val);	https://manual.gamemaker.io/monthly/en/GameMaker_Language/GML_Reference/Maths_And_Numbers/Number_Functions/min.htm
Maths_And_Numbers.Number_Functions.power	power	function	power(x, n);	https://manual.gamemaker.io/monthly/en/GameMaker_Language/GML_Reference/Maths_And_Numbers/Number_Functions/power.htm
Maths_And_Numbers.Number_Functions.random	random	function	random(n);	https://manual.gamemaker.io/monthly/en/GameMaker_Language/GML_Reference/Maths_And_Numbers/Number_Functions/random.htm
Maths_And_Numbers.Number_Functions.random_get_seed	random_get_seed	function	random_get_seed();	https://manual.gamemaker.io/monthly/en/GameMaker_Language/GML_Reference/Maths_And_Numbers/Number_Functions/random_get_seed.htm
Maths_And_Numbers.Number_Functions.random_range	random_range	function	random_range(n1, n2);	https://manual.gamemaker.io/monthly/en/GameMaker_Language/GML_Reference/Maths_And_Numbers/Number_Functions/random_range.htm
Maths_And_Numbers.Number_Functions.random_set_seed	random_set_seed	function	random_set_seed(val);	https://manual.gamemaker.io/monthly/en/GameMaker_Language/GML_Reference/Maths_And_Numbers/Number_Functions/random_set_seed.htm
Maths_And_Numbers.Number_Functions.randomise	randomise	function	randomise(); // or randomize(); 	https://manual.gamemaker.io/monthly/en/GameMaker_Language/GML_Reference/Maths_And_Numbers/Number_Functions/randomise.htm
Maths_And_Numbers.Number_Functions.round	round	function	round(n);	https://manual.gamemaker.io/monthly/en/GameMaker_Language/GML_Reference/Maths_And_Numbers/Number_Functions/round.htm
Maths_And_Numbers.Number_Functions.sign	sign	function	sign(n);	https://manual.gamemaker.io/monthly/en/GameMaker_Language/GML_Reference/Maths_And_Numbers/Number_Functions/sign.htm
Maths_And_Numbers.Number_Functions.sqr	sqr	function	sqr(val);	https://manual.gamemaker.io/monthly/en/GameMaker_Language/GML_Reference/Maths_And_Numbers/Number_Functions/sqr.htm
Maths_And_Numbers.Number_Functions.sqrt	sqrt	function	sqrt(val);	https://manual.gamemaker.io/monthly/en/GameMaker_Language/GML_Reference/Maths_And_Numbers/Number_Functions/sqrt.htm
Movement_And_Collisions.Collisions.collision_circle	collision_circle	function	collision_circle(x1, y1, rad, obj, prec, notme);	https://manual.gamemaker.io/monthly/en/GameMaker_Language/GML_Reference/Movement_And_Collisions/Collisions/collision_circle.htm
Movement_And_Collisions.Collisions.collision_circle_list	collision_circle_list	function	collision_circle_list(x1, y1, rad, obj, prec, notme, list, ordered);	https://manual.gamemaker.io/monthly/en/GameMaker_Language/GML_Reference/Movement_And_Collisions/Collisions/collision_circle_list.htm
Movement_And_Collisions.Collisions.collision_ellipse	collision_ellipse	function	collision_ellipse(x1, y1, x2, y2, obj, prec, notme);	https://manual.gamemaker.io/monthly/en/GameMaker_Language/GML_Reference/Movement_And_Collisions/Collisions/collision_ellipse.htm
Movement_And_Collisions.Collisions.collision_ellipse_list	collision_ellipse_list	function	collision_ellipse_list(x1, y1, x2, y2, obj, prec, notme, list, ordered);	https://manual.gamemaker.io/monthly/en/GameMaker_Language/GML_Reference/Movement_And_Collisions/Collisions/collision_ellipse_list.htm
Movement_And_Collisions.Collisions.collision_line	collision_line	function	collision_line(x1, y1, x2, y2, obj, prec, notme);	https://manual.gamemaker.io/monthly/en/GameMaker_Language/GML_Reference/Movement_And_Collisions/Collisions/collision_line.htm
Movement_And_Collisions.Collisions.collision_line_list	collision_line_list	function	collision_line_list(x1, y1, x2, y2, obj, prec, notme, list, ordered);	https://manual.gamemaker.io/monthly/en/GameMaker_Language/GML_Reference/Movement_And_Collisions/Collisions/collision_line_list.htm
Movement_And_Collisions.Collisions.collision_point	collision_point	function	collision_point(x, y, obj, prec, notme);	https://manual.gamemaker.io/monthly/en/GameMaker_Language/GML_Reference/Movement_And_Collisions/Collisions/collision_point.htm
Movement_And_Collisions.Collisions.collision_point_list	collision_point_list	function	collision_point_list(x, y, obj, prec, notme, list, ordered);	https://manual.gamemaker.io/monthly/en/GameMaker_Language/GML_Reference/Movement_And_Collisions/Collisions/collision_point_list.htm
Movement_And_Collisions.Collisions.collision_rectangle	collision_rectangle	function	collision_rectangle(x1, y1, x2, y2, obj, prec, notme);	https://manual.gamemaker.io/monthly/en/GameMaker_Language/GML_Reference/Movement_And_Collisions/Collisions/collision_rectangle.htm
Movement_And_Collisions.Collisions.collision_rectangle_list	collision_rectangle_list	function	collision_rectangle_list(x1, y1, x2, y2, obj, prec, notme, list, ordered);	https://manual.gamemaker.io/monthly/en/GameMaker_Language/GML_Reference/Movement_And_Collisions/Collisions/collision_rectangle_list.htm
Movement_And_Collisions.Collisions.place_empty	place_empty	function	place_empty(x, y, [object_id]);	https://manual.gamemaker.io/monthly/en/GameMaker_Language/GML_Reference/Movement_And_Collisions/Collisions/place_empty.htm
Movement_And_Collisions.Collisions.place_free	place_free	function	place_free(x, y);	https://manual.gamemaker.io/monthly/en/GameMaker_Language/GML_Reference/Movement_And_Collisions/Collisions/place_free.htm
Movement_And_Collisions.Collisions.place_meeting	place_meeting	function	place_meeting(x, y, obj);	https://manual.gamemaker.io/monthly/en/GameMaker_Language/GML_Reference/Movement_And_Collisions/Collisions/place_meeting.htm
Movement_And_Collisions.Collisions.point_in_circle	point_in_circle	function	point_in_circle(px, py, x1, y1, rad);	https://manual.gamemaker.io/monthly/en/GameMaker_Language/GML_Reference/Movement_And_Collisions/Collisions/point_in_circle.htm
Movement_And_Collisions.Collisions.point_in_rectangle	point_in_rectangle	function	point_in_rectangle(px, py, x1, y1, x2, y2);	https://manual.gamemaker.io/monthly/en/GameMaker_Language/GML_Reference/Movement_And_Collisions/Collisions/point_in_rectangle.htm
Movement_And_Collisions.Collisions.point_in_triangle	point_in_triangle	function	point_in_triangle(px, py, x1, y1, x2, y2, x3, y3);	https://manual.gamemaker.io/monthly/en/GameMaker_Language/GML_Reference/Movement_And_Collisions/Collisions/point_in_triangle.htm
Movement_And_Collisions.Collisions.position_change	position_change	function	position_change(x, y, obj, perf);	https://manual.gamemaker.io/monthly/en/GameMaker_Language/GML_Reference/Movement_And_Collisions/Collisions/position_change.htm
Movement_And_Collisions.Collisions.position_destroy	position_destroy	function	position_destroy(x, y);	https://manual.gamemaker.io/monthly/en/GameMaker_Language/GML_Reference/Movement_And_Collisions/Collisions/position_destroy.htm
Movement_And_Collisions.Collisions.position_empty	position_empty	function	position_empty(x, y);	https://manual.gamemaker.io/monthly/en/GameMaker_Language/GML_Reference/Movement_And_Collisions/Collisions/position_empty.htm
Movement_And_Collisions.Collisions.position_meeting	position_meeting	function	position_meeting(x, y, obj);	https://manual.gamemaker.io/monthly/en/GameMaker_Language/GML_Reference/Movement_And_Collisions/Collisions/position_meeting.htm
Movement_And_Collisions.Collisions.rectangle_in_circle	rectangle_in_circle	function	rectangle_in_circle(sx1, sy1, sx2, sy2, x, y, rad);	https://manual.gamemaker.io/monthly/en/GameMaker_Language/GML_Reference/Movement_And_Collisions/Collisions/rectangle_in_circle.htm
Movement_And_Collisions.Collisions.rectangle_in_rectangle	rectangle_in_rectangle	function	rectangle_in_rectangle(sx1, sy1, sx2, sy2, dx1, dy1, dx2, dy2);	https://manual.gamemaker.io/monthly/en/GameMaker_Language/GML_Reference/Movement_And_Collisions/Collisions/rectangle_in_rectangle.htm
Movement_And_Collisions.Collisions.rectangle_in_triangle	rectangle_in_triangle	function	rectangle_in_triangle(sx1, sy1, sx2, sy2, dx1, dy1, dx2, dy2, dx3, dy3);	https://manual.gamemaker.io/monthly/en/GameMaker_Language/GML_Reference/Movement_And_Collisions/Collisions/rectangle_in_triangle.htm
Movement_And_Collisions.Motion_Planning.mp_grid_add_cell	mp_grid_add_cell	function	mp_grid_add_cell(id, h, v);	https://manual.gamemaker.io/monthly/en/GameMaker_Language/GML_Reference/Movement_And_Collisions/Motion_Planning/mp_grid_add_cell.htm
Movement_And_Collisions.Motion_Planning.mp_grid_add_instances	mp_grid_add_instances	function	mp_grid_add_instances(id, obj, prec);	https://manual.gamemaker.io/monthly/en/GameMaker_Language/GML_Reference/Movement_And_Collisions/Motion_Planning/mp_grid_add_instances.htm
Movement_And_Collisions.Motion_Planning.mp_grid_add_rectangle	mp_grid_add_rectangle	function	mp_grid_add_rectangle(id, x1, y1, x2, y2);	https://manual.gamemaker.io/monthly/en/GameMaker_Language/GML_Reference/Movement_And_Collisions/Motion_Planning/mp_grid_add_rectangle.htm
Movement_And_Collisions.Motion_Planning.mp_grid_clear_all	mp_grid_clear_all	function	mp_grid_clear_all(id);	https://manual.gamemaker.io/monthly/en/GameMaker_Language/GML_Reference/Movement_And_Collisions/Motion_Planning/mp_grid_clear_all.htm
Movement_And_Collisions.Motion_Planning.mp_grid_clear_cell	mp_grid_clear_cell	function	mp_grid_clear_cell(id, h, v);	https://manual.gamemaker.io/monthly/en/GameMaker_Language/GML_Reference/Movement_And_Collisions/Motion_Planning/mp_grid_clear_cell.htm
Movement_And_Collisions.Motion_Planning.mp_grid_clear_rectangle	mp_grid_clear_rectangle	function	mp_grid_clear_rectangle(id, x1, y1, x2, y2);	https://manual.gamemaker.io/monthly/en/GameMaker_Language/GML_Reference/Movement_And_Collisions/Motion_Planning/mp_grid_clear_rectangle.htm
Movement_And_Collisions.Motion_Planning.mp_grid_create	mp_grid_create	function	mp_grid_create(left, top, hcells, vcells, cellwidth, cellheight);	https://manual.gamemaker.io/monthly/en/GameMaker_Language/GML_Reference/Movement_And_Collisions/Motion_Planning/mp_grid_create.htm
Movement_And_Collisions.Motion_Planning.mp_grid_destroy	mp_grid_destroy	function	mp_grid_destroy(id);	https://manual.gamemaker.io/monthly/en/GameMaker_Language/GML_Reference/Movement_And_Collisions/Motion_Planning/mp_grid_destroy.htm
Movement_And_Collisions.Motion_Planning.mp_grid_draw	mp_grid_draw	function	mp_grid_draw(id);	https://manual.gamemaker.io/monthly/en/GameMaker_Language/GML_Reference/Movement_And_Collisions/Motion_Planning/mp_grid_draw.htm
Movement_And_Collisions.Motion_Planning.mp_grid_get_cell	mp_grid_get_cell	function	mp_grid_get_cell(id, x , y);	https://manual.gamemaker.io/monthly/en/GameMaker_Language/GML_Reference/Movement_And_Collisions/Motion_Planning/mp_grid_get_cell.htm
Movement_And_Collisions.Motion_Planning.mp_grid_path	mp_grid_path	function	mp_grid_path(id, path, xstart, ystart, xgoal, ygoal, allowdiag);	https://manual.gamemaker.io/monthly/en/GameMaker_Language/GML_Reference/Movement_And_Collisions/Motion_Planning/mp_grid_path.htm
Movement_And_Collisions.Motion_Planning.mp_grid_to_ds_grid	mp_grid_to_ds_grid	function	mp_grid_to_ds_grid(source, destination);	https://manual.gamemaker.io/monthly/en/GameMaker_Language/GML_Reference/Movement_And_Collisions/Motion_Planning/mp_grid_to_ds_grid.htm
Movement_And_Collisions.Motion_Planning.mp_linear_path	mp_linear_path	function	mp_linear_path(path, xgoal, ygoal, stepsize, checkall);	https://manual.gamemaker.io/monthly/en/GameMaker_Language/GML_Reference/Movement_And_Collisions/Motion_Planning/mp_linear_path.htm
Movement_And_Collisions.Motion_Planning.mp_linear_path_object	mp_linear_path_object	function	mp_linear_path_object(path, xgoal, ygoal, stepsize, obj);	https://manual.gamemaker.io/monthly/en/GameMaker_Language/GML_Reference/Movement_And_Collisions/Motion_Planning/mp_linear_path_object.htm
Movement_And_Collisions.Motion_Planning.mp_linear_step	mp_linear_step	function	mp_linear_step(xgoal, ygoal, stepsize, checkall);	https://manual.gamemaker.io/monthly/en/GameMaker_Language/GML_Reference/Movement_And_Collisions/Motion_Planning/mp_linear_step.htm
Movement_And_Collisions.Motion_Planning.mp_linear_step_object	mp_linear_step_object	function	mp_linear_step_object(xgoal, ygoal, stepsize, obj);	https://manual.gamemaker.io/monthly/en/GameMaker_Language/GML_Reference/Movement_And_Collisions/Motion_Planning/mp_linear_step_object.htm
Movement_And_Collisions.Motion_Planning.mp_potential_path	mp_potential_path	function	mp_potential_path(path, xgoal, ygoal, stepsize, factor, checkall)	https://manual.gamemaker.io/monthly/en/GameMaker_Language/GML_Reference/Movement_And_Collisions/Motion_Planning/mp_potential_path.htm
Movement_And_Collisions.Motion_Planning.mp_potential_path_object	mp_potential_path_object	function	mp_potential_path_object(path, xgoal, ygoal, stepsize, factor, obj)	https://manual.gamemaker.io/monthly/en/GameMaker_Language/GML_Reference/Movement_And_Collisions/Motion_Planning/mp_potential_path_object.htm
Movement_And_Collisions.Motion_Planning.mp_potential_settings	mp_potential_settings	function	mp_potential_settings(maxrot, rotstep, ahead, onspot)	https://manual.gamemaker.io/monthly/en/GameMaker_Language/GML_Reference/Movement_And_Collisions/Motion_Planning/mp_potential_settings.htm
Movement_And_Collisions.Motion_Planning.mp_potential_step	mp_potential_step	function	mp_potential_step(xgoal, ygoal, stepsize, checkall)	https://manual.gamemaker.io/monthly/en/GameMaker_Language/GML_Reference/Movement_And_Collisions/Motion_Planning/mp_potential_step.htm
Movement_And_Collisions.Motion_Planning.mp_potential_step_object	mp_potential_step_object	function	mp_potential_step_object(xgoal, ygoal, stepsize, obj)	https://manual.gamemaker.io/monthly/en/GameMaker_Language/GML_Reference/Movement_And_Collisions/Motion_Planning/mp_potential_step_object.htm
Movement_And_Collisions.Movement.motion_add	motion_add	function	motion_add(dir, speed);	https://manual.gamemaker.io/monthly/en/GameMaker_Language/GML_Reference/Movement_And_Collisions/Movement/motion_add.htm
Movement_And_Collisions.Movement.motion_set	motion_set	function	motion_set(dir, speed);	https://manual.gamemaker.io/monthly/en/GameMaker_Language/GML_Reference/Movement_And_Collisions/Movement/motion_set.htm
Movement_And_Collisions.Movement.move_and_collide	move_and_collide	function	move_and_collide(dx, dy, obj, [num_iterations], [xoff], [yoff], [max_x_move], [max_y_move]);	https://manual.gamemaker.io/monthly/en/GameMaker_Language/GML_Reference/Movement_And_Collisions/Movement/move_and_collide.htm
Movement_And_Collisions.Movement.move_bounce_all	move_bounce_all	function	move_bounce_all( adv );	https://manual.gamemaker.io/monthly/en/GameMaker_Language/GML_Reference/Movement_And_Collisions/Movement/move_bounce_all.htm
Movement_And_Collisions.Movement.move_bounce_solid	move_bounce_solid	function	move_bounce_solid(adv);	https://manual.gamemaker.io/monthly/en/GameMaker_Language/GML_Reference/Movement_And_Collisions/Movement/move_bounce_solid.htm
Movement_And_Collisions.Movement.move_contact_all	move_contact_all	function	move_contact_all(dir, maxdist);	https://manual.gamemaker.io/monthly/en/GameMaker_Language/GML_Reference/Movement_And_Collisions/Movement/move_contact_all.htm
Movement_And_Collisions.Movement.move_contact_solid	move_contact_solid	function	move_contact_solid( dir, maxdist );	https://manual.gamemaker.io/monthly/en/GameMaker_Language/GML_Reference/Movement_And_Collisions/Movement/move_contact_solid.htm
Movement_And_Collisions.Movement.move_outside_all	move_outside_all	function	move_outside_all(dir, maxdist);	https://manual.gamemaker.io/monthly/en/GameMaker_Language/GML_Reference/Movement_And_Collisions/Movement/move_outside_all.htm
Movement_And_Collisions.Movement.move_outside_solid	move_outside_solid	function	move_outside_solid(dir, maxdist);	https://manual.gamemaker.io/monthly/en/GameMaker_Language/GML_Reference/Movement_And_Collisions/Movement/move_outside_solid.htm
Movement_And_Collisions.Movement.move_random	move_random	function	move_random(hsnap, vsnap);	https://manual.gamemaker.io/monthly/en/GameMaker_Language/GML_Reference/Movement_And_Collisions/Movement/move_random.htm
Movement_And_Collisions.Movement.move_snap	move_snap	function	move_snap(hsnap, vsnap);	https://manual.gamemaker.io/monthly/en/GameMaker_Language/GML_Reference/Movement_And_Collisions/Movement/move_snap.htm
Movement_And_Collisions.Movement.move_towards_point	move_towards_point	function	move_towards_point( x, y, sp );	https://manual.gamemaker.io/monthly/en/GameMaker_Language/GML_Reference/Movement_And_Collisions/Movement/move_towards_point.htm
Movement_And_Collisions.Movement.move_wrap	move_wrap	function	move_wrap(hor, vert, margin);	https://manual.gamemaker.io/monthly/en/GameMaker_Language/GML_Reference/Movement_And_Collisions/Movement/move_wrap.htm
Movement_And_Collisions.Movement.place_snapped	place_snapped	function	place_snapped(hsnap, vsnap);	https://manual.gamemaker.io/monthly/en/GameMaker_Language/GML_Reference/Movement_And_Collisions/Movement/place_snapped.htm
Networking.network_config_avoid_time_wait	network_config_avoid_time_wait	constant	network_config_avoid_time_wait	https://manual.gamemaker.io/monthly/en/GameMaker_Language/GML_Reference/Networking/network_set_config.htm
Networking.network_config_connect_timeout	network_config_connect_timeout	constant	network_config_connect_timeout	https://manual.gamemaker.io/monthly/en/GameMaker_Language/GML_Reference/Networking/network_set_config.htm
Networking.network_config_disable_multicast	network_config_disable_multicast	constant	network_config_disable_multicast	https://manual.gamemaker.io/monthly/en/GameMaker_Language/GML_Reference/Networking/network_set_config.htm
Networking.network_config_disable_reliable_udp	network_config_disable_reliable_udp	constant	network_config_disable_reliable_udp	https://manual.gamemaker.io/monthly/en/GameMaker_Language/GML_Reference/Networking/network_set_config.htm
Networking.network_config_enable_multicast	network_config_enable_multicast	constant	network_config_enable_multicast	https://manual.gamemaker.io/monthly/en/GameMaker_Language/GML_Reference/Networking/network_set_config.htm
Networking.network_config_enable_reliable_udp	network_config_enable_reliable_udp	constant	network_config_enable_reliable_udp	https://manual.gamemaker.io/monthly/en/GameMaker_Language/GML_Reference/Networking/network_set_config.htm
Networking.network_config_use_non_blocking_socket	network_config_use_non_blocking_socket	constant	network_config_use_non_blocking_socket	https://manual.gamemaker.io/monthly/en/GameMaker_Language/GML_Reference/Networking/network_set_config.htm
Networking.network_connect	network_connect	function	network_connect(socket, url, port);	https://manual.gamemaker.io/monthly/en/GameMaker_Language/GML_Reference/Networking/network_connect.htm
Networking.network_connect_async	network_connect_async	function	network_connect_async(socket, url, port);	https://manual.gamemaker.io/monthly/en/GameMaker_Language/GML_Reference/Networking/network_connect_async.htm
Networking.network_connect_raw	network_connect_raw	function	network_connect_raw(socket, url, port);	https://manual.gamemaker.io/monthly/en/GameMaker_Language/GML_Reference/Networking/network_connect_raw.htm
Networking.network_connect_raw_async	network_connect_raw_async	function	network_connect_raw_async(socket, url, port);	https://manual.gamemaker.io/monthly/en/GameMaker_Language/GML_Reference/Networking/network_connect_raw_async.htm
Networking.network_create_server	network_create_server	function	network_create_server(type, port, max_client);	https://manual.gamemaker.io/monthly/en/GameMaker_Language/GML_Reference/Networking/network_create_server.htm
Networking.network_create_server	network_create_server	function	network_create_server(type, port, max_client);	https://manual.gamemaker.io/monthly/en/GameMaker_Language/GML_Reference/Networking/network_create_server.htm
Networking.network_create_server	network_create_server	function	network_create_server(type, port, max_client);	https://manual.gamemaker.io/monthly/en/GameMaker_Language/GML_Reference/Networking/network_create_server.htm
Networking.network_create_server	network_create_server	function	network_create_server(type, port, max_client);	https://manual.gamemaker.io/monthly/en/GameMaker_Language/GML_Reference/Networking/network_create_server.htm
Networking.network_create_server_raw	network_create_server_raw	function	network_create_server_raw(type, port, max_client);	https://manual.gamemaker.io/monthly/en/GameMaker_Language/GML_Reference/Networking/network_create_server_raw.htm
Networking.network_create_server_raw	network_create_server_raw	function	network_create_server_raw(type, port, max_client);	https://manual.gamemaker.io/monthly/en/GameMaker_Language/GML_Reference/Networking/network_create_server_raw.htm
Networking.network_create_server_raw	network_create_server_raw	function	network_create_server_raw(type, port, max_client);	https://manual.gamemaker.io/monthly/en/GameMaker_Language/GML_Reference/Networking/network_create_server_raw.htm
Networking.network_create_server_raw	network_create_server_raw	function	network_create_server_raw(type, port, max_client);	https://manual.gamemaker.io/monthly/en/GameMaker_Language/GML_Reference/Networking/network_create_server_raw.htm
Networking.network_create_socket	network_create_socket	function	network_create_socket(type);	https://manual.gamemaker.io/monthly/en/GameMaker_Language/GML_Reference/Networking/network_create_socket.htm
Networking.network_create_socket	network_create_socket	function	network_create_socket(type);	https://manual.gamemaker.io/monthly/en/GameMaker_Language/GML_Reference/Networking/network_create_socket.htm
Networking.network_create_socket	network_create_socket	function	network_create_socket(type);	https://manual.gamemaker.io/monthly/en/GameMaker_Language/GML_Reference/Networking/network_create_socket.htm
Networking.network_create_socket	network_create_socket	function	network_create_socket(type);	https://manual.gamemaker.io/monthly/en/GameMaker_Language/GML_Reference/Networking/network_create_socket.htm
Networking.network_create_socket_ext	network_create_socket_ext	function	network_create_socket_ext(protocol, port);	https://manual.gamemaker.io/monthly/en/GameMaker_Language/GML_Reference/Networking/network_create_socket_ext.htm
Networking.network_create_socket_ext	network_create_socket_ext	function	network_create_socket_ext(protocol, port);	https://manual.gamemaker.io/monthly/en/GameMaker_Language/GML_Reference/Networking/network_create_socket_ext.htm
Networking.network_create_socket_ext	network_create_socket_ext	function	network_create_socket_ext(protocol, port);	https://manual.gamemaker.io/monthly/en/GameMaker_Language/GML_Reference/Networking/network_create_socket_ext.htm
Networking.network_create_socket_ext	network_create_socket_ext	function	network_create_socket_ext(protocol, port);	https://manual.gamemaker.io/monthly/en/GameMaker_Language/GML_Reference/Networking/network_create_socket_ext.htm
Networking.network_destroy	network_destroy	function	network_destroy(socket);	https://manual.gamemaker.io/monthly/en/GameMaker_Language/GML_Reference/Networking/network_destroy.htm
Networking.network_resolve	network_resolve	function	network_resolve(url);	https://manual.gamemaker.io/monthly/en/GameMaker_Language/GML_Reference/Networking/network_resolve.htm
Networking.network_send_binary	network_send_binary	constant	network_send_binary	https://manual.gamemaker.io/monthly/en/GameMaker_Language/GML_Reference/Networking/network_send_raw.htm
Networking.network_send_broadcast	network_send_broadcast	function	network_send_broadcast(socket, port, bufferid, size);	https://manual.gamemaker.io/monthly/en/GameMaker_Language/GML_Reference/Networking/network_send_broadcast.htm
Networking.network_send_packet	network_send_packet	function	network_send_packet(socket, bufferid, size);	https://manual.gamemaker.io/monthly/en/GameMaker_Language/GML_Reference/Networking/network_send_packet.htm
Networking.network_send_raw	network_send_raw	function	network_send_raw(socket, bufferid, size, [options]);	https://manual.gamemaker.io/monthly/en/GameMaker_Language/GML_Reference/Networking/network_send_raw.htm
Networking.network_send_text	network_send_text	constant	network_send_text	https://manual.gamemaker.io/monthly/en/GameMaker_Language/GML_Reference/Networking/network_send_raw.htm
Networking.network_send_udp	network_send_udp	function	network_send_udp(socket, url, port, bufferid, size);	https://manual.gamemaker.io/monthly/en/GameMaker_Language/GML_Reference/Networking/network_send_udp.htm
Networking.network_send_udp_raw	network_send_udp_raw	function	network_send_udp_raw(socket, url, port, bufferid, size);	https://manual.gamemaker.io/monthly/en/GameMaker_Language/GML_Reference/Networking/network_send_udp_raw.htm
Networking.network_set_config	network_set_config	function	network_set_config(config_value, setting);	https://manual.gamemaker.io/monthly/en/GameMaker_Language/GML_Reference/Networking/network_set_config.htm
Networking.network_set_timeout	network_set_timeout	function	network_set_timeout(socket, read_timeout, write_timeout);	https://manual.gamemaker.io/monthly/en/GameMaker_Language/GML_Reference/Networking/network_set_timeout.htm
Networking.network_socket_bluetooth	network_socket_bluetooth	unknown	undefined	https://manual.gamemaker.io/monthly/en/GameMaker_Language/GML_Reference/Networking/network_create_server.htm
Networking.network_socket_wss	network_socket_wss	unknown	undefined	https://manual.gamemaker.io/monthly/en/GameMaker_Language/GML_Reference/Networking/network_create_socket.htm
OS_And_Compiler.GM_build_date	GM_build_date	variable	GM_build_date;	https://manual.gamemaker.io/monthly/en/GameMaker_Language/GML_Reference/OS_And_Compiler/GM_build_date.htm
OS_And_Compiler.GM_build_type	GM_build_type	variable	GM_build_type;	https://manual.gamemaker.io/monthly/en/GameMaker_Language/GML_Reference/OS_And_Compiler/GM_build_type.htm
OS_And_Compiler.GM_is_sandboxed	GM_is_sandboxed	variable	GM_is_sandboxed	https://manual.gamemaker.io/monthly/en/GameMaker_Language/GML_Reference/OS_And_Compiler/GM_is_sandboxed.htm
OS_And_Compiler.GM_project_filename	GM_project_filename	variable	GM_project_filename;	https://manual.gamemaker.io/monthly/en/GameMaker_Language/GML_Reference/OS_And_Compiler/GM_project_filename.htm
OS_And_Compiler.GM_runtime_version	GM_runtime_version	variable	GM_runtime_version;	https://manual.gamemaker.io/monthly/en/GameMaker_Language/GML_Reference/OS_And_Compiler/GM_runtime_version.htm
OS_And_Compiler.GM_version	GM_version	variable	GM_version;	https://manual.gamemaker.io/monthly/en/GameMaker_Language/GML_Reference/OS_And_Compiler/GM_version.htm
OS_And_Compiler.browser_chrome	browser_chrome	constant	browser_chrome	https://manual.gamemaker.io/monthly/en/GameMaker_Language/GML_Reference/OS_And_Compiler/os_browser.htm
OS_And_Compiler.browser_edge	browser_edge	constant	browser_edge	https://manual.gamemaker.io/monthly/en/GameMaker_Language/GML_Reference/OS_And_Compiler/os_browser.htm
OS_And_Compiler.browser_firefox	browser_firefox	constant	browser_firefox	https://manual.gamemaker.io/monthly/en/GameMaker_Language/GML_Reference/OS_And_Compiler/os_browser.htm
OS_And_Compiler.browser_ie	browser_ie	constant	browser_ie	https://manual.gamemaker.io/monthly/en/GameMaker_Language/GML_Reference/OS_And_Compiler/os_browser.htm
OS_And_Compiler.browser_ie_mobile	browser_ie_mobile	constant	browser_ie_mobile	https://manual.gamemaker.io/monthly/en/GameMaker_Language/GML_Reference/OS_And_Compiler/os_browser.htm
OS_And_Compiler.browser_not_a_browser	browser_not_a_browser	constant	browser_not_a_browser	https://manual.gamemaker.io/monthly/en/GameMaker_Language/GML_Reference/OS_And_Compiler/os_browser.htm
OS_And_Compiler.browser_opera	browser_opera	constant	browser_opera	https://manual.gamemaker.io/monthly/en/GameMaker_Language/GML_Reference/OS_And_Compiler/os_browser.htm
OS_And_Compiler.browser_safari	browser_safari	constant	browser_safari	https://manual.gamemaker.io/monthly/en/GameMaker_Language/GML_Reference/OS_And_Compiler/os_browser.htm
OS_And_Compiler.browser_safari_mobile	browser_safari_mobile	constant	browser_safari_mobile	https://manual.gamemaker.io/monthly/en/GameMaker_Language/GML_Reference/OS_And_Compiler/os_browser.htm
OS_And_Compiler.browser_tizen	browser_tizen	constant	browser_tizen	https://manual.gamemaker.io/monthly/en/GameMaker_Language/GML_Reference/OS_And_Compiler/os_browser.htm
OS_And_Compiler.browser_unknown	browser_unknown	constant	browser_unknown	https://manual.gamemaker.io/monthly/en/GameMaker_Language/GML_Reference/OS_And_Compiler/os_browser.htm
OS_And_Compiler.browser_windows_store	browser_windows_store	constant	browser_windows_store	https://manual.gamemaker.io/monthly/en/GameMaker_Language/GML_Reference/OS_And_Compiler/os_browser.htm
OS_And_Compiler.device_emulator	device_emulator	constant	device_emulator	https://manual.gamemaker.io/monthly/en/GameMaker_Language/GML_Reference/OS_And_Compiler/os_device.htm
OS_And_Compiler.device_ios_ipad	device_ios_ipad	constant	device_ios_ipad	https://manual.gamemaker.io/monthly/en/GameMaker_Language/GML_Reference/OS_And_Compiler/os_device.htm
OS_And_Compiler.device_ios_ipad_retina	device_ios_ipad_retina	constant	device_ios_ipad_retina	https://manual.gamemaker.io/monthly/en/GameMaker_Language/GML_Reference/OS_And_Compiler/os_device.htm
OS_And_Compiler.device_ios_iphone	device_ios_iphone	constant	device_ios_iphone	https://manual.gamemaker.io/monthly/en/GameMaker_Language/GML_Reference/OS_And_Compiler/os_device.htm
OS_And_Compiler.device_ios_iphone5	device_ios_iphone5	constant	device_ios_iphone5	https://manual.gamemaker.io/monthly/en/GameMaker_Language/GML_Reference/OS_And_Compiler/os_device.htm
OS_And_Compiler.device_ios_iphone6	device_ios_iphone6	constant	device_ios_iphone6	https://manual.gamemaker.io/monthly/en/GameMaker_Language/GML_Reference/OS_And_Compiler/os_device.htm
OS_And_Compiler.device_ios_iphone6plus	device_ios_iphone6plus	constant	device_ios_iphone6plus	https://manual.gamemaker.io/monthly/en/GameMaker_Language/GML_Reference/OS_And_Compiler/os_device.htm
OS_And_Compiler.device_ios_iphone_retina	device_ios_iphone_retina	constant	device_ios_iphone_retina	https://manual.gamemaker.io/monthly/en/GameMaker_Language/GML_Reference/OS_And_Compiler/os_device.htm
OS_And_Compiler.device_ios_unknown	device_ios_unknown	constant	device_ios_unknown	https://manual.gamemaker.io/monthly/en/GameMaker_Language/GML_Reference/OS_And_Compiler/os_device.htm
OS_And_Compiler.device_tablet	device_tablet	constant	device_tablet	https://manual.gamemaker.io/monthly/en/GameMaker_Language/GML_Reference/OS_And_Compiler/os_device.htm
OS_And_Compiler.dll_cdecl	dll_cdecl	constant	dll_cdecl	https://manual.gamemaker.io/monthly/en/GameMaker_Language/GML_Reference/OS_And_Compiler/external_define.htm
OS_And_Compiler.dll_stdcall	dll_stdcall	constant	dll_stdcall	https://manual.gamemaker.io/monthly/en/GameMaker_Language/GML_Reference/OS_And_Compiler/external_define.htm
OS_And_Compiler.environment_get_variable	environment_get_variable	function	environment_get_variable(name);	https://manual.gamemaker.io/monthly/en/GameMaker_Language/GML_Reference/OS_And_Compiler/environment_get_variable.htm
OS_And_Compiler.external_call	external_call	function	external_call(id, args[0...15]);	https://manual.gamemaker.io/monthly/en/GameMaker_Language/GML_Reference/OS_And_Compiler/external_call.htm
OS_And_Compiler.external_define	external_define	function	external_define(dll, name, calltype, restype, argnumb, argtype[0], argtype[1], ...argtype[10]);	https://manual.gamemaker.io/monthly/en/GameMaker_Language/GML_Reference/OS_And_Compiler/external_define.htm
OS_And_Compiler.external_free	external_free	function	external_free(id);	https://manual.gamemaker.io/monthly/en/GameMaker_Language/GML_Reference/OS_And_Compiler/external_free.htm
OS_And_Compiler.gml_pragma	gml_pragma	function	gml_pragma("global", "Init()");	https://manual.gamemaker.io/monthly/en/GameMaker_Language/GML_Reference/OS_And_Compiler/gml_pragma.htm
OS_And_Compiler.gml_release_mode	gml_release_mode	function	gml_release_mode(flag);	https://manual.gamemaker.io/monthly/en/GameMaker_Language/GML_Reference/OS_And_Compiler/gml_release_mode.htm
OS_And_Compiler.network_connect_active	network_connect_active	unknown	undefined	https://manual.gamemaker.io/monthly/en/GameMaker_Language/GML_Reference/OS_And_Compiler/os_is_network_connected.htm
OS_And_Compiler.network_connect_blocking	network_connect_blocking	unknown	undefined	https://manual.gamemaker.io/monthly/en/GameMaker_Language/GML_Reference/OS_And_Compiler/os_is_network_connected.htm
OS_And_Compiler.network_connect_nonblocking	network_connect_nonblocking	unknown	undefined	https://manual.gamemaker.io/monthly/en/GameMaker_Language/GML_Reference/OS_And_Compiler/os_is_network_connected.htm
OS_And_Compiler.network_connect_none	network_connect_none	unknown	undefined	https://manual.gamemaker.io/monthly/en/GameMaker_Language/GML_Reference/OS_And_Compiler/os_is_network_connected.htm
OS_And_Compiler.network_connect_passive	network_connect_passive	constant	network_connect_passive	https://manual.gamemaker.io/monthly/en/GameMaker_Language/GML_Reference/OS_And_Compiler/os_is_network_connected.htm
OS_And_Compiler.os_android	os_android	constant	os_android	https://manual.gamemaker.io/monthly/en/GameMaker_Language/GML_Reference/OS_And_Compiler/os_type.htm
OS_And_Compiler.os_browser	os_browser	variable	os_browser	https://manual.gamemaker.io/monthly/en/GameMaker_Language/GML_Reference/OS_And_Compiler/os_browser.htm
OS_And_Compiler.os_check_permission	os_check_permission	function	os_check_permission("android.permission.RECORD_AUDIO");	https://manual.gamemaker.io/monthly/en/GameMaker_Language/GML_Reference/OS_And_Compiler/os_check_permission.htm
OS_And_Compiler.os_check_permission	os_check_permission	function	os_check_permission("android.permission.RECORD_AUDIO");	https://manual.gamemaker.io/monthly/en/GameMaker_Language/GML_Reference/OS_And_Compiler/os_check_permission.htm
OS_And_Compiler.os_check_permission	os_check_permission	function	os_check_permission("android.permission.RECORD_AUDIO");	https://manual.gamemaker.io/monthly/en/GameMaker_Language/GML_Reference/OS_And_Compiler/os_check_permission.htm
OS_And_Compiler.os_device	os_device	variable	os_device	https://manual.gamemaker.io/monthly/en/GameMaker_Language/GML_Reference/OS_And_Compiler/os_device.htm
OS_And_Compiler.os_gdk	os_gdk	unknown	undefined	https://manual.gamemaker.io/monthly/en/GameMaker_Language/GML_Reference/OS_And_Compiler/os_type.htm
OS_And_Compiler.os_get_config	os_get_config	function	os_get_config()	https://manual.gamemaker.io/monthly/en/GameMaker_Language/GML_Reference/OS_And_Compiler/os_get_config.htm
OS_And_Compiler.os_get_info	os_get_info	function	os_get_info()	https://manual.gamemaker.io/monthly/en/GameMaker_Language/GML_Reference/OS_And_Compiler/os_get_info.htm
OS_And_Compiler.os_get_language	os_get_language	function	os_get_language()	https://manual.gamemaker.io/monthly/en/GameMaker_Language/GML_Reference/OS_And_Compiler/os_get_language.htm
OS_And_Compiler.os_get_region	os_get_region	function	os_get_region()	https://manual.gamemaker.io/monthly/en/GameMaker_Language/GML_Reference/OS_And_Compiler/os_get_region.htm
OS_And_Compiler.os_gxgames	os_gxgames	constant	os_gxgames	https://manual.gamemaker.io/monthly/en/GameMaker_Language/GML_Reference/OS_And_Compiler/os_type.htm
OS_And_Compiler.os_ios	os_ios	constant	os_ios	https://manual.gamemaker.io/monthly/en/GameMaker_Language/GML_Reference/OS_And_Compiler/os_type.htm
OS_And_Compiler.os_is_network_connected	os_is_network_connected	function	os_is_network_connected([attempt_connection]);	https://manual.gamemaker.io/monthly/en/GameMaker_Language/GML_Reference/OS_And_Compiler/os_is_network_connected.htm
OS_And_Compiler.os_is_paused	os_is_paused	function	os_is_paused()	https://manual.gamemaker.io/monthly/en/GameMaker_Language/GML_Reference/OS_And_Compiler/os_is_paused.htm
OS_And_Compiler.os_linux	os_linux	constant	os_linux	https://manual.gamemaker.io/monthly/en/GameMaker_Language/GML_Reference/OS_And_Compiler/os_type.htm
OS_And_Compiler.os_lock_orientation	os_lock_orientation	function	os_lock_orientation(flag)	https://manual.gamemaker.io/monthly/en/GameMaker_Language/GML_Reference/OS_And_Compiler/os_lock_orientation.htm
OS_And_Compiler.os_macosx	os_macosx	constant	os_macosx	https://manual.gamemaker.io/monthly/en/GameMaker_Language/GML_Reference/OS_And_Compiler/os_type.htm
OS_And_Compiler.os_operagx	os_operagx	unknown	undefined	https://manual.gamemaker.io/monthly/en/GameMaker_Language/GML_Reference/OS_And_Compiler/os_type.htm
OS_And_Compiler.os_permission_denied_dont_request	os_permission_denied_dont_request	constant	os_permission_denied_dont_request	https://manual.gamemaker.io/monthly/en/GameMaker_Language/GML_Reference/OS_And_Compiler/os_check_permission.htm
OS_And_Compiler.os_powersave_enable	os_powersave_enable	function	os_powersave_enable(flag)	https://manual.gamemaker.io/monthly/en/GameMaker_Language/GML_Reference/OS_And_Compiler/os_powersave_enable.htm
OS_And_Compiler.os_ps4	os_ps4	constant	os_ps4	https://manual.gamemaker.io/monthly/en/GameMaker_Language/GML_Reference/OS_And_Compiler/os_type.htm
OS_And_Compiler.os_ps5	os_ps5	constant	os_ps5	https://manual.gamemaker.io/monthly/en/GameMaker_Language/GML_Reference/OS_And_Compiler/os_type.htm
OS_And_Compiler.os_request_permission	os_request_permission	function	os_request_permission("android.permission.RECORD_AUDIO");	https://manual.gamemaker.io/monthly/en/GameMaker_Language/GML_Reference/OS_And_Compiler/os_request_permission.htm
OS_And_Compiler.os_request_permission	os_request_permission	function	os_request_permission("android.permission.RECORD_AUDIO");	https://manual.gamemaker.io/monthly/en/GameMaker_Language/GML_Reference/OS_And_Compiler/os_request_permission.htm
OS_And_Compiler.os_request_permission	os_request_permission	function	os_request_permission("android.permission.RECORD_AUDIO");	https://manual.gamemaker.io/monthly/en/GameMaker_Language/GML_Reference/OS_And_Compiler/os_request_permission.htm
OS_And_Compiler.os_set_orientation_lock	os_set_orientation_lock	function	os_set_orientation_lock(landscape_enable, portrait_enable);	https://manual.gamemaker.io/monthly/en/GameMaker_Language/GML_Reference/OS_And_Compiler/os_set_orientation_lock.htm
OS_And_Compiler.os_switch	os_switch	constant	os_switch	https://manual.gamemaker.io/monthly/en/GameMaker_Language/GML_Reference/OS_And_Compiler/os_type.htm
OS_And_Compiler.os_tvos	os_tvos	constant	os_tvos	https://manual.gamemaker.io/monthly/en/GameMaker_Language/GML_Reference/OS_And_Compiler/os_type.htm
OS_And_Compiler.os_type	os_type	variable	os_type;	https://manual.gamemaker.io/monthly/en/GameMaker_Language/GML_Reference/OS_And_Compiler/os_type.htm
OS_And_Compiler.os_unknown	os_unknown	constant	os_unknown	https://manual.gamemaker.io/monthly/en/GameMaker_Language/GML_Reference/OS_And_Compiler/os_type.htm
OS_And_Compiler.os_uwp	os_uwp	unknown	undefined	https://manual.gamemaker.io/monthly/en/GameMaker_Language/GML_Reference/OS_And_Compiler/os_type.htm
OS_And_Compiler.os_version	os_version	variable	os_version	https://manual.gamemaker.io/monthly/en/GameMaker_Language/GML_Reference/OS_And_Compiler/os_version.htm
OS_And_Compiler.os_windows	os_windows	constant	os_windows	https://manual.gamemaker.io/monthly/en/GameMaker_Language/GML_Reference/OS_And_Compiler/os_type.htm
OS_And_Compiler.os_xboxone	os_xboxone	unknown	undefined	https://manual.gamemaker.io/monthly/en/GameMaker_Language/GML_Reference/OS_And_Compiler/os_type.htm
OS_And_Compiler.os_xboxseriesxs	os_xboxseriesxs	unknown	undefined	https://manual.gamemaker.io/monthly/en/GameMaker_Language/GML_Reference/OS_And_Compiler/os_type.htm
OS_And_Compiler.parameter_count	parameter_count	function	parameter_count();	https://manual.gamemaker.io/monthly/en/GameMaker_Language/GML_Reference/OS_And_Compiler/parameter_count.htm
OS_And_Compiler.parameter_string	parameter_string	function	parameter_string(n);	https://manual.gamemaker.io/monthly/en/GameMaker_Language/GML_Reference/OS_And_Compiler/parameter_string.htm
OS_And_Compiler.scheduler_resolution_get	scheduler_resolution_get	function	scheduler_resolution_get();	https://manual.gamemaker.io/monthly/en/GameMaker_Language/GML_Reference/OS_And_Compiler/scheduler_resolution_get.htm
OS_And_Compiler.scheduler_resolution_set	scheduler_resolution_set	function	scheduler_resolution_set(milliseconds);	https://manual.gamemaker.io/monthly/en/GameMaker_Language/GML_Reference/OS_And_Compiler/scheduler_resolution_set.htm
OS_And_Compiler.ty_real	ty_real	constant	ty_real	https://manual.gamemaker.io/monthly/en/GameMaker_Language/GML_Reference/OS_And_Compiler/external_define.htm
OS_And_Compiler.ty_string	ty_string	constant	ty_string	https://manual.gamemaker.io/monthly/en/GameMaker_Language/GML_Reference/OS_And_Compiler/external_define.htm
Physics.Fixtures.physics_fixture_add_point	physics_fixture_add_point	function	physics_fixture_add_point(fixture, xpos, ypos)	https://manual.gamemaker.io/monthly/en/GameMaker_Language/GML_Reference/Physics/Fixtures/physics_fixture_add_point.htm
Physics.Fixtures.physics_fixture_bind	physics_fixture_bind	function	physics_fixture_bind(fixture, target)	https://manual.gamemaker.io/monthly/en/GameMaker_Language/GML_Reference/Physics/Fixtures/physics_fixture_bind.htm
Physics.Fixtures.physics_fixture_bind_ext	physics_fixture_bind_ext	function	physics_fixture_bind_ext(fixture, target, xoffset, yoffset)	https://manual.gamemaker.io/monthly/en/GameMaker_Language/GML_Reference/Physics/Fixtures/physics_fixture_bind_ext.htm
Physics.Fixtures.physics_fixture_create	physics_fixture_create	function	physics_fixture_create()	https://manual.gamemaker.io/monthly/en/GameMaker_Language/GML_Reference/Physics/Fixtures/physics_fixture_create.htm
Physics.Fixtures.physics_fixture_delete	physics_fixture_delete	function	physics_fixture_delete(fixture)	https://manual.gamemaker.io/monthly/en/GameMaker_Language/GML_Reference/Physics/Fixtures/physics_fixture_delete.htm
Physics.Fixtures.physics_fixture_set_angular_damping	physics_fixture_set_angular_damping	function	physics_fixture_set_angular_damping(fixture, damping)	https://manual.gamemaker.io/monthly/en/GameMaker_Language/GML_Reference/Physics/Fixtures/physics_fixture_set_angular_damping.htm
Physics.Fixtures.physics_fixture_set_awake	physics_fixture_set_awake	function	physics_fixture_set_awake(fixture, state)	https://manual.gamemaker.io/monthly/en/GameMaker_Language/GML_Reference/Physics/Fixtures/physics_fixture_set_awake.htm
Physics.Fixtures.physics_fixture_set_box_shape	physics_fixture_set_box_shape	function	physics_fixture_set_box_shape(fixture, halfWidth, halfHeight)	https://manual.gamemaker.io/monthly/en/GameMaker_Language/GML_Reference/Physics/Fixtures/physics_fixture_set_box_shape.htm
Physics.Fixtures.physics_fixture_set_chain_shape	physics_fixture_set_chain_shape	function	physics_fixture_set_chain_shape(fixture, loop)	https://manual.gamemaker.io/monthly/en/GameMaker_Language/GML_Reference/Physics/Fixtures/physics_fixture_set_chain_shape.htm
Physics.Fixtures.physics_fixture_set_circle_shape	physics_fixture_set_circle_shape	function	physics_fixture_set_circle_shape(fixture, rad)	https://manual.gamemaker.io/monthly/en/GameMaker_Language/GML_Reference/Physics/Fixtures/physics_fixture_set_circle_shape.htm
Physics.Fixtures.physics_fixture_set_collision_group	physics_fixture_set_collision_group	function	physics_fixture_set_collision_group(fixture, group);	https://manual.gamemaker.io/monthly/en/GameMaker_Language/GML_Reference/Physics/Fixtures/physics_fixture_set_collision_group.htm
Physics.Fixtures.physics_fixture_set_density	physics_fixture_set_density	function	physics_fixture_set_density(fixture, density)	https://manual.gamemaker.io/monthly/en/GameMaker_Language/GML_Reference/Physics/Fixtures/physics_fixture_set_density.htm
Physics.Fixtures.physics_fixture_set_edge_shape	physics_fixture_set_edge_shape	function	physics_fixture_set_edge_shape(fixture, local_x1, local_y1, local_x2, local_y2)	https://manual.gamemaker.io/monthly/en/GameMaker_Language/GML_Reference/Physics/Fixtures/physics_fixture_set_edge_shape.htm
Physics.Fixtures.physics_fixture_set_friction	physics_fixture_set_friction	function	physics_fixture_set_friction(fixture, friction)	https://manual.gamemaker.io/monthly/en/GameMaker_Language/GML_Reference/Physics/Fixtures/physics_fixture_set_friction.htm
Physics.Fixtures.physics_fixture_set_kinematic	physics_fixture_set_kinematic	function	physics_fixture_set_kinematic(fixture)	https://manual.gamemaker.io/monthly/en/GameMaker_Language/GML_Reference/Physics/Fixtures/physics_fixture_set_kinematic.htm
Physics.Fixtures.physics_fixture_set_linear_damping	physics_fixture_set_linear_damping	function	physics_fixture_set_linear_damping(fixture, damping)	https://manual.gamemaker.io/monthly/en/GameMaker_Language/GML_Reference/Physics/Fixtures/physics_fixture_set_linear_damping.htm
Physics.Fixtures.physics_fixture_set_polygon_shape	physics_fixture_set_polygon_shape	function	physics_fixture_set_polygon_shape(fixture)	https://manual.gamemaker.io/monthly/en/GameMaker_Language/GML_Reference/Physics/Fixtures/physics_fixture_set_polygon_shape.htm
Physics.Fixtures.physics_fixture_set_restitution	physics_fixture_set_restitution	function	physics_fixture_set_restitution(fixture, restitution)	https://manual.gamemaker.io/monthly/en/GameMaker_Language/GML_Reference/Physics/Fixtures/physics_fixture_set_restitution.htm
Physics.Fixtures.physics_fixture_set_sensor	physics_fixture_set_sensor	function	physics_fixture_set_sensor(fixture, state)	https://manual.gamemaker.io/monthly/en/GameMaker_Language/GML_Reference/Physics/Fixtures/physics_fixture_set_sensor.htm
Physics.Fixtures.physics_get_density	physics_get_density	function	physics_get_density(fixture)	https://manual.gamemaker.io/monthly/en/GameMaker_Language/GML_Reference/Physics/Fixtures/physics_get_density.htm
Physics.Fixtures.physics_get_friction	physics_get_friction	function	physics_get_friction(fixture)	https://manual.gamemaker.io/monthly/en/GameMaker_Language/GML_Reference/Physics/Fixtures/physics_get_friction.htm
Physics.Fixtures.physics_get_restitution	physics_get_restitution	function	physics_get_restitution(fixture)	https://manual.gamemaker.io/monthly/en/GameMaker_Language/GML_Reference/Physics/Fixtures/physics_get_restitution.htm
Physics.Fixtures.physics_remove_fixture	physics_remove_fixture	function	physics_remove_fixture(id, fixture);	https://manual.gamemaker.io/monthly/en/GameMaker_Language/GML_Reference/Physics/Fixtures/physics_remove_fixture.htm
Physics.Fixtures.physics_set_density	physics_set_density	function	physics_set_density(fixture, density)	https://manual.gamemaker.io/monthly/en/GameMaker_Language/GML_Reference/Physics/Fixtures/physics_set_density.htm
Physics.Fixtures.physics_set_friction	physics_set_friction	function	physics_set_friction(fixture, friction)	https://manual.gamemaker.io/monthly/en/GameMaker_Language/GML_Reference/Physics/Fixtures/physics_set_friction.htm
Physics.Fixtures.physics_set_restitution	physics_set_restitution	function	physics_set_restitution(fixture, restitution)	https://manual.gamemaker.io/monthly/en/GameMaker_Language/GML_Reference/Physics/Fixtures/physics_set_restitution.htm
Physics.Forces.physics_apply_angular_impulse	physics_apply_angular_impulse	function	physics_apply_angular_impulse(impulse)	https://manual.gamemaker.io/monthly/en/GameMaker_Language/GML_Reference/Physics/Forces/physics_apply_angular_impulse.htm
Physics.Forces.physics_apply_force	physics_apply_force	function	physics_apply_force(xpos, ypos, xforce, yforce)	https://manual.gamemaker.io/monthly/en/GameMaker_Language/GML_Reference/Physics/Forces/physics_apply_force.htm
Physics.Forces.physics_apply_impulse	physics_apply_impulse	function	physics_apply_impulse(xpos, ypos, ximpulse, yimpulse)	https://manual.gamemaker.io/monthly/en/GameMaker_Language/GML_Reference/Physics/Forces/physics_apply_impulse.htm
Physics.Forces.physics_apply_local_force	physics_apply_local_force	function	physics_apply_local_force(xlocal, ylocal, xforce, yforce)	https://manual.gamemaker.io/monthly/en/GameMaker_Language/GML_Reference/Physics/Forces/physics_apply_local_force.htm
Physics.Forces.physics_apply_local_impulse	physics_apply_local_impulse	function	physics_apply_local_impulse(xpos, ypos, ximpulse, yimpulse)	https://manual.gamemaker.io/monthly/en/GameMaker_Language/GML_Reference/Physics/Forces/physics_apply_local_impulse.htm
Physics.Forces.physics_apply_torque	physics_apply_torque	function	physics_apply_torque(torque)	https://manual.gamemaker.io/monthly/en/GameMaker_Language/GML_Reference/Physics/Forces/physics_apply_torque.htm
Physics.Joints.phy_joint_anchor_1_x	phy_joint_anchor_1_x	constant	phy_joint_anchor_1_x	https://manual.gamemaker.io/monthly/en/GameMaker_Language/GML_Reference/Physics/Joints/Physics_Joint_Constants.htm
Physics.Joints.phy_joint_anchor_1_y	phy_joint_anchor_1_y	constant	phy_joint_anchor_1_y	https://manual.gamemaker.io/monthly/en/GameMaker_Language/GML_Reference/Physics/Joints/Physics_Joint_Constants.htm
Physics.Joints.phy_joint_anchor_2_x	phy_joint_anchor_2_x	constant	phy_joint_anchor_2_x	https://manual.gamemaker.io/monthly/en/GameMaker_Language/GML_Reference/Physics/Joints/Physics_Joint_Constants.htm
Physics.Joints.phy_joint_anchor_2_y	phy_joint_anchor_2_y	constant	phy_joint_anchor_2_y	https://manual.gamemaker.io/monthly/en/GameMaker_Language/GML_Reference/Physics/Joints/Physics_Joint_Constants.htm
Physics.Joints.phy_joint_angle	phy_joint_angle	constant	phy_joint_angle	https://manual.gamemaker.io/monthly/en/GameMaker_Language/GML_Reference/Physics/Joints/Physics_Joint_Constants.htm
Physics.Joints.phy_joint_angle_limits	phy_joint_angle_limits	constant	phy_joint_angle_limits	https://manual.gamemaker.io/monthly/en/GameMaker_Language/GML_Reference/Physics/Joints/Physics_Joint_Constants.htm
Physics.Joints.phy_joint_damping_ratio	phy_joint_damping_ratio	constant	phy_joint_damping_ratio	https://manual.gamemaker.io/monthly/en/GameMaker_Language/GML_Reference/Physics/Joints/Physics_Joint_Constants.htm
Physics.Joints.phy_joint_frequency	phy_joint_frequency	constant	phy_joint_frequency	https://manual.gamemaker.io/monthly/en/GameMaker_Language/GML_Reference/Physics/Joints/Physics_Joint_Constants.htm
Physics.Joints.phy_joint_length_1	phy_joint_length_1	constant	phy_joint_length_1	https://manual.gamemaker.io/monthly/en/GameMaker_Language/GML_Reference/Physics/Joints/Physics_Joint_Constants.htm
Physics.Joints.phy_joint_length_2	phy_joint_length_2	constant	phy_joint_length_2	https://manual.gamemaker.io/monthly/en/GameMaker_Language/GML_Reference/Physics/Joints/Physics_Joint_Constants.htm
Physics.Joints.phy_joint_lower_angle_limit	phy_joint_lower_angle_limit	constant	phy_joint_lower_angle_limit	https://manual.gamemaker.io/monthly/en/GameMaker_Language/GML_Reference/Physics/Joints/Physics_Joint_Constants.htm
Physics.Joints.phy_joint_max_force	phy_joint_max_force	constant	phy_joint_max_force	https://manual.gamemaker.io/monthly/en/GameMaker_Language/GML_Reference/Physics/Joints/Physics_Joint_Constants.htm
Physics.Joints.phy_joint_max_length	phy_joint_max_length	constant	phy_joint_max_length	https://manual.gamemaker.io/monthly/en/GameMaker_Language/GML_Reference/Physics/Joints/Physics_Joint_Constants.htm
Physics.Joints.phy_joint_max_motor_force	phy_joint_max_motor_force	constant	phy_joint_max_motor_force	https://manual.gamemaker.io/monthly/en/GameMaker_Language/GML_Reference/Physics/Joints/Physics_Joint_Constants.htm
Physics.Joints.phy_joint_max_motor_torque	phy_joint_max_motor_torque	constant	phy_joint_max_motor_torque	https://manual.gamemaker.io/monthly/en/GameMaker_Language/GML_Reference/Physics/Joints/Physics_Joint_Constants.htm
Physics.Joints.phy_joint_max_torque	phy_joint_max_torque	constant	phy_joint_max_torque	https://manual.gamemaker.io/monthly/en/GameMaker_Language/GML_Reference/Physics/Joints/Physics_Joint_Constants.htm
Physics.Joints.phy_joint_motor_force	phy_joint_motor_force	constant	phy_joint_motor_force	https://manual.gamemaker.io/monthly/en/GameMaker_Language/GML_Reference/Physics/Joints/Physics_Joint_Constants.htm
Physics.Joints.phy_joint_motor_speed	phy_joint_motor_speed	constant	phy_joint_motor_speed	https://manual.gamemaker.io/monthly/en/GameMaker_Language/GML_Reference/Physics/Joints/Physics_Joint_Constants.htm
Physics.Joints.phy_joint_motor_torque	phy_joint_motor_torque	constant	phy_joint_motor_torque	https://manual.gamemaker.io/monthly/en/GameMaker_Language/GML_Reference/Physics/Joints/Physics_Joint_Constants.htm
Physics.Joints.phy_joint_reaction_force_x	phy_joint_reaction_force_x	constant	phy_joint_reaction_force_x	https://manual.gamemaker.io/monthly/en/GameMaker_Language/GML_Reference/Physics/Joints/Physics_Joint_Constants.htm
Physics.Joints.phy_joint_reaction_force_y	phy_joint_reaction_force_y	constant	phy_joint_reaction_force_y	https://manual.gamemaker.io/monthly/en/GameMaker_Language/GML_Reference/Physics/Joints/Physics_Joint_Constants.htm
Physics.Joints.phy_joint_reaction_torque	phy_joint_reaction_torque	constant	phy_joint_reaction_torque	https://manual.gamemaker.io/monthly/en/GameMaker_Language/GML_Reference/Physics/Joints/Physics_Joint_Constants.htm
Physics.Joints.phy_joint_speed	phy_joint_speed	constant	phy_joint_speed	https://manual.gamemaker.io/monthly/en/GameMaker_Language/GML_Reference/Physics/Joints/Physics_Joint_Constants.htm
Physics.Joints.phy_joint_translation	phy_joint_translation	constant	phy_joint_translation	https://manual.gamemaker.io/monthly/en/GameMaker_Language/GML_Reference/Physics/Joints/Physics_Joint_Constants.htm
Physics.Joints.phy_joint_upper_angle_limit	phy_joint_upper_angle_limit	constant	phy_joint_upper_angle_limit	https://manual.gamemaker.io/monthly/en/GameMaker_Language/GML_Reference/Physics/Joints/Physics_Joint_Constants.htm
Physics.Joints.physics_joint_delete	physics_joint_delete	function	physics_joint_delete(joint)	https://manual.gamemaker.io/monthly/en/GameMaker_Language/GML_Reference/Physics/Joints/physics_joint_delete.htm
Physics.Joints.physics_joint_distance_create	physics_joint_distance_create	function	physics_joint_distance_create(inst1, inst2, w_anchor1_x, w_anchor1_y, w_anchor2_x, w_anchor2_y, col)	https://manual.gamemaker.io/monthly/en/GameMaker_Language/GML_Reference/Physics/Joints/physics_joint_distance_create.htm
Physics.Joints.physics_joint_enable_motor	physics_joint_enable_motor	function	physics_joint_enable_motor(joint, motor)	https://manual.gamemaker.io/monthly/en/GameMaker_Language/GML_Reference/Physics/Joints/physics_joint_enable_motor.htm
Physics.Joints.physics_joint_friction_create	physics_joint_friction_create	function	physics_joint_friction_create(inst1, inst2, anchor_x, anchor_y, max_force, max_torque, col)	https://manual.gamemaker.io/monthly/en/GameMaker_Language/GML_Reference/Physics/Joints/physics_joint_friction_create.htm
Physics.Joints.physics_joint_gear_create	physics_joint_gear_create	function	physics_joint_gear_create(inst1, inst2, joint_1, joint_2, ratio)	https://manual.gamemaker.io/monthly/en/GameMaker_Language/GML_Reference/Physics/Joints/physics_joint_gear_create.htm
Physics.Joints.physics_joint_get_value	physics_joint_get_value	function	physics_joint_get_value(joint, value)	https://manual.gamemaker.io/monthly/en/GameMaker_Language/GML_Reference/Physics/Joints/physics_joint_get_value.htm
Physics.Joints.physics_joint_prismatic_create	physics_joint_prismatic_create	function	physics_joint_prismatic_create(inst1, inst2, w_anchor_x, w_anchor_y, w_axis_x, w_axis_x, lower_trans_limit, upper_trans_limit, limit, max_motor_force, motor_speed, motor, col)	https://manual.gamemaker.io/monthly/en/GameMaker_Language/GML_Reference/Physics/Joints/physics_joint_prismatic_create.htm
Physics.Joints.physics_joint_pulley_create	physics_joint_pulley_create	function	physics_joint_pulley_create(inst1, inst2, w_anchor1_x, w_anchor1_y, w_anchor2_x, w_anchor2_y, l_anchor1_x, l_anchor1_y, l_anchor2_x, l_anchor2_y, ratio, col)	https://manual.gamemaker.io/monthly/en/GameMaker_Language/GML_Reference/Physics/Joints/physics_joint_pulley_create.htm
Physics.Joints.physics_joint_revolute_create	physics_joint_revolute_create	function	physics_joint_revolute_create(inst1, inst2, w_anchor_x, w_anchor_y, ang_min_limt, ang_max_limit, ang_limit, max_motor_torque, motor_speed, motor, col)	https://manual.gamemaker.io/monthly/en/GameMaker_Language/GML_Reference/Physics/Joints/physics_joint_revolute_create.htm
Physics.Joints.physics_joint_rope_create	physics_joint_rope_create	function	physics_joint_rope_create(inst1, inst2, w_anchor1_x, w_anchor1_y, w_anchor2_x, w_anchor2_y, maxlength, col)	https://manual.gamemaker.io/monthly/en/GameMaker_Language/GML_Reference/Physics/Joints/physics_joint_rope_create.htm
Physics.Joints.physics_joint_set_value	physics_joint_set_value	function	physics_joint_set_value(joint, field, value)	https://manual.gamemaker.io/monthly/en/GameMaker_Language/GML_Reference/Physics/Joints/physics_joint_set_value.htm
Physics.Joints.physics_joint_weld_create	physics_joint_weld_create	function	physics_joint_weld_create(inst1, inst2, anchor_x, anchor_y, ref_angle, freq_hz, damping_ratio, col)	https://manual.gamemaker.io/monthly/en/GameMaker_Language/GML_Reference/Physics/Joints/physics_joint_weld_create.htm
Physics.Joints.physics_joint_wheel_create	physics_joint_wheel_create	function	physics_joint_wheel_create(inst1, inst2, anchor_x, anchor_y, axis_x, axis_y, enableMotor, max_motor_torque, motor_speed, freq_hz, damping_ratio, col)	https://manual.gamemaker.io/monthly/en/GameMaker_Language/GML_Reference/Physics/Joints/physics_joint_wheel_create.htm
Physics.Physics_Variables.phy_active	phy_active	variable	phy_active	https://manual.gamemaker.io/monthly/en/GameMaker_Language/GML_Reference/Physics/Physics_Variables/phy_active.htm
Physics.Physics_Variables.phy_angular_damping	phy_angular_damping	variable	phy_angular_damping;	https://manual.gamemaker.io/monthly/en/GameMaker_Language/GML_Reference/Physics/Physics_Variables/phy_angular_damping.htm
Physics.Physics_Variables.phy_angular_velocity	phy_angular_velocity	variable	phy_angular_velocity;	https://manual.gamemaker.io/monthly/en/GameMaker_Language/GML_Reference/Physics/Physics_Variables/phy_angular_velocity.htm
Physics.Physics_Variables.phy_bullet	phy_bullet	variable	phy_bullet;	https://manual.gamemaker.io/monthly/en/GameMaker_Language/GML_Reference/Physics/Physics_Variables/phy_bullet.htm
Physics.Physics_Variables.phy_col_normal_x	phy_col_normal_x	variable	phy_col_normal_x[index]	https://manual.gamemaker.io/monthly/en/GameMaker_Language/GML_Reference/Physics/Physics_Variables/phy_col_normal_x.htm
Physics.Physics_Variables.phy_col_normal_y	phy_col_normal_y	variable	phy_col_normal_y[index]	https://manual.gamemaker.io/monthly/en/GameMaker_Language/GML_Reference/Physics/Physics_Variables/phy_col_normal_y.htm
Physics.Physics_Variables.phy_collision_points	phy_collision_points	variable	phy_collision_points	https://manual.gamemaker.io/monthly/en/GameMaker_Language/GML_Reference/Physics/Physics_Variables/phy_collision_points.htm
Physics.Physics_Variables.phy_collision_x	phy_collision_x	variable	phy_collision_x[index]	https://manual.gamemaker.io/monthly/en/GameMaker_Language/GML_Reference/Physics/Physics_Variables/phy_collision_x.htm
Physics.Physics_Variables.phy_collision_y	phy_collision_y	variable	phy_collision_y[index]	https://manual.gamemaker.io/monthly/en/GameMaker_Language/GML_Reference/Physics/Physics_Variables/phy_collision_y.htm
Physics.Physics_Variables.phy_com_x	phy_com_x	variable	phy_com_x;	https://manual.gamemaker.io/monthly/en/GameMaker_Language/GML_Reference/Physics/Physics_Variables/phy_com_x.htm
Physics.Physics_Variables.phy_com_y	phy_com_y	variable	phy_com_y;	https://manual.gamemaker.io/monthly/en/GameMaker_Language/GML_Reference/Physics/Physics_Variables/phy_com_y.htm
Physics.Physics_Variables.phy_dynamic	phy_dynamic	variable	phy_dynamic;	https://manual.gamemaker.io/monthly/en/GameMaker_Language/GML_Reference/Physics/Physics_Variables/phy_dynamic.htm
Physics.Physics_Variables.phy_fixed_rotation	phy_fixed_rotation	variable	phy_fixed_rotation;	https://manual.gamemaker.io/monthly/en/GameMaker_Language/GML_Reference/Physics/Physics_Variables/phy_fixed_rotation.htm
Physics.Physics_Variables.phy_inertia	phy_inertia	variable	phy_inertia;	https://manual.gamemaker.io/monthly/en/GameMaker_Language/GML_Reference/Physics/Physics_Variables/phy_inertia.htm
Physics.Physics_Variables.phy_kinematic	phy_kinematic	variable	phy_kinematic;	https://manual.gamemaker.io/monthly/en/GameMaker_Language/GML_Reference/Physics/Physics_Variables/phy_kinematic.htm
Physics.Physics_Variables.phy_linear_damping	phy_linear_damping	variable	phy_linear_damping;	https://manual.gamemaker.io/monthly/en/GameMaker_Language/GML_Reference/Physics/Physics_Variables/phy_linear_damping.htm
Physics.Physics_Variables.phy_linear_velocity_x	phy_linear_velocity_x	variable	phy_linear_velocity_x;	https://manual.gamemaker.io/monthly/en/GameMaker_Language/GML_Reference/Physics/Physics_Variables/phy_linear_velocity_x.htm
Physics.Physics_Variables.phy_linear_velocity_y	phy_linear_velocity_y	variable	phy_linear_velocity_y;	https://manual.gamemaker.io/monthly/en/GameMaker_Language/GML_Reference/Physics/Physics_Variables/phy_linear_velocity_y.htm
Physics.Physics_Variables.phy_mass	phy_mass	variable	phy_mass;	https://manual.gamemaker.io/monthly/en/GameMaker_Language/GML_Reference/Physics/Physics_Variables/phy_mass.htm
Physics.Physics_Variables.phy_position_x	phy_position_x	variable	phy_position_x;	https://manual.gamemaker.io/monthly/en/GameMaker_Language/GML_Reference/Physics/Physics_Variables/phy_position_x.htm
Physics.Physics_Variables.phy_position_xprevious	phy_position_xprevious	variable	phy_position_xprevious;	https://manual.gamemaker.io/monthly/en/GameMaker_Language/GML_Reference/Physics/Physics_Variables/phy_position_xprevious.htm
Physics.Physics_Variables.phy_position_y	phy_position_y	variable	phy_position_y;	https://manual.gamemaker.io/monthly/en/GameMaker_Language/GML_Reference/Physics/Physics_Variables/phy_position_y.htm
Physics.Physics_Variables.phy_position_yprevious	phy_position_yprevious	variable	phy_position_yprevious;	https://manual.gamemaker.io/monthly/en/GameMaker_Language/GML_Reference/Physics/Physics_Variables/phy_position_yprevious.htm
Physics.Physics_Variables.phy_rotation	phy_rotation	variable	phy_rotation;	https://manual.gamemaker.io/monthly/en/GameMaker_Language/GML_Reference/Physics/Physics_Variables/phy_rotation.htm
Physics.Physics_Variables.phy_sleeping	phy_sleeping	variable	phy_sleeping;	https://manual.gamemaker.io/monthly/en/GameMaker_Language/GML_Reference/Physics/Physics_Variables/phy_sleeping.htm
Physics.Physics_Variables.phy_speed	phy_speed	variable	phy_speed;	https://manual.gamemaker.io/monthly/en/GameMaker_Language/GML_Reference/Physics/Physics_Variables/phy_speed.htm
Physics.Physics_Variables.phy_speed_x	phy_speed_x	variable	phy_speed_x;	https://manual.gamemaker.io/monthly/en/GameMaker_Language/GML_Reference/Physics/Physics_Variables/phy_speed_x.htm
Physics.Physics_Variables.phy_speed_y	phy_speed_y	variable	phy_speed_y;	https://manual.gamemaker.io/monthly/en/GameMaker_Language/GML_Reference/Physics/Physics_Variables/phy_speed_y.htm
Physics.Soft_Body_Particles.physics_particle_count	physics_particle_count	function	physics_particle_count()	https://manual.gamemaker.io/monthly/en/GameMaker_Language/GML_Reference/Physics/Soft_Body_Particles/physics_particle_count.htm
Physics.Soft_Body_Particles.physics_particle_create	physics_particle_create	function	physics_particle_create(flags, x, y, xv, yv, col, alpha, category)	https://manual.gamemaker.io/monthly/en/GameMaker_Language/GML_Reference/Physics/Soft_Body_Particles/physics_particle_create.htm
Physics.Soft_Body_Particles.physics_particle_create	physics_particle_create	function	physics_particle_create(flags, x, y, xv, yv, col, alpha, category)	https://manual.gamemaker.io/monthly/en/GameMaker_Language/GML_Reference/Physics/Soft_Body_Particles/physics_particle_create.htm
Physics.Soft_Body_Particles.physics_particle_create	physics_particle_create	function	physics_particle_create(flags, x, y, xv, yv, col, alpha, category)	https://manual.gamemaker.io/monthly/en/GameMaker_Language/GML_Reference/Physics/Soft_Body_Particles/physics_particle_create.htm
Physics.Soft_Body_Particles.physics_particle_create	physics_particle_create	function	physics_particle_create(flags, x, y, xv, yv, col, alpha, category)	https://manual.gamemaker.io/monthly/en/GameMaker_Language/GML_Reference/Physics/Soft_Body_Particles/physics_particle_create.htm
Physics.Soft_Body_Particles.physics_particle_create	physics_particle_create	function	physics_particle_create(flags, x, y, xv, yv, col, alpha, category)	https://manual.gamemaker.io/monthly/en/GameMaker_Language/GML_Reference/Physics/Soft_Body_Particles/physics_particle_create.htm
Physics.Soft_Body_Particles.physics_particle_create	physics_particle_create	function	physics_particle_create(flags, x, y, xv, yv, col, alpha, category)	https://manual.gamemaker.io/monthly/en/GameMaker_Language/GML_Reference/Physics/Soft_Body_Particles/physics_particle_create.htm
Physics.Soft_Body_Particles.physics_particle_create	physics_particle_create	function	physics_particle_create(flags, x, y, xv, yv, col, alpha, category)	https://manual.gamemaker.io/monthly/en/GameMaker_Language/GML_Reference/Physics/Soft_Body_Particles/physics_particle_create.htm
Physics.Soft_Body_Particles.physics_particle_create	physics_particle_create	function	physics_particle_create(flags, x, y, xv, yv, col, alpha, category)	https://manual.gamemaker.io/monthly/en/GameMaker_Language/GML_Reference/Physics/Soft_Body_Particles/physics_particle_create.htm
Physics.Soft_Body_Particles.physics_particle_create	physics_particle_create	function	physics_particle_create(flags, x, y, xv, yv, col, alpha, category)	https://manual.gamemaker.io/monthly/en/GameMaker_Language/GML_Reference/Physics/Soft_Body_Particles/physics_particle_create.htm
Physics.Soft_Body_Particles.physics_particle_create	physics_particle_create	function	physics_particle_create(flags, x, y, xv, yv, col, alpha, category)	https://manual.gamemaker.io/monthly/en/GameMaker_Language/GML_Reference/Physics/Soft_Body_Particles/physics_particle_create.htm
Physics.Soft_Body_Particles.physics_particle_create	physics_particle_create	function	physics_particle_create(flags, x, y, xv, yv, col, alpha, category)	https://manual.gamemaker.io/monthly/en/GameMaker_Language/GML_Reference/Physics/Soft_Body_Particles/physics_particle_create.htm
Physics.Soft_Body_Particles.physics_particle_delete	physics_particle_delete	function	physics_particle_delete(part);	https://manual.gamemaker.io/monthly/en/GameMaker_Language/GML_Reference/Physics/Soft_Body_Particles/physics_particle_delete.htm
Physics.Soft_Body_Particles.physics_particle_delete_region_box	physics_particle_delete_region_box	function	physics_particle_delete_region_box(x, y, halfWidth, halfHeight)	https://manual.gamemaker.io/monthly/en/GameMaker_Language/GML_Reference/Physics/Soft_Body_Particles/physics_particle_delete_region_box.htm
Physics.Soft_Body_Particles.physics_particle_delete_region_circle	physics_particle_delete_region_circle	function	physics_particle_delete_region_circle(x, y, radius)	https://manual.gamemaker.io/monthly/en/GameMaker_Language/GML_Reference/Physics/Soft_Body_Particles/physics_particle_delete_region_circle.htm
Physics.Soft_Body_Particles.physics_particle_delete_region_poly	physics_particle_delete_region_poly	function	physics_particle_delete_region_poly(pointList)	https://manual.gamemaker.io/monthly/en/GameMaker_Language/GML_Reference/Physics/Soft_Body_Particles/physics_particle_delete_region_poly.htm
Physics.Soft_Body_Particles.physics_particle_draw	physics_particle_draw	function	physics_particle_draw(typemask, category, sprite, subimg)	https://manual.gamemaker.io/monthly/en/GameMaker_Language/GML_Reference/Physics/Soft_Body_Particles/physics_particle_draw.htm
Physics.Soft_Body_Particles.physics_particle_draw_ext	physics_particle_draw_ext	function	physics_particle_draw_ext(typemask, category, sprite, subimg, xscale, yscale, ang, col, alpha)	https://manual.gamemaker.io/monthly/en/GameMaker_Language/GML_Reference/Physics/Soft_Body_Particles/physics_particle_draw_ext.htm
Physics.Soft_Body_Particles.physics_particle_get_damping	physics_particle_get_damping	function	physics_particle_get_damping()	https://manual.gamemaker.io/monthly/en/GameMaker_Language/GML_Reference/Physics/Soft_Body_Particles/physics_particle_get_damping.htm
Physics.Soft_Body_Particles.physics_particle_get_data	physics_particle_get_data	function	physics_particle_get_data(buffer, flags)	https://manual.gamemaker.io/monthly/en/GameMaker_Language/GML_Reference/Physics/Soft_Body_Particles/physics_particle_get_data.htm
Physics.Soft_Body_Particles.physics_particle_get_data	physics_particle_get_data	function	physics_particle_get_data(buffer, flags)	https://manual.gamemaker.io/monthly/en/GameMaker_Language/GML_Reference/Physics/Soft_Body_Particles/physics_particle_get_data.htm
Physics.Soft_Body_Particles.physics_particle_get_data	physics_particle_get_data	function	physics_particle_get_data(buffer, flags)	https://manual.gamemaker.io/monthly/en/GameMaker_Language/GML_Reference/Physics/Soft_Body_Particles/physics_particle_get_data.htm
Physics.Soft_Body_Particles.physics_particle_get_data	physics_particle_get_data	function	physics_particle_get_data(buffer, flags)	https://manual.gamemaker.io/monthly/en/GameMaker_Language/GML_Reference/Physics/Soft_Body_Particles/physics_particle_get_data.htm
Physics.Soft_Body_Particles.physics_particle_get_data	physics_particle_get_data	function	physics_particle_get_data(buffer, flags)	https://manual.gamemaker.io/monthly/en/GameMaker_Language/GML_Reference/Physics/Soft_Body_Particles/physics_particle_get_data.htm
Physics.Soft_Body_Particles.physics_particle_get_data	physics_particle_get_data	function	physics_particle_get_data(buffer, flags)	https://manual.gamemaker.io/monthly/en/GameMaker_Language/GML_Reference/Physics/Soft_Body_Particles/physics_particle_get_data.htm
Physics.Soft_Body_Particles.physics_particle_get_data	physics_particle_get_data	function	physics_particle_get_data(buffer, flags)	https://manual.gamemaker.io/monthly/en/GameMaker_Language/GML_Reference/Physics/Soft_Body_Particles/physics_particle_get_data.htm
Physics.Soft_Body_Particles.physics_particle_get_data_particle	physics_particle_get_data_particle	function	physics_particle_get_data_particle(ind, buffer, flags)	https://manual.gamemaker.io/monthly/en/GameMaker_Language/GML_Reference/Physics/Soft_Body_Particles/physics_particle_get_data_particle.htm
Physics.Soft_Body_Particles.physics_particle_get_data_particle	physics_particle_get_data_particle	function	physics_particle_get_data_particle(ind, buffer, flags)	https://manual.gamemaker.io/monthly/en/GameMaker_Language/GML_Reference/Physics/Soft_Body_Particles/physics_particle_get_data_particle.htm
Physics.Soft_Body_Particles.physics_particle_get_data_particle	physics_particle_get_data_particle	function	physics_particle_get_data_particle(ind, buffer, flags)	https://manual.gamemaker.io/monthly/en/GameMaker_Language/GML_Reference/Physics/Soft_Body_Particles/physics_particle_get_data_particle.htm
Physics.Soft_Body_Particles.physics_particle_get_data_particle	physics_particle_get_data_particle	function	physics_particle_get_data_particle(ind, buffer, flags)	https://manual.gamemaker.io/monthly/en/GameMaker_Language/GML_Reference/Physics/Soft_Body_Particles/physics_particle_get_data_particle.htm
Physics.Soft_Body_Particles.physics_particle_get_data_particle	physics_particle_get_data_particle	function	physics_particle_get_data_particle(ind, buffer, flags)	https://manual.gamemaker.io/monthly/en/GameMaker_Language/GML_Reference/Physics/Soft_Body_Particles/physics_particle_get_data_particle.htm
Physics.Soft_Body_Particles.physics_particle_get_data_particle	physics_particle_get_data_particle	function	physics_particle_get_data_particle(ind, buffer, flags)	https://manual.gamemaker.io/monthly/en/GameMaker_Language/GML_Reference/Physics/Soft_Body_Particles/physics_particle_get_data_particle.htm
Physics.Soft_Body_Particles.physics_particle_get_data_particle	physics_particle_get_data_particle	function	physics_particle_get_data_particle(ind, buffer, flags)	https://manual.gamemaker.io/monthly/en/GameMaker_Language/GML_Reference/Physics/Soft_Body_Particles/physics_particle_get_data_particle.htm
Physics.Soft_Body_Particles.physics_particle_get_density	physics_particle_get_density	unknown	undefined	https://manual.gamemaker.io/monthly/en/GameMaker_Language/GML_Reference/Physics/Soft_Body_Particles/physics_particle_get_density.htm
Physics.Soft_Body_Particles.physics_particle_get_gravity_scale	physics_particle_get_gravity_scale	function	physics_particle_get_gravity_scale()	https://manual.gamemaker.io/monthly/en/GameMaker_Language/GML_Reference/Physics/Soft_Body_Particles/physics_particle_get_gravity_scale.htm
Physics.Soft_Body_Particles.physics_particle_get_group_flags	physics_particle_get_group_flags	function	physics_particle_get_group_flags(group)	https://manual.gamemaker.io/monthly/en/GameMaker_Language/GML_Reference/Physics/Soft_Body_Particles/physics_particle_get_group_flags.htm
Physics.Soft_Body_Particles.physics_particle_get_max_count	physics_particle_get_max_count	function	physics_particle_get_max_count()	https://manual.gamemaker.io/monthly/en/GameMaker_Language/GML_Reference/Physics/Soft_Body_Particles/physics_particle_get_max_count.htm
Physics.Soft_Body_Particles.physics_particle_get_radius	physics_particle_get_radius	function	physics_particle_get_radius()	https://manual.gamemaker.io/monthly/en/GameMaker_Language/GML_Reference/Physics/Soft_Body_Particles/physics_particle_get_radius.htm
Physics.Soft_Body_Particles.physics_particle_group_add_point	physics_particle_group_add_point	function	physics_particle_group_add_point(x, y)	https://manual.gamemaker.io/monthly/en/GameMaker_Language/GML_Reference/Physics/Soft_Body_Particles/physics_particle_group_add_point.htm
Physics.Soft_Body_Particles.physics_particle_group_begin	physics_particle_group_begin	function	physics_particle_group_begin(flags, groupflags, x, y, ang, xv, yv, ang_velocity, col, alpha, strength, category)	https://manual.gamemaker.io/monthly/en/GameMaker_Language/GML_Reference/Physics/Soft_Body_Particles/physics_particle_group_begin.htm
Physics.Soft_Body_Particles.physics_particle_group_begin	physics_particle_group_begin	function	physics_particle_group_begin(flags, groupflags, x, y, ang, xv, yv, ang_velocity, col, alpha, strength, category)	https://manual.gamemaker.io/monthly/en/GameMaker_Language/GML_Reference/Physics/Soft_Body_Particles/physics_particle_group_begin.htm
Physics.Soft_Body_Particles.physics_particle_group_begin	physics_particle_group_begin	function	physics_particle_group_begin(flags, groupflags, x, y, ang, xv, yv, ang_velocity, col, alpha, strength, category)	https://manual.gamemaker.io/monthly/en/GameMaker_Language/GML_Reference/Physics/Soft_Body_Particles/physics_particle_group_begin.htm
Physics.Soft_Body_Particles.physics_particle_group_box	physics_particle_group_box	function	physics_particle_group_box(halfWidth, halfHeight)	https://manual.gamemaker.io/monthly/en/GameMaker_Language/GML_Reference/Physics/Soft_Body_Particles/physics_particle_group_box.htm
Physics.Soft_Body_Particles.physics_particle_group_circle	physics_particle_group_circle	function	physics_particle_group_circle(radius)	https://manual.gamemaker.io/monthly/en/GameMaker_Language/GML_Reference/Physics/Soft_Body_Particles/physics_particle_group_circle.htm
Physics.Soft_Body_Particles.physics_particle_group_count	physics_particle_group_count	function	physics_particle_group_count(group)	https://manual.gamemaker.io/monthly/en/GameMaker_Language/GML_Reference/Physics/Soft_Body_Particles/physics_particle_group_count.htm
Physics.Soft_Body_Particles.physics_particle_group_delete	physics_particle_group_delete	function	physics_particle_group_delete(ind)	https://manual.gamemaker.io/monthly/en/GameMaker_Language/GML_Reference/Physics/Soft_Body_Particles/physics_particle_group_delete.htm
Physics.Soft_Body_Particles.physics_particle_group_end	physics_particle_group_end	function	physics_particle_group_end()	https://manual.gamemaker.io/monthly/en/GameMaker_Language/GML_Reference/Physics/Soft_Body_Particles/physics_particle_group_end.htm
Physics.Soft_Body_Particles.physics_particle_group_get_ang_vel	physics_particle_group_get_ang_vel	function	physics_particle_group_get_ang_vel(group)	https://manual.gamemaker.io/monthly/en/GameMaker_Language/GML_Reference/Physics/Soft_Body_Particles/physics_particle_group_get_ang_vel.htm
Physics.Soft_Body_Particles.physics_particle_group_get_angle	physics_particle_group_get_angle	function	physics_particle_group_get_angle(group)	https://manual.gamemaker.io/monthly/en/GameMaker_Language/GML_Reference/Physics/Soft_Body_Particles/physics_particle_group_get_angle.htm
Physics.Soft_Body_Particles.physics_particle_group_get_centre_x	physics_particle_group_get_centre_x	function	physics_particle_group_get_centre_x(group)	https://manual.gamemaker.io/monthly/en/GameMaker_Language/GML_Reference/Physics/Soft_Body_Particles/physics_particle_group_get_centre_x.htm
Physics.Soft_Body_Particles.physics_particle_group_get_centre_y	physics_particle_group_get_centre_y	function	physics_particle_group_get_centre_y(group)	https://manual.gamemaker.io/monthly/en/GameMaker_Language/GML_Reference/Physics/Soft_Body_Particles/physics_particle_group_get_centre_y.htm
Physics.Soft_Body_Particles.physics_particle_group_get_data	physics_particle_group_get_data	function	physics_particle_group_get_data(group, buffer, flags)	https://manual.gamemaker.io/monthly/en/GameMaker_Language/GML_Reference/Physics/Soft_Body_Particles/physics_particle_group_get_data.htm
Physics.Soft_Body_Particles.physics_particle_group_get_data	physics_particle_group_get_data	function	physics_particle_group_get_data(group, buffer, flags)	https://manual.gamemaker.io/monthly/en/GameMaker_Language/GML_Reference/Physics/Soft_Body_Particles/physics_particle_group_get_data.htm
Physics.Soft_Body_Particles.physics_particle_group_get_data	physics_particle_group_get_data	function	physics_particle_group_get_data(group, buffer, flags)	https://manual.gamemaker.io/monthly/en/GameMaker_Language/GML_Reference/Physics/Soft_Body_Particles/physics_particle_group_get_data.htm
Physics.Soft_Body_Particles.physics_particle_group_get_data	physics_particle_group_get_data	function	physics_particle_group_get_data(group, buffer, flags)	https://manual.gamemaker.io/monthly/en/GameMaker_Language/GML_Reference/Physics/Soft_Body_Particles/physics_particle_group_get_data.htm
Physics.Soft_Body_Particles.physics_particle_group_get_data	physics_particle_group_get_data	function	physics_particle_group_get_data(group, buffer, flags)	https://manual.gamemaker.io/monthly/en/GameMaker_Language/GML_Reference/Physics/Soft_Body_Particles/physics_particle_group_get_data.htm
Physics.Soft_Body_Particles.physics_particle_group_get_data	physics_particle_group_get_data	function	physics_particle_group_get_data(group, buffer, flags)	https://manual.gamemaker.io/monthly/en/GameMaker_Language/GML_Reference/Physics/Soft_Body_Particles/physics_particle_group_get_data.htm
Physics.Soft_Body_Particles.physics_particle_group_get_data	physics_particle_group_get_data	function	physics_particle_group_get_data(group, buffer, flags)	https://manual.gamemaker.io/monthly/en/GameMaker_Language/GML_Reference/Physics/Soft_Body_Particles/physics_particle_group_get_data.htm
Physics.Soft_Body_Particles.physics_particle_group_get_inertia	physics_particle_group_get_inertia	function	physics_particle_group_get_inertia(group)	https://manual.gamemaker.io/monthly/en/GameMaker_Language/GML_Reference/Physics/Soft_Body_Particles/physics_particle_group_get_inertia.htm
Physics.Soft_Body_Particles.physics_particle_group_get_mass	physics_particle_group_get_mass	function	physics_particle_group_get_mass(group)	https://manual.gamemaker.io/monthly/en/GameMaker_Language/GML_Reference/Physics/Soft_Body_Particles/physics_particle_group_get_mass.htm
Physics.Soft_Body_Particles.physics_particle_group_get_vel_x	physics_particle_group_get_vel_x	function	physics_particle_group_get_vel_x(group)	https://manual.gamemaker.io/monthly/en/GameMaker_Language/GML_Reference/Physics/Soft_Body_Particles/physics_particle_group_get_vel_x.htm
Physics.Soft_Body_Particles.physics_particle_group_get_vel_y	physics_particle_group_get_vel_y	function	physics_particle_group_get_vel_y(group)	https://manual.gamemaker.io/monthly/en/GameMaker_Language/GML_Reference/Physics/Soft_Body_Particles/physics_particle_group_get_vel_y.htm
Physics.Soft_Body_Particles.physics_particle_group_get_x	physics_particle_group_get_x	function	physics_particle_group_get_x(group)	https://manual.gamemaker.io/monthly/en/GameMaker_Language/GML_Reference/Physics/Soft_Body_Particles/physics_particle_group_get_x.htm
Physics.Soft_Body_Particles.physics_particle_group_get_y	physics_particle_group_get_y	function	physics_particle_group_get_y(group)	https://manual.gamemaker.io/monthly/en/GameMaker_Language/GML_Reference/Physics/Soft_Body_Particles/physics_particle_group_get_y.htm
Physics.Soft_Body_Particles.physics_particle_group_join	physics_particle_group_join	function	physics_particle_group_join(to, from)	https://manual.gamemaker.io/monthly/en/GameMaker_Language/GML_Reference/Physics/Soft_Body_Particles/physics_particle_group_join.htm
Physics.Soft_Body_Particles.physics_particle_group_polygon	physics_particle_group_polygon	function	physics_particle_group_polygon()	https://manual.gamemaker.io/monthly/en/GameMaker_Language/GML_Reference/Physics/Soft_Body_Particles/physics_particle_group_polygon.htm
Physics.Soft_Body_Particles.physics_particle_set_category_flags	physics_particle_set_category_flags	function	physics_particle_set_category_flags(category, flags)	https://manual.gamemaker.io/monthly/en/GameMaker_Language/GML_Reference/Physics/Soft_Body_Particles/physics_particle_set_category_flags.htm
Physics.Soft_Body_Particles.physics_particle_set_category_flags	physics_particle_set_category_flags	function	physics_particle_set_category_flags(category, flags)	https://manual.gamemaker.io/monthly/en/GameMaker_Language/GML_Reference/Physics/Soft_Body_Particles/physics_particle_set_category_flags.htm
Physics.Soft_Body_Particles.physics_particle_set_category_flags	physics_particle_set_category_flags	function	physics_particle_set_category_flags(category, flags)	https://manual.gamemaker.io/monthly/en/GameMaker_Language/GML_Reference/Physics/Soft_Body_Particles/physics_particle_set_category_flags.htm
Physics.Soft_Body_Particles.physics_particle_set_category_flags	physics_particle_set_category_flags	function	physics_particle_set_category_flags(category, flags)	https://manual.gamemaker.io/monthly/en/GameMaker_Language/GML_Reference/Physics/Soft_Body_Particles/physics_particle_set_category_flags.htm
Physics.Soft_Body_Particles.physics_particle_set_category_flags	physics_particle_set_category_flags	function	physics_particle_set_category_flags(category, flags)	https://manual.gamemaker.io/monthly/en/GameMaker_Language/GML_Reference/Physics/Soft_Body_Particles/physics_particle_set_category_flags.htm
Physics.Soft_Body_Particles.physics_particle_set_category_flags	physics_particle_set_category_flags	function	physics_particle_set_category_flags(category, flags)	https://manual.gamemaker.io/monthly/en/GameMaker_Language/GML_Reference/Physics/Soft_Body_Particles/physics_particle_set_category_flags.htm
Physics.Soft_Body_Particles.physics_particle_set_category_flags	physics_particle_set_category_flags	function	physics_particle_set_category_flags(category, flags)	https://manual.gamemaker.io/monthly/en/GameMaker_Language/GML_Reference/Physics/Soft_Body_Particles/physics_particle_set_category_flags.htm
Physics.Soft_Body_Particles.physics_particle_set_category_flags	physics_particle_set_category_flags	function	physics_particle_set_category_flags(category, flags)	https://manual.gamemaker.io/monthly/en/GameMaker_Language/GML_Reference/Physics/Soft_Body_Particles/physics_particle_set_category_flags.htm
Physics.Soft_Body_Particles.physics_particle_set_category_flags	physics_particle_set_category_flags	function	physics_particle_set_category_flags(category, flags)	https://manual.gamemaker.io/monthly/en/GameMaker_Language/GML_Reference/Physics/Soft_Body_Particles/physics_particle_set_category_flags.htm
Physics.Soft_Body_Particles.physics_particle_set_category_flags	physics_particle_set_category_flags	function	physics_particle_set_category_flags(category, flags)	https://manual.gamemaker.io/monthly/en/GameMaker_Language/GML_Reference/Physics/Soft_Body_Particles/physics_particle_set_category_flags.htm
Physics.Soft_Body_Particles.physics_particle_set_category_flags	physics_particle_set_category_flags	function	physics_particle_set_category_flags(category, flags)	https://manual.gamemaker.io/monthly/en/GameMaker_Language/GML_Reference/Physics/Soft_Body_Particles/physics_particle_set_category_flags.htm
Physics.Soft_Body_Particles.physics_particle_set_damping	physics_particle_set_damping	function	physics_particle_set_damping(damping)	https://manual.gamemaker.io/monthly/en/GameMaker_Language/GML_Reference/Physics/Soft_Body_Particles/physics_particle_set_damping.htm
Physics.Soft_Body_Particles.physics_particle_set_density	physics_particle_set_density	function	physics_particle_set_density(density)	https://manual.gamemaker.io/monthly/en/GameMaker_Language/GML_Reference/Physics/Soft_Body_Particles/physics_particle_set_density.htm
Physics.Soft_Body_Particles.physics_particle_set_flags	physics_particle_set_flags	function	physics_particle_set_flags(index, flags)	https://manual.gamemaker.io/monthly/en/GameMaker_Language/GML_Reference/Physics/Soft_Body_Particles/physics_particle_set_flags.htm
Physics.Soft_Body_Particles.physics_particle_set_flags	physics_particle_set_flags	function	physics_particle_set_flags(index, flags)	https://manual.gamemaker.io/monthly/en/GameMaker_Language/GML_Reference/Physics/Soft_Body_Particles/physics_particle_set_flags.htm
Physics.Soft_Body_Particles.physics_particle_set_flags	physics_particle_set_flags	function	physics_particle_set_flags(index, flags)	https://manual.gamemaker.io/monthly/en/GameMaker_Language/GML_Reference/Physics/Soft_Body_Particles/physics_particle_set_flags.htm
Physics.Soft_Body_Particles.physics_particle_set_flags	physics_particle_set_flags	function	physics_particle_set_flags(index, flags)	https://manual.gamemaker.io/monthly/en/GameMaker_Language/GML_Reference/Physics/Soft_Body_Particles/physics_particle_set_flags.htm
Physics.Soft_Body_Particles.physics_particle_set_flags	physics_particle_set_flags	function	physics_particle_set_flags(index, flags)	https://manual.gamemaker.io/monthly/en/GameMaker_Language/GML_Reference/Physics/Soft_Body_Particles/physics_particle_set_flags.htm
Physics.Soft_Body_Particles.physics_particle_set_flags	physics_particle_set_flags	function	physics_particle_set_flags(index, flags)	https://manual.gamemaker.io/monthly/en/GameMaker_Language/GML_Reference/Physics/Soft_Body_Particles/physics_particle_set_flags.htm
Physics.Soft_Body_Particles.physics_particle_set_flags	physics_particle_set_flags	function	physics_particle_set_flags(index, flags)	https://manual.gamemaker.io/monthly/en/GameMaker_Language/GML_Reference/Physics/Soft_Body_Particles/physics_particle_set_flags.htm
Physics.Soft_Body_Particles.physics_particle_set_flags	physics_particle_set_flags	function	physics_particle_set_flags(index, flags)	https://manual.gamemaker.io/monthly/en/GameMaker_Language/GML_Reference/Physics/Soft_Body_Particles/physics_particle_set_flags.htm
Physics.Soft_Body_Particles.physics_particle_set_flags	physics_particle_set_flags	function	physics_particle_set_flags(index, flags)	https://manual.gamemaker.io/monthly/en/GameMaker_Language/GML_Reference/Physics/Soft_Body_Particles/physics_particle_set_flags.htm
Physics.Soft_Body_Particles.physics_particle_set_flags	physics_particle_set_flags	function	physics_particle_set_flags(index, flags)	https://manual.gamemaker.io/monthly/en/GameMaker_Language/GML_Reference/Physics/Soft_Body_Particles/physics_particle_set_flags.htm
Physics.Soft_Body_Particles.physics_particle_set_flags	physics_particle_set_flags	function	physics_particle_set_flags(index, flags)	https://manual.gamemaker.io/monthly/en/GameMaker_Language/GML_Reference/Physics/Soft_Body_Particles/physics_particle_set_flags.htm
Physics.Soft_Body_Particles.physics_particle_set_gravity_scale	physics_particle_set_gravity_scale	function	physics_particle_set_gravity_scale(scale)	https://manual.gamemaker.io/monthly/en/GameMaker_Language/GML_Reference/Physics/Soft_Body_Particles/physics_particle_set_gravity_scale.htm
Physics.Soft_Body_Particles.physics_particle_set_group_flags	physics_particle_set_group_flags	function	physics_particle_set_group_flags(group, flags)	https://manual.gamemaker.io/monthly/en/GameMaker_Language/GML_Reference/Physics/Soft_Body_Particles/physics_particle_set_group_flags.htm
Physics.Soft_Body_Particles.physics_particle_set_group_flags	physics_particle_set_group_flags	function	physics_particle_set_group_flags(group, flags)	https://manual.gamemaker.io/monthly/en/GameMaker_Language/GML_Reference/Physics/Soft_Body_Particles/physics_particle_set_group_flags.htm
Physics.Soft_Body_Particles.physics_particle_set_group_flags	physics_particle_set_group_flags	function	physics_particle_set_group_flags(group, flags)	https://manual.gamemaker.io/monthly/en/GameMaker_Language/GML_Reference/Physics/Soft_Body_Particles/physics_particle_set_group_flags.htm
Physics.Soft_Body_Particles.physics_particle_set_max_count	physics_particle_set_max_count	function	physics_particle_set_max_count(count)	https://manual.gamemaker.io/monthly/en/GameMaker_Language/GML_Reference/Physics/Soft_Body_Particles/physics_particle_set_max_count.htm
Physics.Soft_Body_Particles.physics_particle_set_radius	physics_particle_set_radius	function	physics_particle_set_radius(radius)	https://manual.gamemaker.io/monthly/en/GameMaker_Language/GML_Reference/Physics/Soft_Body_Particles/physics_particle_set_radius.htm
Physics.The_Physics_World.phy_debug_render_aabb	phy_debug_render_aabb	unknown	undefined	https://manual.gamemaker.io/monthly/en/GameMaker_Language/GML_Reference/Physics/The_Physics_World/physics_world_draw_debug.htm
Physics.The_Physics_World.phy_debug_render_collision_pairs	phy_debug_render_collision_pairs	unknown	undefined	https://manual.gamemaker.io/monthly/en/GameMaker_Language/GML_Reference/Physics/The_Physics_World/physics_world_draw_debug.htm
Physics.The_Physics_World.phy_debug_render_coms	phy_debug_render_coms	unknown	undefined	https://manual.gamemaker.io/monthly/en/GameMaker_Language/GML_Reference/Physics/The_Physics_World/physics_world_draw_debug.htm
Physics.The_Physics_World.phy_debug_render_core_shapes	phy_debug_render_core_shapes	unknown	undefined	https://manual.gamemaker.io/monthly/en/GameMaker_Language/GML_Reference/Physics/The_Physics_World/physics_world_draw_debug.htm
Physics.The_Physics_World.phy_debug_render_joints	phy_debug_render_joints	unknown	undefined	https://manual.gamemaker.io/monthly/en/GameMaker_Language/GML_Reference/Physics/The_Physics_World/physics_world_draw_debug.htm
Physics.The_Physics_World.phy_debug_render_obb	phy_debug_render_obb	unknown	undefined	https://manual.gamemaker.io/monthly/en/GameMaker_Language/GML_Reference/Physics/The_Physics_World/physics_world_draw_debug.htm
Physics.The_Physics_World.phy_debug_render_shapes	phy_debug_render_shapes	unknown	undefined	https://manual.gamemaker.io/monthly/en/GameMaker_Language/GML_Reference/Physics/The_Physics_World/physics_world_draw_debug.htm
Physics.The_Physics_World.physics_draw_debug	physics_draw_debug	function	physics_draw_debug()	https://manual.gamemaker.io/monthly/en/GameMaker_Language/GML_Reference/Physics/The_Physics_World/physics_draw_debug.htm
Physics.The_Physics_World.physics_pause_enable	physics_pause_enable	function	physics_pause_enable(flag)	https://manual.gamemaker.io/monthly/en/GameMaker_Language/GML_Reference/Physics/The_Physics_World/physics_pause_enable.htm
Physics.The_Physics_World.physics_world_create	physics_world_create	function	physics_world_create(pixeltometrescale);	https://manual.gamemaker.io/monthly/en/GameMaker_Language/GML_Reference/Physics/The_Physics_World/physics_world_create.htm
Physics.The_Physics_World.physics_world_draw_debug	physics_world_draw_debug	function	physics_world_draw_debug(flag)	https://manual.gamemaker.io/monthly/en/GameMaker_Language/GML_Reference/Physics/The_Physics_World/physics_world_draw_debug.htm
Physics.The_Physics_World.physics_world_gravity	physics_world_gravity	function	physics_world_gravity(xg, yg)	https://manual.gamemaker.io/monthly/en/GameMaker_Language/GML_Reference/Physics/The_Physics_World/physics_world_gravity.htm
Physics.The_Physics_World.physics_world_update_iterations	physics_world_update_iterations	function	physics_world_update_iterations(iterations)	https://manual.gamemaker.io/monthly/en/GameMaker_Language/GML_Reference/Physics/The_Physics_World/physics_world_update_iterations.htm
Physics.The_Physics_World.physics_world_update_speed	physics_world_update_speed	function	physics_world_update_speed(speed)	https://manual.gamemaker.io/monthly/en/GameMaker_Language/GML_Reference/Physics/The_Physics_World/physics_world_update_speed.htm
Physics.physics_mass_properties	physics_mass_properties	function	physics_mass_properties(mass, local_center_x, local_center_y, inertia)	https://manual.gamemaker.io/monthly/en/GameMaker_Language/GML_Reference/Physics/physics_mass_properties.htm
Physics.physics_raycast	physics_raycast	function	physics_raycast(x_start, y_start, x_end, y_end, ids, [all_hits], [max_fraction]);	https://manual.gamemaker.io/monthly/en/GameMaker_Language/GML_Reference/Physics/physics_raycast.htm
Physics.physics_test_overlap	physics_test_overlap	function	physics_test_overlap(xpos, ypos, angle, obj);	https://manual.gamemaker.io/monthly/en/GameMaker_Language/GML_Reference/Physics/physics_test_overlap.htm
Strings.ansi_char	ansi_char	function	ansi_char(val);	https://manual.gamemaker.io/monthly/en/GameMaker_Language/GML_Reference/Strings/ansi_char.htm
Strings.chr	chr	function	chr(val);	https://manual.gamemaker.io/monthly/en/GameMaker_Language/GML_Reference/Strings/chr.htm
Strings.clipboard_get_text	clipboard_get_text	function	clipboard_get_text();	https://manual.gamemaker.io/monthly/en/GameMaker_Language/GML_Reference/Strings/clipboard_get_text.htm
Strings.clipboard_has_text	clipboard_has_text	function	clipboard_has_text();	https://manual.gamemaker.io/monthly/en/GameMaker_Language/GML_Reference/Strings/clipboard_has_text.htm
Strings.clipboard_set_text	clipboard_set_text	function	clipboard_set_text(string);	https://manual.gamemaker.io/monthly/en/GameMaker_Language/GML_Reference/Strings/clipboard_set_text.htm
Strings.ord	ord	function	ord(string);	https://manual.gamemaker.io/monthly/en/GameMaker_Language/GML_Reference/Strings/ord.htm
Strings.real	real	function	real(string);	https://manual.gamemaker.io/monthly/en/GameMaker_Language/GML_Reference/Strings/real.htm
Strings.show_debug_message_ext	show_debug_message_ext	function	show_debug_message_ext(value_or_format, values_array);	https://manual.gamemaker.io/monthly/en/GameMaker_Language/GML_Reference/Strings/show_debug_message_ext.htm
Strings.string	string	function	string_variable = string("This is a string with two placeholders that will be replaced. They are {0} and {1}.", "this", "that");  // Results in: // "This is a string with two placeholders that will be replaced. They are this and that." 	https://manual.gamemaker.io/monthly/en/GameMaker_Language/GML_Reference/Strings/string.htm
Strings.string_byte_at	string_byte_at	function	string_byte_at(str, index);	https://manual.gamemaker.io/monthly/en/GameMaker_Language/GML_Reference/Strings/string_byte_at.htm
Strings.string_byte_length	string_byte_length	function	string_byte_length(string);	https://manual.gamemaker.io/monthly/en/GameMaker_Language/GML_Reference/Strings/string_byte_length.htm
Strings.string_char_at	string_char_at	function	string_char_at(str, index);	https://manual.gamemaker.io/monthly/en/GameMaker_Language/GML_Reference/Strings/string_char_at.htm
Strings.string_concat	string_concat	function	string_concat(value1 [, value2, ... max_val]);	https://manual.gamemaker.io/monthly/en/GameMaker_Language/GML_Reference/Strings/string_concat.htm
Strings.string_concat_ext	string_concat_ext	function	string_concat_ext(values_array, [offset], [length]);	https://manual.gamemaker.io/monthly/en/GameMaker_Language/GML_Reference/Strings/string_concat_ext.htm
Strings.string_copy	string_copy	function	string_copy(str, index, count);	https://manual.gamemaker.io/monthly/en/GameMaker_Language/GML_Reference/Strings/string_copy.htm
Strings.string_count	string_count	function	string_count(substr, str);	https://manual.gamemaker.io/monthly/en/GameMaker_Language/GML_Reference/Strings/string_count.htm
Strings.string_delete	string_delete	function	string_delete(str, index, count);	https://manual.gamemaker.io/monthly/en/GameMaker_Language/GML_Reference/Strings/string_delete.htm
Strings.string_digits	string_digits	function	string_digits(string);	https://manual.gamemaker.io/monthly/en/GameMaker_Language/GML_Reference/Strings/string_digits.htm
Strings.string_ends_with	string_ends_with	function	string_ends_with(str, substr);	https://manual.gamemaker.io/monthly/en/GameMaker_Language/GML_Reference/Strings/string_ends_with.htm
Strings.string_ext	string_ext	function	string_ext(value_or_format, values);	https://manual.gamemaker.io/monthly/en/GameMaker_Language/GML_Reference/Strings/string_ext.htm
Strings.string_foreach	string_foreach	function	string_foreach(string, function, [pos], [length]);	https://manual.gamemaker.io/monthly/en/GameMaker_Language/GML_Reference/Strings/string_foreach.htm
Strings.string_format	string_format	function	string_format(val, total, dec);	https://manual.gamemaker.io/monthly/en/GameMaker_Language/GML_Reference/Strings/string_format.htm
Strings.string_hash_to_newline	string_hash_to_newline	function	string_hash_to_newline(string);	https://manual.gamemaker.io/monthly/en/GameMaker_Language/GML_Reference/Strings/string_hash_to_newline.htm
Strings.string_height	string_height	function	string_height(string);	https://manual.gamemaker.io/monthly/en/GameMaker_Language/GML_Reference/Strings/string_height.htm
Strings.string_height_ext	string_height_ext	function	string_height_ext(string, sep, w);	https://manual.gamemaker.io/monthly/en/GameMaker_Language/GML_Reference/Strings/string_height_ext.htm
Strings.string_insert	string_insert	function	string_insert(substr, str, index);	https://manual.gamemaker.io/monthly/en/GameMaker_Language/GML_Reference/Strings/string_insert.htm
Strings.string_join	string_join	function	string_join(delimiter, value1 [, value2, ... max_val]);	https://manual.gamemaker.io/monthly/en/GameMaker_Language/GML_Reference/Strings/string_join.htm
Strings.string_join_ext	string_join_ext	function	string_join_ext(delimiter, values_array, [offset], [length]);	https://manual.gamemaker.io/monthly/en/GameMaker_Language/GML_Reference/Strings/string_join_ext.htm
Strings.string_last_pos	string_last_pos	function	string_last_pos(substr, str);	https://manual.gamemaker.io/monthly/en/GameMaker_Language/GML_Reference/Strings/string_last_pos.htm
Strings.string_last_pos_ext	string_last_pos_ext	function	string_last_pos_ext(substr, str, start_pos);	https://manual.gamemaker.io/monthly/en/GameMaker_Language/GML_Reference/Strings/string_last_pos_ext.htm
Strings.string_length	string_length	function	string_length(string);	https://manual.gamemaker.io/monthly/en/GameMaker_Language/GML_Reference/Strings/string_length.htm
Strings.string_letters	string_letters	function	string_letters(string);	https://manual.gamemaker.io/monthly/en/GameMaker_Language/GML_Reference/Strings/string_letters.htm
Strings.string_lettersdigits	string_lettersdigits	function	string_lettersdigits(string);	https://manual.gamemaker.io/monthly/en/GameMaker_Language/GML_Reference/Strings/string_lettersdigits.htm
Strings.string_lower	string_lower	function	string_lower(string);	https://manual.gamemaker.io/monthly/en/GameMaker_Language/GML_Reference/Strings/string_lower.htm
Strings.string_ord_at	string_ord_at	function	string_ord_at(str, index);	https://manual.gamemaker.io/monthly/en/GameMaker_Language/GML_Reference/Strings/string_ord_at.htm
Strings.string_pos	string_pos	function	string_pos(substr, str);	https://manual.gamemaker.io/monthly/en/GameMaker_Language/GML_Reference/Strings/string_pos.htm
Strings.string_pos_ext	string_pos_ext	function	string_pos_ext(substr, str, start_pos);	https://manual.gamemaker.io/monthly/en/GameMaker_Language/GML_Reference/Strings/string_pos_ext.htm
Strings.string_repeat	string_repeat	function	string_repeat(str, count);	https://manual.gamemaker.io/monthly/en/GameMaker_Language/GML_Reference/Strings/string_repeat.htm
Strings.string_replace	string_replace	function	string_replace(str, substr, newstr);	https://manual.gamemaker.io/monthly/en/GameMaker_Language/GML_Reference/Strings/string_replace.htm
Strings.string_replace_all	string_replace_all	function	string_replace_all(str, substr, newstr);	https://manual.gamemaker.io/monthly/en/GameMaker_Language/GML_Reference/Strings/string_replace_all.htm
Strings.string_set_byte_at	string_set_byte_at	function	string_set_byte_at(str, pos, byte);	https://manual.gamemaker.io/monthly/en/GameMaker_Language/GML_Reference/Strings/string_set_byte_at.htm
Strings.string_split	string_split	function	string_split(string, delimiter, [remove_empty], [max_splits]);	https://manual.gamemaker.io/monthly/en/GameMaker_Language/GML_Reference/Strings/string_split.htm
Strings.string_split_ext	string_split_ext	function	string_split_ext(string, delimiter_array, [remove_empty], [max_splits]);	https://manual.gamemaker.io/monthly/en/GameMaker_Language/GML_Reference/Strings/string_split_ext.htm
Strings.string_starts_with	string_starts_with	function	string_starts_with(str, substr);	https://manual.gamemaker.io/monthly/en/GameMaker_Language/GML_Reference/Strings/string_starts_with.htm
Strings.string_trim	string_trim	function	string_trim(str, [substr]);	https://manual.gamemaker.io/monthly/en/GameMaker_Language/GML_Reference/Strings/string_trim.htm
Strings.string_trim_end	string_trim_end	function	string_trim_end(str, [substr]);	https://manual.gamemaker.io/monthly/en/GameMaker_Language/GML_Reference/Strings/string_trim_end.htm
Strings.string_trim_start	string_trim_start	function	string_trim_start(str, [substr]);	https://manual.gamemaker.io/monthly/en/GameMaker_Language/GML_Reference/Strings/string_trim_start.htm
Strings.string_upper	string_upper	function	string_upper(string);	https://manual.gamemaker.io/monthly/en/GameMaker_Language/GML_Reference/Strings/string_upper.htm
Strings.string_width	string_width	function	string_width(string);	https://manual.gamemaker.io/monthly/en/GameMaker_Language/GML_Reference/Strings/string_width.htm
Strings.string_width_ext	string_width_ext	function	string_width_ext(string, sep, w);	https://manual.gamemaker.io/monthly/en/GameMaker_Language/GML_Reference/Strings/string_width_ext.htm
Time_Sources.call_cancel	call_cancel	function	call_cancel(handle);	https://manual.gamemaker.io/monthly/en/GameMaker_Language/GML_Reference/Time_Sources/call_cancel.htm
Time_Sources.call_later	call_later	function	call_later(period, unit, callback, [loop=false]);	https://manual.gamemaker.io/monthly/en/GameMaker_Language/GML_Reference/Time_Sources/call_later.htm
Time_Sources.time_bpm_to_seconds	time_bpm_to_seconds	function	time_bpm_to_seconds(bpm);	https://manual.gamemaker.io/monthly/en/GameMaker_Language/GML_Reference/Time_Sources/time_bpm_to_seconds.htm
Time_Sources.time_seconds_to_bpm	time_seconds_to_bpm	function	time_seconds_to_bpm(seconds);	https://manual.gamemaker.io/monthly/en/GameMaker_Language/GML_Reference/Time_Sources/time_seconds_to_bpm.htm
Time_Sources.time_source_create	time_source_create	function	time_source_create(parent, period, units, callback, [args, repetitions, expiry_type]);	https://manual.gamemaker.io/monthly/en/GameMaker_Language/GML_Reference/Time_Sources/time_source_create.htm
Time_Sources.time_source_destroy	time_source_destroy	function	time_source_destroy(id, [destroy_tree]);	https://manual.gamemaker.io/monthly/en/GameMaker_Language/GML_Reference/Time_Sources/time_source_destroy.htm
Time_Sources.time_source_exists	time_source_exists	function	time_source_exists(id);	https://manual.gamemaker.io/monthly/en/GameMaker_Language/GML_Reference/Time_Sources/time_source_exists.htm
Time_Sources.time_source_expire_after	time_source_expire_after	constant	time_source_expire_after	https://manual.gamemaker.io/monthly/en/GameMaker_Language/GML_Reference/Time_Sources/Time_Source_Expiry_Types.htm
Time_Sources.time_source_expire_nearest	time_source_expire_nearest	constant	time_source_expire_nearest	https://manual.gamemaker.io/monthly/en/GameMaker_Language/GML_Reference/Time_Sources/Time_Source_Expiry_Types.htm
Time_Sources.time_source_game	time_source_game	constant	time_source_game	https://manual.gamemaker.io/monthly/en/GameMaker_Language/GML_Reference/Time_Sources/Built_In_Time_Sources.htm
Time_Sources.time_source_get_children	time_source_get_children	function	time_source_get_children(id);	https://manual.gamemaker.io/monthly/en/GameMaker_Language/GML_Reference/Time_Sources/time_source_get_children.htm
Time_Sources.time_source_get_parent	time_source_get_parent	function	time_source_get_parent(id);	https://manual.gamemaker.io/monthly/en/GameMaker_Language/GML_Reference/Time_Sources/time_source_get_parent.htm
Time_Sources.time_source_get_period	time_source_get_period	function	time_source_get_period(id);	https://manual.gamemaker.io/monthly/en/GameMaker_Language/GML_Reference/Time_Sources/time_source_get_period.htm
Time_Sources.time_source_get_reps_completed	time_source_get_reps_completed	function	time_source_get_reps_completed(id);	https://manual.gamemaker.io/monthly/en/GameMaker_Language/GML_Reference/Time_Sources/time_source_get_reps_completed.htm
Time_Sources.time_source_get_reps_remaining	time_source_get_reps_remaining	function	time_source_get_reps_remaining(id);	https://manual.gamemaker.io/monthly/en/GameMaker_Language/GML_Reference/Time_Sources/time_source_get_reps_remaining.htm
Time_Sources.time_source_get_state	time_source_get_state	function	time_source_get_state(id);	https://manual.gamemaker.io/monthly/en/GameMaker_Language/GML_Reference/Time_Sources/time_source_get_state.htm
Time_Sources.time_source_get_time_remaining	time_source_get_time_remaining	function	time_source_get_time_remaining(id);	https://manual.gamemaker.io/monthly/en/GameMaker_Language/GML_Reference/Time_Sources/time_source_get_time_remaining.htm
Time_Sources.time_source_get_units	time_source_get_units	function	time_source_get_units(id);	https://manual.gamemaker.io/monthly/en/GameMaker_Language/GML_Reference/Time_Sources/time_source_get_units.htm
Time_Sources.time_source_global	time_source_global	constant	time_source_global	https://manual.gamemaker.io/monthly/en/GameMaker_Language/GML_Reference/Time_Sources/Built_In_Time_Sources.htm
Time_Sources.time_source_pause	time_source_pause	function	time_source_pause(id);	https://manual.gamemaker.io/monthly/en/GameMaker_Language/GML_Reference/Time_Sources/time_source_pause.htm
Time_Sources.time_source_reconfigure	time_source_reconfigure	function	time_source_reconfigure(id, period, units, callback, [args, repetitions, expiry_type]);	https://manual.gamemaker.io/monthly/en/GameMaker_Language/GML_Reference/Time_Sources/time_source_reconfigure.htm
Time_Sources.time_source_reset	time_source_reset	function	time_source_reset(id);	https://manual.gamemaker.io/monthly/en/GameMaker_Language/GML_Reference/Time_Sources/time_source_reset.htm
Time_Sources.time_source_resume	time_source_resume	function	time_source_resume(id);	https://manual.gamemaker.io/monthly/en/GameMaker_Language/GML_Reference/Time_Sources/time_source_resume.htm
Time_Sources.time_source_start	time_source_start	function	time_source_start(id);	https://manual.gamemaker.io/monthly/en/GameMaker_Language/GML_Reference/Time_Sources/time_source_start.htm
Time_Sources.time_source_state_active	time_source_state_active	constant	time_source_state_active	https://manual.gamemaker.io/monthly/en/GameMaker_Language/GML_Reference/Time_Sources/Time_Source_States.htm
Time_Sources.time_source_state_initial	time_source_state_initial	constant	time_source_state_initial	https://manual.gamemaker.io/monthly/en/GameMaker_Language/GML_Reference/Time_Sources/Time_Source_States.htm
Time_Sources.time_source_state_paused	time_source_state_paused	constant	time_source_state_paused	https://manual.gamemaker.io/monthly/en/GameMaker_Language/GML_Reference/Time_Sources/Time_Source_States.htm
Time_Sources.time_source_state_stopped	time_source_state_stopped	constant	time_source_state_stopped	https://manual.gamemaker.io/monthly/en/GameMaker_Language/GML_Reference/Time_Sources/Time_Source_States.htm
Time_Sources.time_source_stop	time_source_stop	function	time_source_stop(id);	https://manual.gamemaker.io/monthly/en/GameMaker_Language/GML_Reference/Time_Sources/time_source_stop.htm
Time_Sources.time_source_units_frames	time_source_units_frames	constant	time_source_units_frames	https://manual.gamemaker.io/monthly/en/GameMaker_Language/GML_Reference/Time_Sources/Time_Source_Units.htm
Time_Sources.time_source_units_seconds	time_source_units_seconds	constant	time_source_units_seconds	https://manual.gamemaker.io/monthly/en/GameMaker_Language/GML_Reference/Time_Sources/Time_Source_Units.htm
UWP_And_XBox_Live.Match_Making.MATCHMAKING_SESSION	MATCHMAKING_SESSION	unknown	undefined	https://manual.gamemaker.io/monthly/en/GameMaker_Language/GML_Reference/UWP_And_XBox_Live/Match_Making/xboxlive_matchmaking_join_session.htm
UWP_And_XBox_Live.Match_Making.xboxlive_match_visibility_open	xboxlive_match_visibility_open	constant	xboxlive_match_visibility_open	https://manual.gamemaker.io/monthly/en/GameMaker_Language/GML_Reference/UWP_And_XBox_Live/Match_Making/xboxlive_matchmaking_create.htm
UWP_And_XBox_Live.Match_Making.xboxlive_match_visibility_private	xboxlive_match_visibility_private	constant	xboxlive_match_visibility_private	https://manual.gamemaker.io/monthly/en/GameMaker_Language/GML_Reference/UWP_And_XBox_Live/Match_Making/xboxlive_matchmaking_create.htm
UWP_And_XBox_Live.Match_Making.xboxlive_match_visibility_usetemplate	xboxlive_match_visibility_usetemplate	constant	xboxlive_match_visibility_usetemplate	https://manual.gamemaker.io/monthly/en/GameMaker_Language/GML_Reference/UWP_And_XBox_Live/Match_Making/xboxlive_matchmaking_create.htm
UWP_And_XBox_Live.Match_Making.xboxlive_matchmaking_create	xboxlive_matchmaking_create	function	xboxlive_matchmaking_create(user_id, visibility, template, hopper, sdatemplate, [matchattributes]);	https://manual.gamemaker.io/monthly/en/GameMaker_Language/GML_Reference/UWP_And_XBox_Live/Match_Making/xboxlive_matchmaking_create.htm
UWP_And_XBox_Live.Match_Making.xboxlive_matchmaking_find	xboxlive_matchmaking_find	function	xboxlive_matchmaking_find(user_id, template, hopper, sdatemplate, [matchattributes]);	https://manual.gamemaker.io/monthly/en/GameMaker_Language/GML_Reference/UWP_And_XBox_Live/Match_Making/xboxlive_matchmaking_find.htm
UWP_And_XBox_Live.Match_Making.xboxlive_matchmaking_join_invite	xboxlive_matchmaking_join_invite	function	xboxlive_matchmaking_join_invite(user_who_received_invite, invitation_id, invitation_host, sda_template_name);	https://manual.gamemaker.io/monthly/en/GameMaker_Language/GML_Reference/UWP_And_XBox_Live/Match_Making/xboxlive_matchmaking_join_invite.htm
UWP_And_XBox_Live.Match_Making.xboxlive_matchmaking_join_session	xboxlive_matchmaking_join_session	function	xboxlive_matchmaking_join_session(user_id, session_handle, sdatemplate);	https://manual.gamemaker.io/monthly/en/GameMaker_Language/GML_Reference/UWP_And_XBox_Live/Match_Making/xboxlive_matchmaking_join_session.htm
UWP_And_XBox_Live.Match_Making.xboxlive_matchmaking_send_invites	xboxlive_matchmaking_send_invites	function	xboxlive_matchmaking_send_invites(from_user, session_to_invite_into, text_to_add_to_invite);	https://manual.gamemaker.io/monthly/en/GameMaker_Language/GML_Reference/UWP_And_XBox_Live/Match_Making/xboxlive_matchmaking_send_invites.htm
UWP_And_XBox_Live.Match_Making.xboxlive_matchmaking_session_get_users	xboxlive_matchmaking_session_get_users	function	xboxlive_matchmaking_session_get_users(session_id);	https://manual.gamemaker.io/monthly/en/GameMaker_Language/GML_Reference/UWP_And_XBox_Live/Match_Making/xboxlive_matchmaking_session_get_users.htm
UWP_And_XBox_Live.Match_Making.xboxlive_matchmaking_session_leave	xboxlive_matchmaking_session_leave	function	xboxlive_matchmaking_session_leave(session_id);	https://manual.gamemaker.io/monthly/en/GameMaker_Language/GML_Reference/UWP_And_XBox_Live/Match_Making/xboxlive_matchmaking_session_leave.htm
UWP_And_XBox_Live.Match_Making.xboxlive_matchmaking_set_joinable_session	xboxlive_matchmaking_set_joinable_session	function	xboxlive_matchmaking_set_joinable_session(local_user, session_that_is_joinable);	https://manual.gamemaker.io/monthly/en/GameMaker_Language/GML_Reference/UWP_And_XBox_Live/Match_Making/xboxlive_matchmaking_set_joinable_session.htm
UWP_And_XBox_Live.Match_Making.xboxlive_matchmaking_start	xboxlive_matchmaking_start	function	xboxlive_matchmaking_start(user_id);	https://manual.gamemaker.io/monthly/en/GameMaker_Language/GML_Reference/UWP_And_XBox_Live/Match_Making/xboxlive_matchmaking_start.htm
UWP_And_XBox_Live.Match_Making.xboxlive_matchmaking_stop	xboxlive_matchmaking_stop	function	xboxlive_matchmaking_stop(user_id);	https://manual.gamemaker.io/monthly/en/GameMaker_Language/GML_Reference/UWP_And_XBox_Live/Match_Making/xboxlive_matchmaking_stop.htm
UWP_And_XBox_Live.Saving_Data.xboxlive_fileerror_noerror	xboxlive_fileerror_noerror	constant	xboxlive_fileerror_noerror	https://manual.gamemaker.io/monthly/en/GameMaker_Language/GML_Reference/UWP_And_XBox_Live/Saving_Data/xboxlive_get_file_error.htm
UWP_And_XBox_Live.Saving_Data.xboxlive_fileerror_outoflocalstorage	xboxlive_fileerror_outoflocalstorage	constant	xboxlive_fileerror_outoflocalstorage	https://manual.gamemaker.io/monthly/en/GameMaker_Language/GML_Reference/UWP_And_XBox_Live/Saving_Data/xboxlive_get_file_error.htm
UWP_And_XBox_Live.Saving_Data.xboxlive_fileerror_quotaexceeded	xboxlive_fileerror_quotaexceeded	constant	xboxlive_fileerror_quotaexceeded	https://manual.gamemaker.io/monthly/en/GameMaker_Language/GML_Reference/UWP_And_XBox_Live/Saving_Data/xboxlive_get_file_error.htm
UWP_And_XBox_Live.Saving_Data.xboxlive_get_file_error	xboxlive_get_file_error	function	xboxlive_get_file_error();	https://manual.gamemaker.io/monthly/en/GameMaker_Language/GML_Reference/UWP_And_XBox_Live/Saving_Data/xboxlive_get_file_error.htm
UWP_And_XBox_Live.Saving_Data.xboxlive_get_savedata_user	xboxlive_get_savedata_user	function	xboxlive_get_savedata_user();	https://manual.gamemaker.io/monthly/en/GameMaker_Language/GML_Reference/UWP_And_XBox_Live/Saving_Data/xboxlive_get_savedata_user.htm
UWP_And_XBox_Live.Saving_Data.xboxlive_set_savedata_user	xboxlive_set_savedata_user	function	xboxlive_set_savedata_user(user_id);	https://manual.gamemaker.io/monthly/en/GameMaker_Language/GML_Reference/UWP_And_XBox_Live/Saving_Data/xboxlive_set_savedata_user.htm
UWP_And_XBox_Live.Stats_And_Leaderboards.achievement_filter_favorites_alt	achievement_filter_favorites_alt	unknown	undefined	https://manual.gamemaker.io/monthly/en/GameMaker_Language/GML_Reference/UWP_And_XBox_Live/Stats_And_Leaderboards/xboxlive_read_player_leaderboard.htm
UWP_And_XBox_Live.Stats_And_Leaderboards.achievement_filter_favorites_only	achievement_filter_favorites_only	unknown	undefined	https://manual.gamemaker.io/monthly/en/GameMaker_Language/GML_Reference/UWP_And_XBox_Live/Stats_And_Leaderboards/xboxlive_read_player_leaderboard.htm
UWP_And_XBox_Live.Stats_And_Leaderboards.achievement_filter_friends_alt	achievement_filter_friends_alt	unknown	undefined	https://manual.gamemaker.io/monthly/en/GameMaker_Language/GML_Reference/UWP_And_XBox_Live/Stats_And_Leaderboards/xboxlive_read_player_leaderboard.htm
UWP_And_XBox_Live.Stats_And_Leaderboards.achievement_load_friends	achievement_load_friends	unknown	undefined	https://manual.gamemaker.io/monthly/en/GameMaker_Language/GML_Reference/UWP_And_XBox_Live/Stats_And_Leaderboards/xboxlive_achievement_load_friends.htm
UWP_And_XBox_Live.Stats_And_Leaderboards.achievement_load_leaderboard	achievement_load_leaderboard	unknown	undefined	https://manual.gamemaker.io/monthly/en/GameMaker_Language/GML_Reference/UWP_And_XBox_Live/Stats_And_Leaderboards/xboxlive_achievement_load_leaderboard.htm
UWP_And_XBox_Live.Stats_And_Leaderboards.achievement_show_achievements	achievement_show_achievements	unknown	undefined	https://manual.gamemaker.io/monthly/en/GameMaker_Language/GML_Reference/UWP_And_XBox_Live/Stats_And_Leaderboards/xboxlive_achievement_show_achievements.htm
UWP_And_XBox_Live.Stats_And_Leaderboards.xboxlive_achievement_load_leaderboard	xboxlive_achievement_load_leaderboard	function	xboxlive_achievement_load_leaderboard(ident, minindex, maxindex, filter)	https://manual.gamemaker.io/monthly/en/GameMaker_Language/GML_Reference/UWP_And_XBox_Live/Stats_And_Leaderboards/xboxlive_achievement_load_leaderboard.htm
UWP_And_XBox_Live.Stats_And_Leaderboards.xboxlive_achievement_load_leaderboard	xboxlive_achievement_load_leaderboard	function	xboxlive_achievement_load_leaderboard(ident, minindex, maxindex, filter)	https://manual.gamemaker.io/monthly/en/GameMaker_Language/GML_Reference/UWP_And_XBox_Live/Stats_And_Leaderboards/xboxlive_achievement_load_leaderboard.htm
UWP_And_XBox_Live.Stats_And_Leaderboards.xboxlive_achievement_load_leaderboard	xboxlive_achievement_load_leaderboard	function	xboxlive_achievement_load_leaderboard(ident, minindex, maxindex, filter)	https://manual.gamemaker.io/monthly/en/GameMaker_Language/GML_Reference/UWP_And_XBox_Live/Stats_And_Leaderboards/xboxlive_achievement_load_leaderboard.htm
UWP_And_XBox_Live.Stats_And_Leaderboards.xboxlive_achievements_set_progress	xboxlive_achievements_set_progress	function	xboxlive_achievements_set_progress(user_id, achievement, progress);	https://manual.gamemaker.io/monthly/en/GameMaker_Language/GML_Reference/UWP_And_XBox_Live/Stats_And_Leaderboards/xboxlive_achievements_set_progress.htm
UWP_And_XBox_Live.Stats_And_Leaderboards.xboxlive_fire_event	xboxlive_fire_event	function	xboxlive_fire_event(event_name, [stat_parameters...]);	https://manual.gamemaker.io/monthly/en/GameMaker_Language/GML_Reference/UWP_And_XBox_Live/Stats_And_Leaderboards/xboxlive_fire_event.htm
UWP_And_XBox_Live.Stats_And_Leaderboards.xboxlive_get_stats_for_user	xboxlive_get_stats_for_user	unknown	xboxlive_get_stats_for_user - exception occurred getting results - 0x80190190	https://manual.gamemaker.io/monthly/en/GameMaker_Language/GML_Reference/UWP_And_XBox_Live/Stats_And_Leaderboards/xboxlive_get_stats_for_user.htm
UWP_And_XBox_Live.Stats_And_Leaderboards.xboxlive_read_player_leaderboard	xboxlive_read_player_leaderboard	function	xboxlive_read_player_leaderboard(leaderboard_name, user_name, num_items, friend_filter);	https://manual.gamemaker.io/monthly/en/GameMaker_Language/GML_Reference/UWP_And_XBox_Live/Stats_And_Leaderboards/xboxlive_read_player_leaderboard.htm
UWP_And_XBox_Live.Stats_And_Leaderboards.xboxlive_read_player_leaderboard	xboxlive_read_player_leaderboard	function	xboxlive_read_player_leaderboard(leaderboard_name, user_name, num_items, friend_filter);	https://manual.gamemaker.io/monthly/en/GameMaker_Language/GML_Reference/UWP_And_XBox_Live/Stats_And_Leaderboards/xboxlive_read_player_leaderboard.htm
UWP_And_XBox_Live.Stats_And_Leaderboards.xboxlive_read_player_leaderboard	xboxlive_read_player_leaderboard	function	xboxlive_read_player_leaderboard(leaderboard_name, user_name, num_items, friend_filter);	https://manual.gamemaker.io/monthly/en/GameMaker_Language/GML_Reference/UWP_And_XBox_Live/Stats_And_Leaderboards/xboxlive_read_player_leaderboard.htm
UWP_And_XBox_Live.Stats_And_Leaderboards.xboxlive_read_player_leaderboard	xboxlive_read_player_leaderboard	function	xboxlive_read_player_leaderboard(leaderboard_name, user_name, num_items, friend_filter);	https://manual.gamemaker.io/monthly/en/GameMaker_Language/GML_Reference/UWP_And_XBox_Live/Stats_And_Leaderboards/xboxlive_read_player_leaderboard.htm
UWP_And_XBox_Live.Stats_And_Leaderboards.xboxlive_stats_add_user	xboxlive_stats_add_user	function	xboxlive_stats_add_user(user_id);	https://manual.gamemaker.io/monthly/en/GameMaker_Language/GML_Reference/UWP_And_XBox_Live/Stats_And_Leaderboards/xboxlive_stats_add_user.htm
UWP_And_XBox_Live.Stats_And_Leaderboards.xboxlive_stats_add_user	xboxlive_stats_add_user	function	xboxlive_stats_add_user(user_id);	https://manual.gamemaker.io/monthly/en/GameMaker_Language/GML_Reference/UWP_And_XBox_Live/Stats_And_Leaderboards/xboxlive_stats_add_user.htm
UWP_And_XBox_Live.Stats_And_Leaderboards.xboxlive_stats_delete_stat	xboxlive_stats_delete_stat	function	xboxlive_stats_delete_stat(user_id, stat);	https://manual.gamemaker.io/monthly/en/GameMaker_Language/GML_Reference/UWP_And_XBox_Live/Stats_And_Leaderboards/xboxlive_stats_delete_stat.htm
UWP_And_XBox_Live.Stats_And_Leaderboards.xboxlive_stats_flush_user	xboxlive_stats_flush_user	function	xboxlive_stats_flush_user(user_id, priority);	https://manual.gamemaker.io/monthly/en/GameMaker_Language/GML_Reference/UWP_And_XBox_Live/Stats_And_Leaderboards/xboxlive_stats_flush_user.htm
UWP_And_XBox_Live.Stats_And_Leaderboards.xboxlive_stats_flush_user	xboxlive_stats_flush_user	function	xboxlive_stats_flush_user(user_id, priority);	https://manual.gamemaker.io/monthly/en/GameMaker_Language/GML_Reference/UWP_And_XBox_Live/Stats_And_Leaderboards/xboxlive_stats_flush_user.htm
UWP_And_XBox_Live.Stats_And_Leaderboards.xboxlive_stats_get_leaderboard	xboxlive_stats_get_leaderboard	function	xboxlive_stats_get_leaderboard(user_id, stat, num_entries, start_rank, start_at_user, ascending);	https://manual.gamemaker.io/monthly/en/GameMaker_Language/GML_Reference/UWP_And_XBox_Live/Stats_And_Leaderboards/xboxlive_stats_get_leaderboard.htm
UWP_And_XBox_Live.Stats_And_Leaderboards.xboxlive_stats_get_leaderboard	xboxlive_stats_get_leaderboard	function	xboxlive_stats_get_leaderboard(user_id, stat, num_entries, start_rank, start_at_user, ascending);	https://manual.gamemaker.io/monthly/en/GameMaker_Language/GML_Reference/UWP_And_XBox_Live/Stats_And_Leaderboards/xboxlive_stats_get_leaderboard.htm
UWP_And_XBox_Live.Stats_And_Leaderboards.xboxlive_stats_get_social_leaderboard	xboxlive_stats_get_social_leaderboard	function	xboxlive_stats_get_social_leaderboard(user_id, stat, num_entries, start_rank, start_at_user, favourites_only);	https://manual.gamemaker.io/monthly/en/GameMaker_Language/GML_Reference/UWP_And_XBox_Live/Stats_And_Leaderboards/xboxlive_stats_get_social_leaderboard.htm
UWP_And_XBox_Live.Stats_And_Leaderboards.xboxlive_stats_get_social_leaderboard	xboxlive_stats_get_social_leaderboard	function	xboxlive_stats_get_social_leaderboard(user_id, stat, num_entries, start_rank, start_at_user, favourites_only);	https://manual.gamemaker.io/monthly/en/GameMaker_Language/GML_Reference/UWP_And_XBox_Live/Stats_And_Leaderboards/xboxlive_stats_get_social_leaderboard.htm
UWP_And_XBox_Live.Stats_And_Leaderboards.xboxlive_stats_get_stat	xboxlive_stats_get_stat	function	xboxlive_stats_get_stat(user_id, stat);	https://manual.gamemaker.io/monthly/en/GameMaker_Language/GML_Reference/UWP_And_XBox_Live/Stats_And_Leaderboards/xboxlive_stats_get_stat.htm
UWP_And_XBox_Live.Stats_And_Leaderboards.xboxlive_stats_get_stat_names	xboxlive_stats_get_stat_names	function	xboxlive_stats_get_stat_names(user_id);	https://manual.gamemaker.io/monthly/en/GameMaker_Language/GML_Reference/UWP_And_XBox_Live/Stats_And_Leaderboards/xboxlive_stats_get_stat_names.htm
UWP_And_XBox_Live.Stats_And_Leaderboards.xboxlive_stats_remove_user	xboxlive_stats_remove_user	function	xboxlive_stats_remove_user(user_id);	https://manual.gamemaker.io/monthly/en/GameMaker_Language/GML_Reference/UWP_And_XBox_Live/Stats_And_Leaderboards/xboxlive_stats_remove_user.htm
UWP_And_XBox_Live.Stats_And_Leaderboards.xboxlive_stats_remove_user	xboxlive_stats_remove_user	function	xboxlive_stats_remove_user(user_id);	https://manual.gamemaker.io/monthly/en/GameMaker_Language/GML_Reference/UWP_And_XBox_Live/Stats_And_Leaderboards/xboxlive_stats_remove_user.htm
UWP_And_XBox_Live.Stats_And_Leaderboards.xboxlive_stats_set_stat_int	xboxlive_stats_set_stat_int	function	xboxlive_stats_set_stat_int(user_id, stat, value);	https://manual.gamemaker.io/monthly/en/GameMaker_Language/GML_Reference/UWP_And_XBox_Live/Stats_And_Leaderboards/xboxlive_stats_set_stat_int.htm
UWP_And_XBox_Live.Stats_And_Leaderboards.xboxlive_stats_set_stat_real	xboxlive_stats_set_stat_real	function	xboxlive_stats_set_stat_real(user_id, stat, value);	https://manual.gamemaker.io/monthly/en/GameMaker_Language/GML_Reference/UWP_And_XBox_Live/Stats_And_Leaderboards/xboxlive_stats_set_stat_real.htm
UWP_And_XBox_Live.Stats_And_Leaderboards.xboxlive_stats_set_stat_string	xboxlive_stats_set_stat_string	function	xboxlive_stats_set_stat_string(user_id, stat, value);	https://manual.gamemaker.io/monthly/en/GameMaker_Language/GML_Reference/UWP_And_XBox_Live/Stats_And_Leaderboards/xboxlive_stats_set_stat_string.htm
UWP_And_XBox_Live.Stats_And_Leaderboards.xboxlive_stats_setup	xboxlive_stats_setup	function	xboxlive_stats_setup(user_id, service_config_id, title_id);	https://manual.gamemaker.io/monthly/en/GameMaker_Language/GML_Reference/UWP_And_XBox_Live/Stats_And_Leaderboards/xboxlive_stats_setup.htm
UWP_And_XBox_Live.Users_And_Accounts.xboxlive_agegroup_adult	xboxlive_agegroup_adult	constant	xboxlive_agegroup_adult	https://manual.gamemaker.io/monthly/en/GameMaker_Language/GML_Reference/UWP_And_XBox_Live/Users_And_Accounts/xboxlive_agegroup_for_user.htm
UWP_And_XBox_Live.Users_And_Accounts.xboxlive_agegroup_child	xboxlive_agegroup_child	constant	xboxlive_agegroup_child	https://manual.gamemaker.io/monthly/en/GameMaker_Language/GML_Reference/UWP_And_XBox_Live/Users_And_Accounts/xboxlive_agegroup_for_user.htm
UWP_And_XBox_Live.Users_And_Accounts.xboxlive_agegroup_for_user	xboxlive_agegroup_for_user	function	xboxlive_agegroup_for_user(user_id);	https://manual.gamemaker.io/monthly/en/GameMaker_Language/GML_Reference/UWP_And_XBox_Live/Users_And_Accounts/xboxlive_agegroup_for_user.htm
UWP_And_XBox_Live.Users_And_Accounts.xboxlive_agegroup_teen	xboxlive_agegroup_teen	constant	xboxlive_agegroup_teen	https://manual.gamemaker.io/monthly/en/GameMaker_Language/GML_Reference/UWP_And_XBox_Live/Users_And_Accounts/xboxlive_agegroup_for_user.htm
UWP_And_XBox_Live.Users_And_Accounts.xboxlive_agegroup_unknown	xboxlive_agegroup_unknown	constant	xboxlive_agegroup_unknown	https://manual.gamemaker.io/monthly/en/GameMaker_Language/GML_Reference/UWP_And_XBox_Live/Users_And_Accounts/xboxlive_agegroup_for_user.htm
UWP_And_XBox_Live.Users_And_Accounts.xboxlive_gamedisplayname_for_user	xboxlive_gamedisplayname_for_user	function	xboxlive_gamedisplayname_for_user(user_id);	https://manual.gamemaker.io/monthly/en/GameMaker_Language/GML_Reference/UWP_And_XBox_Live/Users_And_Accounts/xboxlive_gamedisplayname_for_user.htm
UWP_And_XBox_Live.Users_And_Accounts.xboxlive_gamerscore_for_user	xboxlive_gamerscore_for_user	function	xboxlive_gamerscore_for_user(user_id);	https://manual.gamemaker.io/monthly/en/GameMaker_Language/GML_Reference/UWP_And_XBox_Live/Users_And_Accounts/xboxlive_gamerscore_for_user.htm
UWP_And_XBox_Live.Users_And_Accounts.xboxlive_gamertag_for_user	xboxlive_gamertag_for_user	function	xboxlive_gamertag_for_user();	https://manual.gamemaker.io/monthly/en/GameMaker_Language/GML_Reference/UWP_And_XBox_Live/Users_And_Accounts/xboxlive_gamertag_for_user.htm
UWP_And_XBox_Live.Users_And_Accounts.xboxlive_generate_player_session_id	xboxlive_generate_player_session_id	function	xboxlive_generate_player_session_id();	https://manual.gamemaker.io/monthly/en/GameMaker_Language/GML_Reference/UWP_And_XBox_Live/Users_And_Accounts/xboxlive_generate_player_session_id.htm
UWP_And_XBox_Live.Users_And_Accounts.xboxlive_get_activating_user	xboxlive_get_activating_user	function	xboxlive_get_activating_user();	https://manual.gamemaker.io/monthly/en/GameMaker_Language/GML_Reference/UWP_And_XBox_Live/Users_And_Accounts/xboxlive_get_activating_user.htm
UWP_And_XBox_Live.Users_And_Accounts.xboxlive_get_user	xboxlive_get_user	function	xboxlive_get_user(index);	https://manual.gamemaker.io/monthly/en/GameMaker_Language/GML_Reference/UWP_And_XBox_Live/Users_And_Accounts/xboxlive_get_user.htm
UWP_And_XBox_Live.Users_And_Accounts.xboxlive_get_user_count	xboxlive_get_user_count	function	xboxlive_get_user_count();	https://manual.gamemaker.io/monthly/en/GameMaker_Language/GML_Reference/UWP_And_XBox_Live/Users_And_Accounts/xboxlive_get_user_count.htm
UWP_And_XBox_Live.Users_And_Accounts.xboxlive_pad_count_for_user	xboxlive_pad_count_for_user	function	xboxlive_pad_count_for_user(user_id, slot);	https://manual.gamemaker.io/monthly/en/GameMaker_Language/GML_Reference/UWP_And_XBox_Live/Users_And_Accounts/xboxlive_pad_count_for_user.htm
UWP_And_XBox_Live.Users_And_Accounts.xboxlive_pad_for_user	xboxlive_pad_for_user	function	xboxlive_pad_for_user(user_id, slot);	https://manual.gamemaker.io/monthly/en/GameMaker_Language/GML_Reference/UWP_And_XBox_Live/Users_And_Accounts/xboxlive_pad_for_user.htm
UWP_And_XBox_Live.Users_And_Accounts.xboxlive_reputation_for_user	xboxlive_reputation_for_user	function	xboxlive_reputation_for_user(requesting_user_id);	https://manual.gamemaker.io/monthly/en/GameMaker_Language/GML_Reference/UWP_And_XBox_Live/Users_And_Accounts/xboxlive_reputation_for_user.htm
UWP_And_XBox_Live.Users_And_Accounts.xboxlive_set_rich_presence	xboxlive_set_rich_presence	function	xboxlive_set_rich_presence(user_id, is_user_active, rich_presence_string, [service_config_id]);	https://manual.gamemaker.io/monthly/en/GameMaker_Language/GML_Reference/UWP_And_XBox_Live/Users_And_Accounts/xboxlive_set_rich_presence.htm
UWP_And_XBox_Live.Users_And_Accounts.xboxlive_show_account_picker	xboxlive_show_account_picker	function	xboxlive_show_account_picker();	https://manual.gamemaker.io/monthly/en/GameMaker_Language/GML_Reference/UWP_And_XBox_Live/Users_And_Accounts/xboxlive_show_account_picker.htm
UWP_And_XBox_Live.Users_And_Accounts.xboxlive_show_profile_card_for_user	xboxlive_show_profile_card_for_user	function	xboxlive_show_profile_card_for_user(requesting_user_id, target_user_id);	https://manual.gamemaker.io/monthly/en/GameMaker_Language/GML_Reference/UWP_And_XBox_Live/Users_And_Accounts/xboxlive_show_profile_card_for_user.htm
UWP_And_XBox_Live.Users_And_Accounts.xboxlive_sponsor_for_user	xboxlive_sponsor_for_user	function	xboxlive_sponsor_for_user(user_id);	https://manual.gamemaker.io/monthly/en/GameMaker_Language/GML_Reference/UWP_And_XBox_Live/Users_And_Accounts/xboxlive_sponsor_for_user.htm
UWP_And_XBox_Live.Users_And_Accounts.xboxlive_sprite_add_from_gamerpicture	xboxlive_sprite_add_from_gamerpicture	function	xboxlive_sprite_add_from_gamerpicture(user_id, imagesize, xorig, yorig);	https://manual.gamemaker.io/monthly/en/GameMaker_Language/GML_Reference/UWP_And_XBox_Live/Users_And_Accounts/xboxlive_sprite_add_from_gamerpicture.htm
UWP_And_XBox_Live.Users_And_Accounts.xboxlive_user_for_pad	xboxlive_user_for_pad	function	xboxlive_user_for_pad(pad_index);	https://manual.gamemaker.io/monthly/en/GameMaker_Language/GML_Reference/UWP_And_XBox_Live/Users_And_Accounts/xboxlive_user_for_pad.htm
UWP_And_XBox_Live.Users_And_Accounts.xboxlive_user_id_for_user	xboxlive_user_id_for_user	function	xboxlive_user_id_for_user(user_id);	https://manual.gamemaker.io/monthly/en/GameMaker_Language/GML_Reference/UWP_And_XBox_Live/Users_And_Accounts/xboxlive_user_id_for_user.htm
UWP_And_XBox_Live.Users_And_Accounts.xboxlive_user_is_active	xboxlive_user_is_active	function	xboxlive_user_is_active(user_id);	https://manual.gamemaker.io/monthly/en/GameMaker_Language/GML_Reference/UWP_And_XBox_Live/Users_And_Accounts/xboxlive_user_is_active.htm
UWP_And_XBox_Live.Users_And_Accounts.xboxlive_user_is_guest	xboxlive_user_is_guest	function	xboxlive_user_is_guest(user_id);	https://manual.gamemaker.io/monthly/en/GameMaker_Language/GML_Reference/UWP_And_XBox_Live/Users_And_Accounts/xboxlive_user_is_guest.htm
UWP_And_XBox_Live.Users_And_Accounts.xboxlive_user_is_remote	xboxlive_user_is_remote	function	xboxlive_user_is_remote(user_id);	https://manual.gamemaker.io/monthly/en/GameMaker_Language/GML_Reference/UWP_And_XBox_Live/Users_And_Accounts/xboxlive_user_is_remote.htm
UWP_And_XBox_Live.Users_And_Accounts.xboxlive_user_is_signed_in	xboxlive_user_is_signed_in	function	xboxlive_user_is_signed_in();	https://manual.gamemaker.io/monthly/en/GameMaker_Language/GML_Reference/UWP_And_XBox_Live/Users_And_Accounts/xboxlive_user_is_signed_in.htm
UWP_And_XBox_Live.Users_And_Accounts.xboxlive_user_is_signing_in	xboxlive_user_is_signing_in	function	xboxlive_user_is_signing_in();	https://manual.gamemaker.io/monthly/en/GameMaker_Language/GML_Reference/UWP_And_XBox_Live/Users_And_Accounts/xboxlive_user_is_signing_in.htm
Variable_Functions.array	array	unknown	undefined	https://manual.gamemaker.io/monthly/en/GameMaker_Language/GML_Reference/Variable_Functions/Array_Functions.htm
Variable_Functions.array_all	array_all	function	array_all(array, function, [offset], [length]);	https://manual.gamemaker.io/monthly/en/GameMaker_Language/GML_Reference/Variable_Functions/array_all.htm
Variable_Functions.array_any	array_any	function	array_any(array, function, [offset], [length]);	https://manual.gamemaker.io/monthly/en/GameMaker_Language/GML_Reference/Variable_Functions/array_any.htm
Variable_Functions.array_concat	array_concat	function	array_concat(array0, [array1, ... array_n]);	https://manual.gamemaker.io/monthly/en/GameMaker_Language/GML_Reference/Variable_Functions/array_concat.htm
Variable_Functions.array_contains	array_contains	function	array_contains(array, value, [offset], [length]);	https://manual.gamemaker.io/monthly/en/GameMaker_Language/GML_Reference/Variable_Functions/array_contains.htm
Variable_Functions.array_contains_ext	array_contains_ext	function	array_contains_ext(array, values, [matchAll], [offset], [length]);	https://manual.gamemaker.io/monthly/en/GameMaker_Language/GML_Reference/Variable_Functions/array_contains_ext.htm
Variable_Functions.array_copy	array_copy	function	array_copy(dest, dest_index, src, src_index, length);	https://manual.gamemaker.io/monthly/en/GameMaker_Language/GML_Reference/Variable_Functions/array_copy.htm
Variable_Functions.array_copy_while	array_copy_while	function	array_copy_while(array, function, [offset], [length]);	https://manual.gamemaker.io/monthly/en/GameMaker_Language/GML_Reference/Variable_Functions/array_copy_while.htm
Variable_Functions.array_create	array_create	function	array_create(size, [value]);	https://manual.gamemaker.io/monthly/en/GameMaker_Language/GML_Reference/Variable_Functions/array_create.htm
Variable_Functions.array_create_ext	array_create_ext	function	array_create_ext(size, function);	https://manual.gamemaker.io/monthly/en/GameMaker_Language/GML_Reference/Variable_Functions/array_create_ext.htm
Variable_Functions.array_delete	array_delete	function	array_delete(array, index, number);	https://manual.gamemaker.io/monthly/en/GameMaker_Language/GML_Reference/Variable_Functions/array_delete.htm
Variable_Functions.array_equals	array_equals	function	array_equals(var1, var2);	https://manual.gamemaker.io/monthly/en/GameMaker_Language/GML_Reference/Variable_Functions/array_equals.htm
Variable_Functions.array_filter	array_filter	function	array_filter(array, function, [offset], [length]);	https://manual.gamemaker.io/monthly/en/GameMaker_Language/GML_Reference/Variable_Functions/array_filter.htm
Variable_Functions.array_filter_ext	array_filter_ext	function	array_filter_ext(array, function, [offset], [length]);	https://manual.gamemaker.io/monthly/en/GameMaker_Language/GML_Reference/Variable_Functions/array_filter_ext.htm
Variable_Functions.array_find_index	array_find_index	function	array_find_index(array, function, [offset], [length]);	https://manual.gamemaker.io/monthly/en/GameMaker_Language/GML_Reference/Variable_Functions/array_find_index.htm
Variable_Functions.array_first	array_first	function	array_first(array);	https://manual.gamemaker.io/monthly/en/GameMaker_Language/GML_Reference/Variable_Functions/array_first.htm
Variable_Functions.array_foreach	array_foreach	function	array_foreach(array, function, [offset], [length]);	https://manual.gamemaker.io/monthly/en/GameMaker_Language/GML_Reference/Variable_Functions/array_foreach.htm
Variable_Functions.array_get	array_get	function	array_get(variable, index);	https://manual.gamemaker.io/monthly/en/GameMaker_Language/GML_Reference/Variable_Functions/array_get.htm
Variable_Functions.array_get_index	array_get_index	function	array_get_index(array, value, [offset], [length]);	https://manual.gamemaker.io/monthly/en/GameMaker_Language/GML_Reference/Variable_Functions/array_get_index.htm
Variable_Functions.array_insert	array_insert	function	array_insert(variable, index, value, [value], [value], [etc...]);	https://manual.gamemaker.io/monthly/en/GameMaker_Language/GML_Reference/Variable_Functions/array_insert.htm
Variable_Functions.array_intersection	array_intersection	function	array_intersection(array0, [array1, ... array_n]);	https://manual.gamemaker.io/monthly/en/GameMaker_Language/GML_Reference/Variable_Functions/array_intersection.htm
Variable_Functions.array_last	array_last	function	array_last(array);	https://manual.gamemaker.io/monthly/en/GameMaker_Language/GML_Reference/Variable_Functions/array_last.htm
Variable_Functions.array_length	array_length	function	array_length(array_index);	https://manual.gamemaker.io/monthly/en/GameMaker_Language/GML_Reference/Variable_Functions/array_length.htm
Variable_Functions.array_map	array_map	function	array_map(array, function, [offset], [length]);	https://manual.gamemaker.io/monthly/en/GameMaker_Language/GML_Reference/Variable_Functions/array_map.htm
Variable_Functions.array_map_ext	array_map_ext	function	array_map_ext(array, function, [offset], [length]);	https://manual.gamemaker.io/monthly/en/GameMaker_Language/GML_Reference/Variable_Functions/array_map_ext.htm
Variable_Functions.array_pop	array_pop	function	array_pop(array);	https://manual.gamemaker.io/monthly/en/GameMaker_Language/GML_Reference/Variable_Functions/array_pop.htm
Variable_Functions.array_push	array_push	function	array_push(variable, value, [value], [value], [etc...]);	https://manual.gamemaker.io/monthly/en/GameMaker_Language/GML_Reference/Variable_Functions/array_push.htm
Variable_Functions.array_reduce	array_reduce	function	array_reduce(array, function, [init], [offset], [length]);	https://manual.gamemaker.io/monthly/en/GameMaker_Language/GML_Reference/Variable_Functions/array_reduce.htm
Variable_Functions.array_resize	array_resize	function	array_resize(my_array[0], 10); array_resize(my_array[1], 22);	https://manual.gamemaker.io/monthly/en/GameMaker_Language/GML_Reference/Variable_Functions/array_resize.htm
Variable_Functions.array_reverse	array_reverse	function	array_reverse(array, [offset], [length]);	https://manual.gamemaker.io/monthly/en/GameMaker_Language/GML_Reference/Variable_Functions/array_reverse.htm
Variable_Functions.array_reverse_ext	array_reverse_ext	function	array_reverse_ext(array, [offset], [length]);	https://manual.gamemaker.io/monthly/en/GameMaker_Language/GML_Reference/Variable_Functions/array_reverse_ext.htm
Variable_Functions.array_set	array_set	function	array_set(variable, index, value);	https://manual.gamemaker.io/monthly/en/GameMaker_Language/GML_Reference/Variable_Functions/array_set.htm
Variable_Functions.array_shift	array_shift	function	array_shift(array);	https://manual.gamemaker.io/monthly/en/GameMaker_Language/GML_Reference/Variable_Functions/array_shift.htm
Variable_Functions.array_shuffle	array_shuffle	function	array_shuffle(array, [offset], [length]);	https://manual.gamemaker.io/monthly/en/GameMaker_Language/GML_Reference/Variable_Functions/array_shuffle.htm
Variable_Functions.array_shuffle_ext	array_shuffle_ext	function	array_shuffle_ext(array, [offset], [length]);	https://manual.gamemaker.io/monthly/en/GameMaker_Language/GML_Reference/Variable_Functions/array_shuffle_ext.htm
Variable_Functions.array_sort	array_sort	function	array_sort(variable, sorttype_or_function);	https://manual.gamemaker.io/monthly/en/GameMaker_Language/GML_Reference/Variable_Functions/array_sort.htm
Variable_Functions.array_union	array_union	function	array_union(array0, [array1, ... array_n]);	https://manual.gamemaker.io/monthly/en/GameMaker_Language/GML_Reference/Variable_Functions/array_union.htm
Variable_Functions.array_unique	array_unique	function	array_unique(array, [offset], [length]);	https://manual.gamemaker.io/monthly/en/GameMaker_Language/GML_Reference/Variable_Functions/array_unique.htm
Variable_Functions.array_unique_ext	array_unique_ext	function	array_unique_ext(array, [offset], [length]);	https://manual.gamemaker.io/monthly/en/GameMaker_Language/GML_Reference/Variable_Functions/array_unique_ext.htm
Variable_Functions.bool	bool	function	bool(n);	https://manual.gamemaker.io/monthly/en/GameMaker_Language/GML_Reference/Variable_Functions/bool.htm
Variable_Functions.functions	functions	unknown	undefined	https://manual.gamemaker.io/monthly/en/GameMaker_Language/GML_Reference/Variable_Functions/Array_Functions.htm
Variable_Functions.handle_parse	handle_parse	function	handle_parse(value_string);	https://manual.gamemaker.io/monthly/en/GameMaker_Language/GML_Reference/Variable_Functions/handle.htm
Variable_Functions.instanceof	instanceof	function	instanceof(struct_id);	https://manual.gamemaker.io/monthly/en/GameMaker_Language/GML_Reference/Variable_Functions/instanceof.htm
Variable_Functions.int64	int64	function	int64(val);	https://manual.gamemaker.io/monthly/en/GameMaker_Language/GML_Reference/Variable_Functions/int64.htm
Variable_Functions.is_array	is_array	function	is_array(n);	https://manual.gamemaker.io/monthly/en/GameMaker_Language/GML_Reference/Variable_Functions/is_array.htm
Variable_Functions.is_bool	is_bool	function	is_bool(n);	https://manual.gamemaker.io/monthly/en/GameMaker_Language/GML_Reference/Variable_Functions/is_bool.htm
Variable_Functions.is_callable	is_callable	function	is_callable(n);	https://manual.gamemaker.io/monthly/en/GameMaker_Language/GML_Reference/Variable_Functions/is_callable.htm
Variable_Functions.is_handle	is_handle	function	is_handle(val);	https://manual.gamemaker.io/monthly/en/GameMaker_Language/GML_Reference/Variable_Functions/is_handle.htm
Variable_Functions.is_infinity	is_infinity	function	is_infinity(n);	https://manual.gamemaker.io/monthly/en/GameMaker_Language/GML_Reference/Variable_Functions/is_infinity.htm
Variable_Functions.is_instanceof	is_instanceof	function	is_instanceof(struct, constructor_name);	https://manual.gamemaker.io/monthly/en/GameMaker_Language/GML_Reference/Variable_Functions/is_instanceof.htm
Variable_Functions.is_int32	is_int32	function	is_int32(n);	https://manual.gamemaker.io/monthly/en/GameMaker_Language/GML_Reference/Variable_Functions/is_int32.htm
Variable_Functions.is_int64	is_int64	function	is_int64(n);	https://manual.gamemaker.io/monthly/en/GameMaker_Language/GML_Reference/Variable_Functions/is_int64.htm
Variable_Functions.is_method	is_method	function	is_method(n);	https://manual.gamemaker.io/monthly/en/GameMaker_Language/GML_Reference/Variable_Functions/is_method.htm
Variable_Functions.is_nan	is_nan	function	is_nan(n);	https://manual.gamemaker.io/monthly/en/GameMaker_Language/GML_Reference/Variable_Functions/is_nan.htm
Variable_Functions.is_numeric	is_numeric	function	is_numeric(n);	https://manual.gamemaker.io/monthly/en/GameMaker_Language/GML_Reference/Variable_Functions/is_numeric.htm
Variable_Functions.is_ptr	is_ptr	function	is_ptr(n);	https://manual.gamemaker.io/monthly/en/GameMaker_Language/GML_Reference/Variable_Functions/is_ptr.htm
Variable_Functions.is_real	is_real	function	is_real(n);	https://manual.gamemaker.io/monthly/en/GameMaker_Language/GML_Reference/Variable_Functions/is_real.htm
Variable_Functions.is_string	is_string	function	is_string(n);	https://manual.gamemaker.io/monthly/en/GameMaker_Language/GML_Reference/Variable_Functions/is_string.htm
Variable_Functions.is_struct	is_struct	function	is_struct(val);	https://manual.gamemaker.io/monthly/en/GameMaker_Language/GML_Reference/Variable_Functions/is_struct.htm
Variable_Functions.is_undefined	is_undefined	function	is_undefined(n);	https://manual.gamemaker.io/monthly/en/GameMaker_Language/GML_Reference/Variable_Functions/is_undefined.htm
Variable_Functions.method	method	function	method(struct_ref_or_instance_id, func);	https://manual.gamemaker.io/monthly/en/GameMaker_Language/GML_Reference/Variable_Functions/method.htm
Variable_Functions.method_call	method_call	function	method_call(method, array_args, [offset], [num_args]);	https://manual.gamemaker.io/monthly/en/GameMaker_Language/GML_Reference/Variable_Functions/method_call.htm
Variable_Functions.method_get_index	method_get_index	function	method_get_index(method);	https://manual.gamemaker.io/monthly/en/GameMaker_Language/GML_Reference/Variable_Functions/method_get_index.htm
Variable_Functions.method_get_self	method_get_self	function	method_get_self(method);	https://manual.gamemaker.io/monthly/en/GameMaker_Language/GML_Reference/Variable_Functions/method_get_self.htm
Variable_Functions.nameof	nameof	function	nameof(name);	https://manual.gamemaker.io/monthly/en/GameMaker_Language/GML_Reference/Variable_Functions/nameof.htm
Variable_Functions.ptr	ptr	function	ptr(n);	https://manual.gamemaker.io/monthly/en/GameMaker_Language/GML_Reference/Variable_Functions/ptr.htm
Variable_Functions.static_get	static_get	function	static_get(struct_or_func_name);	https://manual.gamemaker.io/monthly/en/GameMaker_Language/GML_Reference/Variable_Functions/static_get.htm
Variable_Functions.static_set	static_set	function	static_set(struct, static_struct);	https://manual.gamemaker.io/monthly/en/GameMaker_Language/GML_Reference/Variable_Functions/static_set.htm
Variable_Functions.struct_exists	struct_exists	function	struct_exists(struct, name);	https://manual.gamemaker.io/monthly/en/GameMaker_Language/GML_Reference/Variable_Functions/variable_struct_exists.htm
Variable_Functions.struct_exists_from_hash	struct_exists_from_hash	function	struct_exists_from_hash(struct, hash)	https://manual.gamemaker.io/monthly/en/GameMaker_Language/GML_Reference/Variable_Functions/struct_exists_from_hash.htm
Variable_Functions.struct_foreach	struct_foreach	function	struct_foreach(struct, func);	https://manual.gamemaker.io/monthly/en/GameMaker_Language/GML_Reference/Variable_Functions/struct_foreach.htm
Variable_Functions.struct_get	struct_get	function	struct_get(struct, name);	https://manual.gamemaker.io/monthly/en/GameMaker_Language/GML_Reference/Variable_Functions/variable_struct_get.htm
Variable_Functions.struct_get_from_hash	struct_get_from_hash	function	struct_get_from_hash(struct, hash)	https://manual.gamemaker.io/monthly/en/GameMaker_Language/GML_Reference/Variable_Functions/struct_get_from_hash.htm
Variable_Functions.struct_get_names	struct_get_names	function	struct_get_names(struct);	https://manual.gamemaker.io/monthly/en/GameMaker_Language/GML_Reference/Variable_Functions/variable_struct_get_names.htm
Variable_Functions.struct_names_count	struct_names_count	function	struct_names_count(struct_id);	https://manual.gamemaker.io/monthly/en/GameMaker_Language/GML_Reference/Variable_Functions/variable_struct_names_count.htm
Variable_Functions.struct_remove	struct_remove	function	struct_remove(struct, name);	https://manual.gamemaker.io/monthly/en/GameMaker_Language/GML_Reference/Variable_Functions/variable_struct_remove.htm
Variable_Functions.struct_remove_from_hash	struct_remove_from_hash	function	struct_remove_from_hash(struct, hash);	https://manual.gamemaker.io/monthly/en/GameMaker_Language/GML_Reference/Variable_Functions/struct_remove_from_hash.htm
Variable_Functions.struct_set	struct_set	function	struct_set(struct, name, val);	https://manual.gamemaker.io/monthly/en/GameMaker_Language/GML_Reference/Variable_Functions/variable_struct_set.htm
Variable_Functions.struct_set_from_hash	struct_set_from_hash	function	struct_set_from_hash(struct, hash, val);	https://manual.gamemaker.io/monthly/en/GameMaker_Language/GML_Reference/Variable_Functions/struct_set_from_hash.htm
Variable_Functions.typeof	typeof	function	typeof(variable);	https://manual.gamemaker.io/monthly/en/GameMaker_Language/GML_Reference/Variable_Functions/typeof.htm
Variable_Functions.variable_clone	variable_clone	function	variable_clone(value[, depth]);	https://manual.gamemaker.io/monthly/en/GameMaker_Language/GML_Reference/Variable_Functions/variable_clone.htm
Variable_Functions.variable_get_hash	variable_get_hash	function	variable_get_hash(name)	https://manual.gamemaker.io/monthly/en/GameMaker_Language/GML_Reference/Variable_Functions/variable_get_hash.htm
Variable_Functions.variable_global_exists	variable_global_exists	function	variable_global_exists(name);	https://manual.gamemaker.io/monthly/en/GameMaker_Language/GML_Reference/Variable_Functions/variable_global_exists.htm
Variable_Functions.variable_global_get	variable_global_get	function	variable_global_get(name);	https://manual.gamemaker.io/monthly/en/GameMaker_Language/GML_Reference/Variable_Functions/variable_global_get.htm
Variable_Functions.variable_global_set	variable_global_set	function	variable_global_set(name, val);	https://manual.gamemaker.io/monthly/en/GameMaker_Language/GML_Reference/Variable_Functions/variable_global_set.htm
Variable_Functions.variable_instance_exists	variable_instance_exists	function	variable_instance_exists(instance_id, name);	https://manual.gamemaker.io/monthly/en/GameMaker_Language/GML_Reference/Variable_Functions/variable_instance_exists.htm
Variable_Functions.variable_instance_get	variable_instance_get	function	variable_instance_get(instance_id, name);	https://manual.gamemaker.io/monthly/en/GameMaker_Language/GML_Reference/Variable_Functions/variable_instance_get.htm
Variable_Functions.variable_instance_get_names	variable_instance_get_names	function	variable_instance_get_names(instance_id/global);	https://manual.gamemaker.io/monthly/en/GameMaker_Language/GML_Reference/Variable_Functions/variable_instance_get_names.htm
Variable_Functions.variable_instance_names_count	variable_instance_names_count	function	variable_instance_names_count(instance_id);	https://manual.gamemaker.io/monthly/en/GameMaker_Language/GML_Reference/Variable_Functions/variable_instance_names_count.htm
Variable_Functions.variable_instance_set	variable_instance_set	function	variable_instance_set(instance_id, name, val);	https://manual.gamemaker.io/monthly/en/GameMaker_Language/GML_Reference/Variable_Functions/variable_instance_set.htm
Variable_Functions.variable_struct_exists	variable_struct_exists	unknown	undefined	https://manual.gamemaker.io/monthly/en/GameMaker_Language/GML_Reference/Variable_Functions/variable_struct_exists.htm
Variable_Functions.variable_struct_get	variable_struct_get	unknown	undefined	https://manual.gamemaker.io/monthly/en/GameMaker_Language/GML_Reference/Variable_Functions/variable_struct_get.htm
Variable_Functions.variable_struct_get_names	variable_struct_get_names	unknown	undefined	https://manual.gamemaker.io/monthly/en/GameMaker_Language/GML_Reference/Variable_Functions/variable_struct_get_names.htm
Variable_Functions.variable_struct_names_count	variable_struct_names_count	unknown	undefined	https://manual.gamemaker.io/monthly/en/GameMaker_Language/GML_Reference/Variable_Functions/variable_struct_names_count.htm
Variable_Functions.variable_struct_remove	variable_struct_remove	unknown	undefined	https://manual.gamemaker.io/monthly/en/GameMaker_Language/GML_Reference/Variable_Functions/variable_struct_remove.htm
Variable_Functions.variable_struct_set	variable_struct_set	unknown	undefined	https://manual.gamemaker.io/monthly/en/GameMaker_Language/GML_Reference/Variable_Functions/variable_struct_set.htm
Web_And_HTML5.analytics_event	analytics_event	function	analytics_event(string);	https://manual.gamemaker.io/monthly/en/GameMaker_Language/GML_Reference/Web_And_HTML5/analytics_event.htm
Web_And_HTML5.analytics_event_ext	analytics_event_ext	function	analytics_event_ext(string, string_param, value);	https://manual.gamemaker.io/monthly/en/GameMaker_Language/GML_Reference/Web_And_HTML5/analytics_event_ext.htm
Web_And_HTML5.browser_height	browser_height	variable	browser_height	https://manual.gamemaker.io/monthly/en/GameMaker_Language/GML_Reference/Web_And_HTML5/browser_height.htm
Web_And_HTML5.browser_input_capture	browser_input_capture	function	browser_input_capture(enable);	https://manual.gamemaker.io/monthly/en/GameMaker_Language/GML_Reference/Web_And_HTML5/browser_input_capture.htm
Web_And_HTML5.browser_width	browser_width	variable	browser_width	https://manual.gamemaker.io/monthly/en/GameMaker_Language/GML_Reference/Web_And_HTML5/browser_width.htm
Web_And_HTML5.clickable_add	clickable_add	function	clickable_add(x, y, tpe, url, target, params);	https://manual.gamemaker.io/monthly/en/GameMaker_Language/GML_Reference/Web_And_HTML5/clickable_add.htm
Web_And_HTML5.clickable_add_ext	clickable_add_ext	function	clickable_add_ext(x, y, tpe, url, target, params, alpha, scale);	https://manual.gamemaker.io/monthly/en/GameMaker_Language/GML_Reference/Web_And_HTML5/clickable_add_ext.htm
Web_And_HTML5.clickable_change	clickable_change	function	clickable_change(index, tpe, x, y)	https://manual.gamemaker.io/monthly/en/GameMaker_Language/GML_Reference/Web_And_HTML5/clickable_change.htm
Web_And_HTML5.clickable_change_ext	clickable_change_ext	function	clickable_change_ext(index, tpe, x, y, alpha, scale)	https://manual.gamemaker.io/monthly/en/GameMaker_Language/GML_Reference/Web_And_HTML5/clickable_change_ext.htm
Web_And_HTML5.clickable_delete	clickable_delete	function	clickable_delete(index);	https://manual.gamemaker.io/monthly/en/GameMaker_Language/GML_Reference/Web_And_HTML5/clickable_delete.htm
Web_And_HTML5.clickable_exists	clickable_exists	function	clickable_exists(index);	https://manual.gamemaker.io/monthly/en/GameMaker_Language/GML_Reference/Web_And_HTML5/clickable_exists.htm
Web_And_HTML5.clickable_set_style	clickable_set_style	function	clickable_set_style(index, map)	https://manual.gamemaker.io/monthly/en/GameMaker_Language/GML_Reference/Web_And_HTML5/clickable_set_style.htm
Web_And_HTML5.url_get_domain	url_get_domain	function	url_get_domain();	https://manual.gamemaker.io/monthly/en/GameMaker_Language/GML_Reference/Web_And_HTML5/url_get_domain.htm
Web_And_HTML5.url_open	url_open	function	url_open(url);	https://manual.gamemaker.io/monthly/en/GameMaker_Language/GML_Reference/Web_And_HTML5/url_open.htm
Web_And_HTML5.url_open_ext	url_open_ext	function	url_open_ext(url, target);	https://manual.gamemaker.io/monthly/en/GameMaker_Language/GML_Reference/Web_And_HTML5/url_open_ext.htm
Web_And_HTML5.url_open_full	url_open_full	function	url_open_full(url, target, options);	https://manual.gamemaker.io/monthly/en/GameMaker_Language/GML_Reference/Web_And_HTML5/url_open_full.htm
Web_And_HTML5.webgl_enabled	webgl_enabled	variable	webgl_enabled	https://manual.gamemaker.io/monthly/en/GameMaker_Language/GML_Reference/Web_And_HTML5/webgl_enabled.htm
